CAS;ntrip.data.gnss.ga.gov.au;443;GA NTRIP;GA;0;AUS;-35.3400;149.1800;0;0;https://gnss.ga.gov.au
NET;CORS;GA;B;N;https://gnss.ga.gov.au/network;https://gws.geodesy.ga.gov.au/skeletonFiles/;https://gnss.ga.gov.au/stream;
NET;IGS;IGS;B;N;https://igs.bkg.bund.de/root_ftp/NTRIP/streams/streamlist_igs-ip.htm;https://igs.bkg.bund.de:443/root_ftp/MGEX/station/rnxskl/;http://register.rtcm-ntrip.org;
STR;ALBY00AUS0;Albany (WA);RTCM 3.3;1006(10),1013(10),1019(60),1020(60),1033(10),1042(60),1044(60),1046(60),1077(1),1087(1),1097(1),1117(1),1127(1),1230(10);2;GPS+GLO+GAL+BDS+QZS;CORS;AUS;-34.9502;117.8102;0;0;SEPT POLARX5;none;B;N;9600;ARGN
STR;ALIC00AUS0;Alice Springs (NT);RTCM 3.3;1006(10),1013(10),1019(60),1020(60),1033(10),1042(60),1044(60),1046(60),1077(1),1087(1),1097(1),1117(1),1127(1),1230(10);2;GPS+GLO+GAL+BDS+QZS;CORS;AUS;-23.6701;133.8855;0;0;SEPT POLARX5;none;B;N;9600;ARGN
STR;ANDA00AUS0;Andamooka (SA);RTCM 3.3;1006(10),1013(10),1019(60),1020(60),1033(10),1042(60),1044(60),1046(60),1077(1),1087(1),1097(1),1117(1),1127(1),1230(10);2;GPS+GLO+GAL+BDS+QZS;CORS;AUS;-30.4533;137.1601;0;0;LEICA GR30;none;B;N;9600;ARGN
STR;APYL00AUS0;Umuwa Kaltjiti (SA);RTCM 3.3;1006(10),1013(10),1019(60),1020(60),1033(10),1042(60),1044(60),1046(60),1077(1),1087(1),1097(1),1117(1),1127(1),1230(10);2;GPS+GLO+GAL+BDS+QZS;CORS;AUS;-26.7830;132.0198;0;0;SEPT POLARX5;none;B;N;9600;ARGN
STR;ARMC00AUS0;Aramac (QLD);RTCM 3.3;1006(10),1013(10),1019(60),1020(60),1033(10),1042(60),1044(60),1046(60),1077(1),1087(1),1097(1),1117(1),1127(1),1230(10);2;GPS+GLO+GAL+BDS+QZS;CORS;AUS;-22.9568;145.2455;0;0;TRIMBLE NETR9;none;B;N;9600;ARGN
STR;ARUB00AUS0;Arubiddy (WA);RTCM 3.3;1006(10),1013(10),1019(60),1020(60),1033(10),1042(60),1044(60),1046(60),1077(1),1087(1),1097(1),1117(1),1127(1),1230(10);2;GPS+GLO+GAL+BDS+QZS;CORS;AUS;-31.8091;125.9243;0;0;SEPT POLARX5;none;B;N;9600;ARGN
STR;BALA00AUS0;Baladonia (WA);RTCM 3.3;1006(10),1013(10),1019(60),1020(60),1033(10),1042(60),1044(60),1046(60),1077(1),1087(1),1097(1),1117(1),1127(1),1230(10);2;GPS+GLO+GAL+BDS+QZS;CORS;AUS;-32.4608;123.8680;0;0;TRIMBLE NETR9;none;B;N;9600;ARGN
STR;BBOO00AUS0;Buckleboo (SA);RTCM 3.3;1006(10),1013(10),1019(60),1020(60),1033(10),1042(60),1044(60),1046(60),1077(1),1087(1),1097(1),1117(1),1127(1),1230(10);2;GPS+GLO+GAL+BDS+QZS;CORS;AUS;-32.8104;136.0587;0;0;LEICA GR30;none;B;N;9600;ARGN
STR;BDLE00AUS0;Bairnsdale (VIC);RTCM 3.3;1006(10),1013(10),1019(60),1020(60),1033(10),1042(60),1044(60),1046(60),1077(1),1087(1),1097(1),1117(1),1127(1),1230(10);2;GPS+GLO+GAL+BDS+QZS;CORS;AUS;-37.7500;147.6500;0;0;TRIMBLE ALLOY;none;B;Y;300;ARGN
STR;BDVL00AUS0;Birdsville (QLD);RTCM 3.3;1006(10),1013(10),1019(60),1020(60),1033(10),1042(60),1044(60),1046(60),1077(1),1087(1),1097(1),1117(1),1127(1),1230(10);2;GPS+GLO+GAL+BDS+QZS;CORS;AUS;-25.9004;139.3479;0;0;TRIMBLE NETR9;none;B;N;9600;ARGN
STR;BEEC00AUS0;Beechworth (VIC);RTCM 3.3;1006(10),1013(10),1019(60),1020(60),1033(10),1042(60),1044(60),1046(60),1077(1),1087(1),1097(1),1117(1),1127(1),1230(10);2;GPS+GLO+GAL+BDS+QZS;CORS;AUS;-36.3400;146.6700;0;0;TRIMBLE ALLOY;none;B;N;9600;ARGN
STR;BLGO00AUS0;Balgo (WA);RTCM 3.3;1006(10),1013(10),1019(60),1020(60),1033(10),1042(60),1044(60),1046(60),1077(1),1087(1),1097(1),1117(1),1127(1),1230(10);2;GPS+GLO+GAL+BDS+QZS;CORS;AUS;-20.1481;127.9753;0;0;SEPT POLARX5;none;B;N;9600;ARGN
STR;BMAN00AUS0;Blinman (SA);RTCM 3.3;1006(10),1013(10),1019(60),1020(60),1033(10),1042(60),1044(60),1046(60),1077(1),1087(1),1097(1),1117(1),1127(1),1230(10);2;GPS+GLO+GAL+BDS+QZS;CORS;AUS;-31.1063;138.7070;0;0;TRIMBLE NETR9;none;B;N;9600;ARGN
STR;BNDY00AUS0;Bundaberg (QLD);RTCM 3.3;1006(10),1013(10),1019(60),1020(60),1033(10),1042(60),1044(60),1046(60),1077(1),1087(1),1097(1),1117(1),1127(1),1230(10);2;GPS+GLO+GAL+BDS+QZS;CORS;AUS;-24.9082;152.3210;0;0;TRIMBLE ALLOY;none;B;N;9600;ARGN
STR;BRLA00AUS0;Borroloola (NT);RTCM 3.3;1006(10),1013(10),1019(60),1020(60),1033(10),1042(60),1044(60),1046(60),1077(1),1087(1),1097(1),1117(1),1127(1),1230(10);2;GPS+GLO+GAL+BDS+QZS;CORS;AUS;-16.0545;136.3023;0;0;SEPT POLARX5;none;B;N;9600;ARGN
STR;BRO100AUS0;Broome (WA);RTCM 3.3;1006(10),1013(10),1019(60),1020(60),1033(10),1042(60),1044(60),1046(60),1077(1),1087(1),1097(1),1117(1),1127(1),1230(10);2;GPS+GLO+GAL+BDS+QZS;CORS;AUS;-18.0040;122.2091;0;0;TRIMBLE NETR9;none;B;N;9600;ARGN
STR;BROC00AUS0;Bald Rock (VIC);RTCM 3.3;1006(10),1013(10),1019(60),1020(60),1033(10),1042(60),1044(60),1046(60),1077(1),1087(1),1097(1),1117(1),1127(1),1230(10);2;GPS+GLO+GAL+BDS+QZS;CORS;AUS;-36.0300;144.2000;0;0;TRIMBLE ALLOY;none;B;N;9600;ARGN
STR;BULA00AUS0;Boulia (QLD);RTCM 3.3;1006(10),1013(10),1019(60),1020(60),1033(10),1042(60),1044(60),1046(60),1077(1),1087(1),1097(1),1117(1),1127(1),1230(10);2;GPS+GLO+GAL+BDS+QZS;CORS;AUS;-22.9135;139.9031;0;0;SEPT POLARX5;none;B;N;9600;ARGN
STR;BUR200AUS0;Burnie (TAS);RTCM 3.3;1006(10),1013(10),1019(60),1020(60),1033(10),1042(60),1044(60),1046(60),1077(1),1087(1),1097(1),1117(1),1127(1),1230(10);2;GPS+GLO+GAL+BDS+QZS;CORS;AUS;-41.0501;145.9149;0;0;SEPT POLARX5;none;B;N;9600;ARGN
STR;BURA00AUS0;Burakin (WA);RTCM 3.3;1006(10),1013(10),1019(60),1020(60),1033(10),1042(60),1044(60),1046(60),1077(1),1087(1),1097(1),1117(1),1127(1),1230(10);2;GPS+GLO+GAL+BDS+QZS;CORS;AUS;-30.5255;117.1746;0;0;TRIMBLE NETR9;none;B;N;9600;ARGN
STR;CAS100ATA0;Casey Station;RTCM 3.3;1006(10),1013(10),1019(60),1020(60),1033(10),1042(60),1044(60),1046(60),1077(1),1087(1),1097(1),1117(1),1127(1),1230(10);2;GPS+GLO+GAL+BDS+QZS;CORS;ATA;-66.2834;110.5197;0;0;TRIMBLE ALLOY;none;B;N;9600;ARGN
STR;CBLA00AUS0;Columboola (QLD);RTCM 3.3;1006(10),1013(10),1019(60),1020(60),1033(10),1042(60),1044(60),1046(60),1077(1),1087(1),1097(1),1117(1),1127(1),1230(10);2;GPS+GLO+GAL+BDS+QZS;CORS;AUS;-26.6713;150.3404;0;0;TRIMBLE ALLOY;none;B;N;9600;ARGN
STR;CCPL00AUS0;Cecil Plains (QLD);RTCM 3.2;1006(10),1013(10),1019(60),1020(60),1033(10),1042(60),1044(60),1046(60),1077(1),1087(1),1097(1),1117(1),1127(1),1230(10);2;GPS+GLO+GAL+BDS+QZS;CORS;AUS;-27.5347;151.1998;0;0;TRIMBLE ALLOY;none;B;N;9600;ARGN
STR;CEDU00AUS0;Ceduna (SA);RTCM 3.3;1006(10),1013(10),1019(60),1020(60),1033(10),1042(60),1044(60),1046(60),1077(1),1087(1),1097(1),1117(1),1127(1),1230(10);2;GPS+GLO+GAL+BDS+QZS;CORS;AUS;-31.8667;133.8098;0;0;SEPT POLARX5;none;B;N;9600;ARGN
STR;CNGE00AUS0;Carnegie Stn (WA);RTCM 3.3;1006(10),1013(10),1019(60),1020(60),1033(10),1042(60),1044(60),1046(60),1077(1),1087(1),1097(1),1117(1),1127(1),1230(10);2;GPS+GLO+GAL+BDS+QZS;CORS;AUS;-25.8003;122.9429;0;0;TRIMBLE ALLOY;none;B;N;9600;ARGN
STR;CNVN00AUS0;Carnarvon (WA);RTCM 3.3;1006(10),1013(10),1019(60),1020(60),1033(10),1042(60),1044(60),1046(60),1077(1),1087(1),1097(1),1117(1),1127(1),1230(10);2;GPS+GLO+GAL+BDS+QZS;CORS;AUS;-24.8836;113.6703;0;0;TRIMBLE ALLOY;none;B;N;9600;ARGN
STR;CTWR00AUS0;Charters Towers (QLD);RTCM 3.3;1006(10),1013(10),1019(60),1020(60),1033(10),1042(60),1044(60),1046(60),1077(1),1087(1),1097(1),1117(1),1127(1),1230(10);2;GPS+GLO+GAL+BDS+QZS;CORS;AUS;-20.0874;146.2498;0;0;SEPT POLARX5;none;B;N;9600;ARGN
STR;COCO00AUS0;Cocos Island (WA);RTCM 3.3;1006(10),1013(10),1019(60),1020(60),1033(10),1042(60),1044(60),1046(60),1077(1),1087(1),1097(1),1117(1),1127(1),1230(10);2;GPS+GLO+GAL+BDS+QZS;CORS;AUS;-12.1883;96.8339;0;0;SEPT POLARX5;none;B;N;9600;ARGN
STR;COEN00AUS0;Coen (QLD);RTCM 3.3;1006(10),1013(10),1019(60),1020(60),1033(10),1042(60),1044(60),1046(60),1077(1),1087(1),1097(1),1117(1),1127(1),1230(10);2;GPS+GLO+GAL+BDS+QZS;CORS;AUS;-13.9588;143.1767;0;0;SEPT POLARX5;none;B;N;9600;ARGN
STR;COOB00AUS0;Coober Pedy (SA);RTCM 3.3;1006(10),1013(10),1019(60),1020(60),1033(10),1042(60),1044(60),1046(60),1077(1),1087(1),1097(1),1117(1),1127(1),1230(10);2;GPS+GLO+GAL+BDS+QZS;CORS;AUS;-29.0347;134.7226;0;0;LEICA GR30;none;B;N;9600;ARGN
STR;COOL00AUS0;Cooladdi (QLD);RTCM 3.3;1006(10),1013(10),1019(60),1020(60),1033(10),1042(60),1044(60),1046(60),1077(1),1087(1),1097(1),1117(1),1127(1),1230(10);2;GPS+GLO+GAL+BDS+QZS;CORS;AUS;-26.7421;145.6803;0;0;SEPT POLARX5;none;B;N;9600;ARGN
STR;DARH00AUS0;Darwin (NT);RTCM 3.3;1006(10),1013(10),1019(60),1020(60),1033(10),1042(60),1044(60),1046(60),1077(1),1087(1),1097(1),1117(1),1127(1),1230(10);2;GPS+GLO+GAL+BDS+QZS;CORS;AUS;-12.3559;130.8817;0;0;TRIMBLE ALLOY;none;B;N;9600;ARGN
STR;DARW00AUS0;Manton Dam (NT);RTCM 3.3;1006(10),1013(10),1019(60),1020(60),1033(10),1042(60),1044(60),1046(60),1077(1),1087(1),1097(1),1117(1),1127(1),1230(10);2;GPS+GLO+GAL+BDS+QZS;CORS;AUS;-12.8437;131.1327;0;0;SEPT POLARX5;none;B;N;9600;ARGN
STR;DAV100ATA0;Davis Station;RTCM 3.3;1006(10),1013(10),1019(60),1020(60),1033(10),1042(60),1044(60),1046(60),1077(1),1087(1),1097(1),1117(1),1127(1),1230(10);2;GPS+GLO+GAL+BDS+QZS;CORS;ATA;-68.5773;77.9726;0;0;SEPT POLARX5;none;B;N;9600;ARGN
STR;DGEE00AUS0;Doomagee (QLD);RTCM 3.3;1006(10),1013(10),1019(60),1020(60),1033(10),1042(60),1044(60),1046(60),1077(1),1087(1),1097(1),1117(1),1127(1),1230(10);2;GPS+GLO+GAL+BDS+QZS;CORS;AUS;-17.0940;138.8222;0;0;TRIMBLE ALLOY;none;B;N;9600;ARGN
STR;DERB00AUS0;Derby (TAS);RTCM 3.3;1006(10),1013(10),1019(60),1020(60),1033(10),1042(60),1044(60),1046(60),1077(1),1087(1),1097(1),1117(1),1127(1),1230(10);2;GPS+GLO+GAL+BDS+QZS;CORS;AUS;-41.1160;147.7813;0;0;TRIMBLE ALLOY;none;B;N;9600;ARGN
STR;DIRA00AUS0;Dirranbandi (QLD);RTCM 3.3;1006(10),1013(10),1019(60),1020(60),1033(10),1042(60),1044(60),1046(60),1077(1),1087(1),1097(1),1117(1),1127(1),1230(10);2;GPS+GLO+GAL+BDS+QZS;CORS;AUS;-28.5804;148.2358;0;0;SEPT POLARX5;none;B;N;9600;ARGN
STR;DODA00AUS0;Douglas Daly (NT);RTCM 3.3;1006(10),1013(10),1019(60),1020(60),1033(10),1042(60),1044(60),1046(60),1077(1),1087(1),1097(1),1117(1),1127(1),1230(10);2;GPS+GLO+GAL+BDS+QZS;CORS;AUS;-13.8346;131.1868;0;0;SEPT POLARX5;none;B;N;9600;ARGN
STR;EDS100AUS0;Eidsvold (QLD);RTCM 3.3;1006(10),1013(10),1019(60),1020(60),1033(10),1042(60),1044(60),1046(60),1077(1),1087(1),1097(1),1117(1),1127(1),1230(10);2;GPS+GLO+GAL+BDS+QZS;CORS;AUS;-25.3759;151.1198;0;0;SEPT POLARX5;none;B;N;9600;ARGN
STR;EDSV00AUS0;Eidsvold (QLD);RTCM 3.3;1006(10),1013(10),1019(60),1020(60),1033(10),1042(60),1044(60),1046(60),1077(1),1087(1),1097(1),1117(1),1127(1),1230(10);2;GPS+GLO+GAL+BDS+QZS;CORS;AUS;-25.3758;151.1198;0;0;TRIMBLE NETR9;none;B;N;9600;ARGN
STR;ERMG00AUS0;Eromanga (QLD);RTCM 3.3;1006(10),1013(10),1019(60),1020(60),1033(10),1042(60),1044(60),1046(60),1077(1),1087(1),1097(1),1117(1),1127(1),1230(10);2;GPS+GLO+GAL+BDS+QZS;CORS;AUS;-26.7122;143.2623;0;0;TRIMBLE NETR9;none;B;N;9600;ARGN
STR;ESPA00AUS0;Esperance (WA);RTCM 3.3;1006(10),1013(10),1019(60),1020(60),1033(10),1042(60),1044(60),1046(60),1077(1),1087(1),1097(1),1117(1),1127(1),1230(10);2;GPS+GLO+GAL+BDS+QZS;CORS;AUS;-33.8743;121.8943;0;0;TRIMBLE NETR9;none;B;N;9600;ARGN
STR;EXMT00AUS0;Exmouth (WA);RTCM 3.3;1006(10),1013(10),1019(60),1020(60),1033(10),1042(60),1044(60),1046(60),1077(1),1087(1),1097(1),1117(1),1127(1),1230(10);2;GPS+GLO+GAL+BDS+QZS;CORS;AUS;-21.9607;114.1134;0;0;TRIMBLE NETR9;none;B;N;9600;ARGN
STR;FLND00AUS0;Flinders Island (TAS);RTCM 3.3;1006(10),1013(10),1019(60),1020(60),1033(10),1042(60),1044(60),1046(60),1077(1),1087(1),1097(1),1117(1),1127(1),1230(10);2;GPS+GLO+GAL+BDS+QZS;CORS;AUS;-40.2144;148.2416;0;0;TRIMBLE ALLOY;none;B;N;9600;ARGN
STR;FORR00AUS0;Forrest (WA);RTCM 3.3;1006(10),1013(10),1019(60),1020(60),1033(10),1042(60),1044(60),1046(60),1077(1),1087(1),1097(1),1117(1),1127(1),1230(10);2;GPS+GLO+GAL+BDS+QZS;CORS;AUS;-30.8451;128.1094;0;0;SEPT POLARX5;none;B;N;9600;ARGN
STR;FRO100AUS0;Fitzroy Crossing (WA);RTCM 3.3;1006(10),1013(10),1019(60),1020(60),1033(10),1042(60),1044(60),1046(60),1077(1),1087(1),1097(1),1117(1),1127(1),1230(10);2;GPS+GLO+GAL+BDS+QZS;CORS;AUS;-18.1261;125.8006;0;0;SEPT POLARX5;none;B;N;9600;ARGN
STR;FROY00AUS0;Fitzroy Crossing (WA);RTCM 3.3;1006(10),1013(10),1019(60),1020(60),1033(10),1042(60),1044(60),1046(60),1077(1),1087(1),1097(1),1117(1),1127(1),1230(10);2;GPS+GLO+GAL+BDS+QZS;CORS;AUS;-18.1260;125.8005;0;0;SEPT POLARX5;none;B;N;9600;ARGN
STR;GASC00AUS0;Gascoyne (WA);RTCM 3.3;1006(10),1013(10),1019(60),1020(60),1033(10),1042(60),1044(60),1046(60),1077(1),1087(1),1097(1),1117(1),1127(1),1230(10);2;GPS+GLO+GAL+BDS+QZS;CORS;AUS;-24.6326;115.3386;0;0;TRIMBLE NETR9;none;B;N;9600;ARGN
STR;GBRV00AUS0;Gibb River (WA);RTCM 3.3;1006(10),1013(10),1019(60),1020(60),1033(10),1042(60),1044(60),1046(60),1077(1),1087(1),1097(1),1117(1),1127(1),1230(10);2;GPS+GLO+GAL+BDS+QZS;CORS;AUS;-16.4202;126.4414;0;0;TRIMBLE ALLOY;none;B;N;9600;ARGN
STR;GDAM00AUS0;Glendambo (SA);RTCM 3.3;1006(10),1013(10),1019(60),1020(60),1033(10),1042(60),1044(60),1046(60),1077(1),1087(1),1097(1),1117(1),1127(1),1230(10);2;GPS+GLO+GAL+BDS+QZS;CORS;AUS;-31.0651;135.7739;0;0;SEPT POLARX5;none;B;N;9600;ARGN
STR;GGT100AUS0;Georgetown (QLD);RTCM 3.3;1006(10),1013(10),1019(60),1020(60),1033(10),1042(60),1044(60),1046(60),1077(1),1087(1),1097(1),1117(1),1127(1),1230(10);2;GPS+GLO+GAL+BDS+QZS;CORS;AUS;-18.3059;143.5406;0;0;SEPT POLARX5;none;B;N;9600;ARGN
STR;GGTN00AUS0;Georgetown (QLD);RTCM 3.3;1006(10),1013(10),1019(60),1020(60),1033(10),1042(60),1044(60),1046(60),1077(1),1087(1),1097(1),1117(1),1127(1),1230(10);2;GPS+GLO+GAL+BDS+QZS;CORS;AUS;-18.3060;143.5406;0;0;TRIMBLE NETR9;none;B;N;9600;ARGN
STR;GROT00AUS0;Groote Eylandt (NT);RTCM 3.3;1006(10),1013(10),1019(60),1020(60),1033(10),1042(60),1044(60),1046(60),1077(1),1087(1),1097(1),1117(1),1127(1),1230(10);2;GPS+GLO+GAL+BDS+QZS;CORS;AUS;-13.8567;136.4214;0;0;SEPT POLARX5;none;B;N;9600;ARGN
STR;GRTS00AUS0;Granites (Northern Territory);RTCM 3.3;1006(10),1013(10),1019(60),1020(60),1033(10),1042(60),1044(60),1046(60),1077(1),1087(1),1097(1),1117(1),1127(1),1230(10);2;GPS+GLO+GAL+BDS+QZS;CORS;AUS;-20.5192;130.3422;0;0;TRIMBLE ALLOY;none;B;N;9600;ARGN
STR;HALL00AUS0;Halls Creek (WA);RTCM 3.3;1006(10),1013(10),1019(60),1020(60),1033(10),1042(60),1044(60),1046(60),1077(1),1087(1),1097(1),1117(1),1127(1),1230(10);2;GPS+GLO+GAL+BDS+QZS;CORS;AUS;-18.2295;127.6630;0;0;TRIMBLE ALLOY;none;B;N;9600;ARGN
STR;HNIS00AUS0;Horn Island (QLD);RTCM 3.3;1006(10),1013(10),1019(60),1020(60),1033(10),1042(60),1044(60),1046(60),1077(1),1087(1),1097(1),1117(1),1127(1),1230(10);2;GPS+GLO+GAL+BDS+QZS;CORS;AUS;-10.5904;142.2962;0;0;SEPT POLARX5;none;B;N;9600;ARGN
STR;HOB200AUS0;Hobart (TAS);RTCM 3.3;1006(10),1013(10),1019(60),1020(60),1033(10),1042(60),1044(60),1046(60),1077(1),1087(1),1097(1),1117(1),1127(1),1230(10);2;GPS+GLO+GAL+BDS+QZS;CORS;AUS;-42.8047;147.4387;0;0;SEPT POLARX5;none;B;N;9600;ARGN
STR;HUGH00AUS0;Hughenden (QLD);RTCM 3.3;1006(10),1013(10),1019(60),1020(60),1033(10),1042(60),1044(60),1046(60),1077(1),1087(1),1097(1),1117(1),1127(1),1230(10);2;GPS+GLO+GAL+BDS+QZS;CORS;AUS;-20.9474;144.2045;0;0;TRIMBLE ALLOY;none;B;N;9600;ARGN
STR;HYDN00AUS0;Hyden (WA);RTCM 3.3;1006(10),1013(10),1019(60),1020(60),1033(10),1042(60),1044(60),1046(60),1077(1),1087(1),1097(1),1117(1),1127(1),1230(10);2;GPS+GLO+GAL+BDS+QZS;CORS;AUS;-32.4494;118.8919;0;0;TRIMBLE NETR9;none;B;N;9600;ARGN
STR;IGWD00AUS0;Inglewood (QLD);RTCM 3.2;1006(10),1013(10),1019(60),1020(60),1033(10),1042(60),1044(60),1046(60),1077(1),1087(1),1097(1),1117(1),1127(1),1230(10);2;GPS+GLO+GAL+BDS+QZS;CORS;AUS;-28.4115;151.0705;0;0;TRIMBLE ALLOY;none;B;N;9600;ARGN
STR;ILKA00AUS0;Ilkurlka (WA);RTCM 3.3;1006(10),1013(10),1019(60),1020(60),1033(10),1042(60),1044(60),1046(60),1077(1),1087(1),1097(1),1117(1),1127(1),1230(10);2;GPS+GLO+GAL+BDS+QZS;CORS;AUS;-28.3498;127.5165;0;0;SEPT POLARX5;none;B;N;9600;ARGN
STR;IMKA00AUS0;Innamincka (SA);RTCM 3.3;1006(10),1013(10),1019(60),1020(60),1033(10),1042(60),1044(60),1046(60),1077(1),1087(1),1097(1),1117(1),1127(1),1230(10);2;GPS+GLO+GAL+BDS+QZS;CORS;AUS;-27.7411;140.7457;0;0;SEPT POLARX5;none;B;N;9600;ARGN
STR;JAB200AUS0;Jabiru (NT);RTCM 3.3;1006(10),1013(10),1019(60),1020(60),1033(10),1042(60),1044(60),1046(60),1077(1),1087(1),1097(1),1117(1),1127(1),1230(10);2;GPS+GLO+GAL+BDS+QZS;CORS;AUS;-12.6602;132.8945;0;0;SEPT POLARX5TR;none;B;N;9600;ARGN
STR;JERV00AUS0;Jervois (NT);RTCM 3.3;1006(10),1013(10),1019(60),1020(60),1033(10),1042(60),1044(60),1046(60),1077(1),1087(1),1097(1),1117(1),1127(1),1230(10);2;GPS+GLO+GAL+BDS+QZS;CORS;AUS;-22.8605;136.1007;0;0;TRIMBLE ALLOY;none;B;N;9600;ARGN
STR;JLCK00AUS0;Julia Creek (QLD);RTCM 3.3;1006(10),1013(10),1019(60),1020(60),1033(10),1042(60),1044(60),1046(60),1077(1),1087(1),1097(1),1117(1),1127(1),1230(10);2;GPS+GLO+GAL+BDS+QZS;CORS;AUS;-20.6693;141.7390;0;0;TRIMBLE NETR9;none;B;N;9600;ARGN
STR;KALG00AUS0;Kalgoorlie (WA);RTCM 3.3;1006(10),1013(10),1019(60),1020(60),1033(10),1042(60),1044(60),1046(60),1077(1),1087(1),1097(1),1117(1),1127(1),1230(10);2;GPS+GLO+GAL+BDS+QZS;CORS;AUS;-30.7844;121.4593;0;0;TRIMBLE NETR9;none;B;N;9600;ARGN
STR;KARR00AUS0;Harding River Dam (WA);RTCM 3.3;1006(10),1013(10),1019(60),1020(60),1033(10),1042(60),1044(60),1046(60),1077(1),1087(1),1097(1),1117(1),1127(1),1230(10);2;GPS+GLO+GAL+BDS+QZS;CORS;AUS;-20.9814;117.0972;0;0;TRIMBLE NETR9;none;B;N;9600;ARGN
STR;KAT100AUS0;Katherine (NT);RTCM 3.3;1006(10),1013(10),1019(60),1020(60),1033(10),1042(60),1044(60),1046(60),1077(1),1087(1),1097(1),1117(1),1127(1),1230(10);2;GPS+GLO+GAL+BDS+QZS;CORS;AUS;-14.3760;132.1533;0;0;SEPT POALRX5;none;B;N;9600;ARGN
STR;KAT200AUS0;Katherine (NT);RTCM 3.3;1006(10),1013(10),1019(60),1020(60),1033(10),1042(60),1044(60),1046(60),1077(1),1087(1),1097(1),1117(1),1127(1),1230(10);2;GPS+GLO+GAL+BDS+QZS;CORS;AUS;-14.3751;132.1525;0;0;TRIMBLE ALLOY;none;B;N;9600;ARGN
STR;KELN00AUS0;Kellerberrin (WA);RTCM 3.3;1006(10),1013(10),1019(60),1020(60),1033(10),1042(60),1044(60),1046(60),1077(1),1087(1),1097(1),1117(1),1127(1),1230(10);2;GPS+GLO+GAL+BDS+QZS;CORS;AUS;-31.6223;117.7026;0;0;TRIMBLE NETR9;none;B;N;9600;ARGN
STR;KGIS00AUS0;King Island (TAS);RTCM 3.3;1006(10),1013(10),1019(60),1020(60),1033(10),1042(60),1044(60),1046(60),1077(1),1087(1),1097(1),1117(1),1127(1),1230(10);2;GPS+GLO+GAL+BDS+QZS;CORS;AUS;-39.9418;143.8471;0;0;TRIMBLE ALLOY;none;B;N;9600;ARGN
STR;KILK00AUS0;Kilkivan (QLD);RTCM 3.3;1006(10),1013(10),1019(60),1020(60),1033(10),1042(60),1044(60),1046(60),1077(1),1087(1),1097(1),1117(1),1127(1),1230(10);2;GPS+GLO+GAL+BDS+QZS;CORS;AUS;-26.0842;152.2521;0;0;SEPT POLARX5;none;B;N;9600;ARGN
STR;KINO00AUS0;Kintore (NT);RTCM 3.3;1006(10),1013(10),1019(60),1020(60),1033(10),1042(60),1044(60),1046(60),1077(1),1087(1),1097(1),1117(1),1127(1),1230(10);2;GPS+GLO+GAL+BDS+QZS;CORS;AUS;-23.2658;129.3841;0;0;TRIMBLE ALLOY;none;B;N;9600;ARGN
STR;KNDH00AUS0;Kanandah Stn (WA);RTCM 3.3;1006(10),1013(10),1019(60),1020(60),1033(10),1042(60),1044(60),1046(60),1077(1),1087(1),1097(1),1117(1),1127(1),1230(10);2;GPS+GLO+GAL+BDS+QZS;CORS;AUS;-30.8996;124.8635;0;0;SEPT POLARX5;none;B;N;9600;ARGN
STR;KOWN00AUS0;Kowanyama (QLD);RTCM 3.3;1006(10),1013(10),1019(60),1020(60),1033(10),1042(60),1044(60),1046(60),1077(1),1087(1),1097(1),1117(1),1127(1),1230(10);2;GPS+GLO+GAL+BDS+QZS;CORS;AUS;-15.4821;141.7482;0;0;TRIMBLE ALLOY;none;B;N;9600;ARGN
STR;KUMR00AUS0;Kumarina (WA);RTCM 3.3;1006(10),1013(10),1019(60),1020(60),1033(10),1042(60),1044(60),1046(60),1077(1),1087(1),1097(1),1117(1),1127(1),1230(10);2;GPS+GLO+GAL+BDS+QZS;CORS;AUS;-24.7105;119.5974;0;0;TRIMBLE ALLOY;none;B;N;9600;ARGN
STR;KUNA00AUS0;Kunawariji (WA);RTCM 3.3;1006(10),1013(10),1019(60),1020(60),1033(10),1042(60),1044(60),1046(60),1077(1),1087(1),1097(1),1117(1),1127(1),1230(10);2;GPS+GLO+GAL+BDS+QZS;CORS;AUS;-22.3843;124.8175;0;0;SEPT POLARX5;none;B;N;9600;ARGN
STR;KUNU00AUS0;Kununurra (WA);RTCM 3.3;1006(10),1013(10),1019(60),1020(60),1033(10),1042(60),1044(60),1046(60),1077(1),1087(1),1097(1),1117(1),1127(1),1230(10);2;GPS+GLO+GAL+BDS+QZS;CORS;AUS;-15.6770;128.7626;0;0;SEPT POLARX5;none;B;N;9600;ARGN
STR;KWKA00AUS0;Kiwirrkurra (WA);RTCM 3.3;1006(10),1013(10),1019(60),1020(60),1033(10),1042(60),1044(60),1046(60),1077(1),1087(1),1097(1),1117(1),1127(1),1230(10);2;GPS+GLO+GAL+BDS+QZS;CORS;AUS;-22.8148;127.7580;0;0;TRIMBLE ALLOY;none;B;N;9600;ARGN
STR;LAMB00AUS0;Lambina (SA);RTCM 3.3;1006(10),1013(10),1019(60),1020(60),1033(10),1042(60),1044(60),1046(60),1077(1),1087(1),1097(1),1117(1),1127(1),1230(10);2;GPS+GLO+GAL+BDS+QZS;CORS;AUS;-26.9386;134.0629;0;0;TRIMBLE NETR9;none;B;N;9600;ARGN
STR;LARR00AUS0;Larrimah (NT);RTCM 3.3;1006(10),1013(10),1019(60),1020(60),1033(10),1042(60),1044(60),1046(60),1077(1),1087(1),1097(1),1117(1),1127(1),1230(10);2;GPS+GLO+GAL+BDS+QZS;CORS;AUS;-15.5732;133.2128;0;0;SEPT POLARX5;none;B;N;9600;ARGN
STR;LAVE00AUS0;Laverton (WA);RTCM 3.3;1006(10),1013(10),1019(60),1020(60),1033(10),1042(60),1044(60),1046(60),1077(1),1087(1),1097(1),1117(1),1127(1),1230(10);2;GPS+GLO+GAL+BDS+QZS;CORS;AUS;-28.6145;122.4199;0;0;TRIMBLE ALLOY;none;B;N;9600;ARGN
STR;LIAW00AUS0;Liawenee (TAS);RTCM 3.3;1006(10),1013(10),1019(60),1020(60),1033(10),1042(60),1044(60),1046(60),1077(1),1087(1),1097(1),1117(1),1127(1),1230(10);2;GPS+GLO+GAL+BDS+QZS;CORS;AUS;-41.9023;146.6731;0;0;TRIMBLE ALLOY;none;B;N;9600;ARGN
STR;LKYA00AUS0;Larrakeyah (NT);RTCM 3.3;1006(10),1013(10),1019(60),1020(60),1033(10),1042(60),1044(60),1046(60),1077(1),1087(1),1097(1),1117(1),1127(1),1230(10);2;GPS+GLO+GAL+BDS+QZS;CORS;AUS;-12.4555;130.8247;0;0;SEPT POLARX5;none;B;N;9600;ARGN
STR;LONA00AUS0;Leonora (WA);RTCM 3.3;1006(10),1013(10),1019(60),1020(60),1033(10),1042(60),1044(60),1046(60),1077(1),1087(1),1097(1),1117(1),1127(1),1230(10);2;GPS+GLO+GAL+BDS+QZS;CORS;AUS;-28.8784;121.3191;0;0;TRIMBLE NETR9;none;B;N;9600;ARGN
STR;LORD00AUS0;Lord Howe Island (NSW);RTCM 3.3;1006(10),1013(10),1019(60),1020(60),1033(10),1042(60),1044(60),1046(60),1077(1),1087(1),1097(1),1117(1),1127(1),1230(10);2;GPS+GLO+GAL+BDS+QZS;CORS;AUS;-31.5199;159.0612;0;0;SEPT POLARX5;none;B;N;9600;ARGN
STR;LURA00AUS0;Laura (QLD);RTCM 3.3;1006(10),1013(10),1019(60),1020(60),1033(10),1042(60),1044(60),1046(60),1077(1),1087(1),1097(1),1117(1),1127(1),1230(10);2;GPS+GLO+GAL+BDS+QZS;CORS;AUS;-15.5775;144.4570;0;0;TRIMBLE NETR9;none;B;N;9600;ARGN
STR;MAC100AUS0;Macquarie Island (TAS);RTCM 3.3;1006(10),1013(10),1019(60),1020(60),1033(10),1042(60),1044(60),1046(60),1077(1),1087(1),1097(1),1117(1),1127(1),1230(10);2;GPS+GLO+GAL+BDS+QZS;CORS;AUS;-54.4995;158.9358;0;0;SEPT POLARX5;none;B;N;9600;ARGN
STR;MAIN00AUS0;Mainoru (NT);RTCM 3.3;1006(10),1013(10),1019(60),1020(60),1033(10),1042(60),1044(60),1046(60),1077(1),1087(1),1097(1),1117(1),1127(1),1230(10);2;GPS+GLO+GAL+BDS+QZS;CORS;AUS;-14.0462;134.0929;0;0;TRIMBLE ALLOY;none;B;N;9600;ARGN
STR;MAW100ATA0;Mawson Station;RTCM 3.3;1006(10),1013(10),1019(60),1020(60),1033(10),1042(60),1044(60),1046(60),1077(1),1087(1),1097(1),1117(1),1127(1),1230(10);2;GPS+GLO+GAL+BDS+QZS;CORS;ATA;-67.6048;62.8707;0;0;SEPT POLARX5;none;B;N;9600;ARGN
STR;MCHL00AUS0;Mitchell (QLD);RTCM 3.3;1006(10),1013(10),1019(60),1020(60),1033(10),1042(60),1044(60),1046(60),1077(1),1087(1),1097(1),1117(1),1127(1),1230(10);2;GPS+GLO+GAL+BDS+QZS;CORS;AUS;-26.3589;148.1450;0;0;TRIMBLE ALLOY;none;B;N;9600;ARGN
STR;MEDO00AUS0;Meadow (WA);RTCM 3.3;1006(10),1013(10),1019(60),1020(60),1033(10),1042(60),1044(60),1046(60),1077(1),1087(1),1097(1),1117(1),1127(1),1230(10);2;GPS+GLO+GAL+BDS+QZS;CORS;AUS;-26.7574;114.6096;0;0;SEPT POLARX5;none;B;N;9600;ARGN
STR;MILD00AUS0;Mildura (VIC);RTCM 3.3;1006(10),1013(10),1019(60),1020(60),1033(10),1042(60),1044(60),1046(60),1077(1),1087(1),1097(1),1117(1),1127(1),1230(10);2;GPS+GLO+GAL+BDS+QZS;CORS;AUS;-34.3403;142.0619;0;0;TRIMBLE ALLOY;none;B;N;9600;ARGN
STR;MLAP00AUS0;Miles (QLD);RTCM 3.3;1006(10),1013(10),1019(60),1020(60),1033(10),1042(60),1044(60),1046(60),1077(1),1087(1),1097(1),1117(1),1127(1),1230(10);2;GPS+GLO+GAL+BDS+QZS;CORS;AUS;-26.8136;150.1588;0;0;SEPT POLARX5;none;B;N;9600;ARGN
STR;MMAR00AUS0;Mt Marsden (SA);RTCM 3.3;1006(10),1013(10),1019(60),1020(60),1033(10),1042(60),1044(60),1046(60),1077(1),1087(1),1097(1),1117(1),1127(1),1230(10);2;GPS+GLO+GAL+BDS+QZS;CORS;AUS;-35.5790;137.5799;0;0;TRIMBLE ALLOY;none;B;N;9600;ARGN
STR;MNGO00AUS0;Marengo (VIC);RTCM 3.3;1006(10),1013(10),1019(60),1020(60),1033(10),1042(60),1044(60),1046(60),1077(1),1087(1),1097(1),1117(1),1127(1),1230(10);2;GPS+GLO+GAL+BDS+QZS;CORS;AUS;-38.7800;143.6500;0;0;TRIMBLE ALLOY;none;B;N;9600;ARGN
STR;MNTI00AUS0;Telfer (WA);RTCM 3.3;1006(10),1013(10),1019(60),1020(60),1033(10),1042(60),1044(60),1046(60),1077(1),1087(1),1097(1),1117(1),1127(1),1230(10);2;GPS+GLO+GAL+BDS+QZS;CORS;AUS;-21.7124;122.2285;0;0;TRIMBLE ALLOY;none;B;N;9600;ARGN
STR;MUNG00AUS0;Mungeranie (SA);RTCM 3.3;1006(10),1013(10),1019(60),1020(60),1033(10),1042(60),1044(60),1046(60),1077(1),1087(1),1097(1),1117(1),1127(1),1230(10);2;GPS+GLO+GAL+BDS+QZS;CORS;AUS;-28.0126;138.6560;0;0;TRIMBLE ALLOY;none;B;N;9600;ARGN
STR;MOBS00AUS0;Melbourne (VIC);RTCM 3.3;1006(10),1013(10),1019(60),1020(60),1033(10),1042(60),1044(60),1046(60),1077(1),1087(1),1097(1),1117(1),1127(1),1230(10);2;GPS+GLO+GAL+BDS+QZS;CORS;AUS;-37.8294;144.9753;0;0;SEPT POLARX5;none;B;N;9600;ARGN
STR;MOOL00AUS0;Moolawatana (SA);RTCM 3.3;1006(10),1013(10),1019(60),1020(60),1033(10),1042(60),1044(60),1046(60),1077(1),1087(1),1097(1),1117(1),1127(1),1230(10);2;GPS+GLO+GAL+BDS+QZS;CORS;AUS;-29.9059;139.7691;0;0;SEPT POLARX5;none;B;N;9600;ARGN
STR;MRBA00AUS0;Mareeba (QLD);RTCM 3.3;1006(10),1013(10),1019(60),1020(60),1033(10),1042(60),1044(60),1046(60),1077(1),1087(1),1097(1),1117(1),1127(1),1230(10);2;GPS+GLO+GAL+BDS+QZS;CORS;AUS;-17.0180;145.3238;0;0;TRIMBLE NETR9;none;B;N;9600;ARGN
STR;MRO100AUS0;Murchison (WA);RTCM 3.3;1006(10),1013(10),1019(60),1020(60),1033(10),1042(60),1044(60),1046(60),1077(1),1087(1),1097(1),1117(1),1127(1),1230(10);2;GPS+GLO+GAL+BDS+QZS;CORS;AUS;-26.6966;116.6375;0;0;TRIMBLE NETR9;none;B;N;9600;ARGN
STR;MTDN00AUS0;Mt Doreen (NT);RTCM 3.3;1006(10),1013(10),1019(60),1020(60),1033(10),1042(60),1044(60),1046(60),1077(1),1087(1),1097(1),1117(1),1127(1),1230(10);2;GPS+GLO+GAL+BDS+QZS;CORS;AUS;-22.1328;131.4927;0;0;TRIMBLE NETR9;none;B;N;9600;ARGN
STR;MTEM00AUS0;Mount Emu (VIC);RTCM 3.3;1006(10),1013(10),1019(60),1020(60),1033(10),1042(60),1044(60),1046(60),1077(1),1087(1),1097(1),1117(1),1127(1),1230(10);2;GPS+GLO+GAL+BDS+QZS;CORS;AUS;-37.5000;143.3000;0;0;TRIMBLE ALLOY;none;B;N;9600;ARGN
STR;MTIS00AUS0;Mt Isa (QLD);RTCM 3.3;1006(10),1013(10),1019(60),1020(60),1033(10),1042(60),1044(60),1046(60),1077(1),1087(1),1097(1),1117(1),1127(1),1230(10);2;GPS+GLO+GAL+BDS+QZS;CORS;AUS;-20.6904;139.4864;0;0;SEPT POLARX5;none;B;N;9600;ARGN
STR;MTMA00AUS0;Mt Magnet (WA);RTCM 3.3;1006(10),1013(10),1019(60),1020(60),1033(10),1042(60),1044(60),1046(60),1077(1),1087(1),1097(1),1117(1),1127(1),1230(10);2;GPS+GLO+GAL+BDS+QZS;CORS;AUS;-28.1153;117.8431;0;0;TRIMBLE NETR9;none;B;N;9600;ARGN
STR;MULG00AUS0;Mulgathing (SA);RTCM 3.3;1006(10),1013(10),1019(60),1020(60),1033(10),1042(60),1044(60),1046(60),1077(1),1087(1),1097(1),1117(1),1127(1),1230(10);2;GPS+GLO+GAL+BDS+QZS;CORS;AUS;-30.2820;134.0586;0;0;TRIMBLE NETR9;none;B;N;9600;ARGN
STR;NCLF00AUS0;Northcliffe (WA);RTCM 3.3;1006(10),1013(10),1019(60),1020(60),1033(10),1042(60),1044(60),1046(60),1077(1),1087(1),1097(1),1117(1),1127(1),1230(10);2;GPS+GLO+GAL+BDS+QZS;CORS;AUS;-34.7084;116.1233;0;0;SEPT POLARX5;none;B;N;9600;ARGN
STR;NEBO00AUS0;Nebo (QLD);RTCM 3.3;1006(10),1013(10),1019(60),1020(60),1033(10),1042(60),1044(60),1046(60),1077(1),1087(1),1097(1),1117(1),1127(1),1230(10);2;GPS+GLO+GAL+BDS+QZS;CORS;AUS;-21.6403;148.6985;0;0;TRIMBLE NETR9;none;B;N;9600;ARGN
STR;NHIL00AUS0;Nhill (VIC);RTCM 3.3;1006(10),1013(10),1019(60),1020(60),1033(10),1042(60),1044(60),1046(60),1077(1),1087(1),1097(1),1117(1),1127(1),1230(10);2;GPS+GLO+GAL+BDS+QZS;CORS;AUS;-36.3084;141.6460;0;0;TRIMBLE ALLOY;none;B;N;9600;ARGN
STR;NMTN00AUS0;Normanton (QLD);RTCM 3.3;1006(10),1013(10),1019(60),1020(60),1033(10),1042(60),1044(60),1046(60),1077(1),1087(1),1097(1),1117(1),1127(1),1230(10);2;GPS+GLO+GAL+BDS+QZS;CORS;AUS;-17.6717;141.0692;0;0;SEPT POLARX5;none;B;N;9600;ARGN
STR;NORF00AUS0;Norfolk Island (NSW);RTCM 3.3;1006(10),1013(10),1019(60),1020(60),1033(10),1042(60),1044(60),1046(60),1077(1),1087(1),1097(1),1117(1),1127(1),1230(10);2;GPS+GLO+GAL+BDS+QZS;CORS;AUS;-29.0434;167.9388;0;0;LEICA GR25;none;B;N;9600;ARGN
STR;NORS00AUS0;Norseman (WA);RTCM 3.3;1006(10),1013(10),1019(60),1020(60),1033(10),1042(60),1044(60),1046(60),1077(1),1087(1),1097(1),1117(1),1127(1),1230(10);2;GPS+GLO+GAL+BDS+QZS;CORS;AUS;-32.2600;121.7872;0;0;SEPT POLARX5;none;B;N;9600;ARGN
STR;NTJN00AUS0;Neutral Junction (NT);RTCM 3.3;1006(10),1013(10),1019(60),1020(60),1033(10),1042(60),1044(60),1046(60),1077(1),1087(1),1097(1),1117(1),1127(1),1230(10);2;GPS+GLO+GAL+BDS+QZS;CORS;AUS;-21.4572;133.9700;0;0;SEPT POLARX5;none;B;N;9600;ARGN
STR;NULA00AUS0;Nullarbor (SA);RTCM 3.3;1006(10),1013(10),1019(60),1020(60),1033(10),1042(60),1044(60),1046(60),1077(1),1087(1),1097(1),1117(1),1127(1),1230(10);2;GPS+GLO+GAL+BDS+QZS;CORS;AUS;-31.4387;130.8938;0;0;SEPT POLARX5;none;B;N;9600;ARGN
STR;OAKV00AUS0;Oak Valley (SA);RTCM 3.3;1006(10),1013(10),1019(60),1020(60),1033(10),1042(60),1044(60),1046(60),1077(1),1087(1),1097(1),1117(1),1127(1),1230(10);2;GPS+GLO+GAL+BDS+QZS;CORS;AUS;-29.5025;130.8662;0;0;TRIMBLE ALLOY;none;B;N;9600;ARGN
STR;OAPT00AUS0;One Arm Point (Western Australia);RTCM 3.3;1006(10),1013(10),1019(60),1020(60),1033(10),1042(60),1044(60),1046(60),1077(1),1087(1),1097(1),1117(1),1127(1),1230(10);2;GPS+GLO+GAL+BDS+QZS;CORS;AUS;-16.5164;122.9221;0;0;SEPT POLARX5;none;B;N;9600;ARGN
STR;PARK00AUS0;Parkes (NSW);RTCM 3.3;1006(10),1013(10),1019(60),1020(60),1033(10),1042(60),1044(60),1046(60),1077(1),1087(1),1097(1),1117(1),1127(1),1230(10);2;GPS+GLO+GAL+BDS+QZS;CORS;AUS;-32.9988;148.2646;0;0;SEPT POLARX5TR;none;B;N;9600;ARGN
STR;PERT00AUS0;Gnangara (WA);RTCM 3.3;1006(10),1013(10),1019(60),1020(60),1033(10),1042(60),1044(60),1046(60),1077(1),1087(1),1097(1),1117(1),1127(1),1230(10);2;GPS+GLO+GAL+BDS+QZS;CORS;AUS;-31.8019;115.8852;0;0;TRIMBLE NETR9;none;B;N;9600;ARGN
STR;PLMC00AUS0;Palmerston (NT);RTCM 3.3;1006(10),1013(10),1019(60),1020(60),1033(10),1042(60),1044(60),1046(60),1077(1),1087(1),1097(1),1117(1),1127(1),1230(10);2;GPS+GLO+GAL+BDS+QZS;CORS;AUS;-12.4782;130.9821;0;0;SEPT POLARX5;none;B;N;9600;ARGN
STR;PTHL00AUS0;Port Headland (WA);RTCM 3.3;1006(10),1013(10),1019(60),1020(60),1033(10),1042(60),1044(60),1046(60),1077(1),1087(1),1097(1),1117(1),1127(1),1230(10);2;GPS+GLO+GAL+BDS+QZS;CORS;AUS;-20.5397;118.6789;0;0;SEPT POLARX5;none;B;N;9600;ARGN
STR;PTSV00AUS0;Port Stanvac (SA);RTCM 3.3;1006(10),1013(10),1019(60),1020(60),1033(10),1042(60),1044(60),1046(60),1077(1),1087(1),1097(1),1117(1),1127(1),1230(10);2;GPS+GLO+GAL+BDS+QZS;CORS;AUS;-35.0947;138.4857;0;0;LEICA GR30;none;B;N;9600;ARGN
STR;RAVN00AUS0;Ravensthorpe (WA);RTCM 3.3;1006(10),1013(10),1019(60),1020(60),1033(10),1042(60),1044(60),1046(60),1077(1),1087(1),1097(1),1117(1),1127(1),1230(10);2;GPS+GLO+GAL+BDS+QZS;CORS;AUS;-33.5967;120.0709;0;0;TRIMBLE NETR9;none;B;N;9600;ARGN
STR;RBYL00AUS0;Rubyvale (QLD);RTCM 3.3;1006(10),1013(10),1019(60),1020(60),1033(10),1042(60),1044(60),1046(60),1077(1),1087(1),1097(1),1117(1),1127(1),1230(10);2;GPS+GLO+GAL+BDS+QZS;CORS;AUS;-23.4264;147.5873;0;0;SELT POLARX5;none;B;N;9600;ARGN
STR;RHPT00AUS0;Roundhill Point (TAS);RTCM 3.3;1006(10),1013(10),1019(60),1020(60),1033(10),1042(60),1044(60),1046(60),1077(1),1087(1),1097(1),1117(1),1127(1),1230(10);2;GPS+GLO+GAL+BDS+QZS;CORS;AUS;-41.0651;145.9618;0;0;SEPT POLARX5;none;B;N;9600;ARGN
STR;RIVN00AUS0;Riveren (NT);RTCM 3.3;1006(10),1013(10),1019(60),1020(60),1033(10),1042(60),1044(60),1046(60),1077(1),1087(1),1097(1),1117(1),1127(1),1230(10);2;GPS+GLO+GAL+BDS+QZS;CORS;AUS;-17.7116;129.9922;0;0;TRIMBLE ALLOY;none;B;N;9600;ARGN
STR;RKLD00AUS0;Rocklands (NT);RTCM 3.3;1006(10),1013(10),1019(60),1020(60),1033(10),1042(60),1044(60),1046(60),1077(1),1087(1),1097(1),1117(1),1127(1),1230(10);2;GPS+GLO+GAL+BDS+QZS;CORS;AUS;-19.9676;137.8348;0;0;TRIMBLE ALLOY;none;B;N;9600;ARGN
STR;RSBY00AUS0;Roslyn Bay (QLD);RTCM 3.3;1006(10),1013(10),1019(60),1020(60),1033(10),1042(60),1044(60),1046(60),1077(1),1087(1),1097(1),1117(1),1127(1),1230(10);2;GPS+GLO+GAL+BDS+QZS;CORS;AUS;-23.1610;150.7901;0;0;TRIMBLE NETR9;none;B;N;9600;ARGN
STR;SA4500AUS0;Saltia (SA);RTCM 3.3;1006(10),1013(10),1019(60),1020(60),1033(10),1042(60),1044(60),1046(60),1077(1),1087(1),1097(1),1117(1),1127(1),1230(10);2;GPS+GLO+GAL+BDS+QZS;CORS;AUS;-32.4703;137.9343;0;0;LEICA GR30;none;B;N;9600;ARGN
STR;STHG00AUS0;Stonehenge (QLD);RTCM 3.3;1006(10),1013(10),1019(60),1020(60),1033(10),1042(60),1044(60),1046(60),1077(1),1087(1),1097(1),1117(1),1127(1),1230(10);2;GPS+GLO+GAL+BDS+QZS;CORS;AUS;-24.3503;143.2853;0;0;SEPT POLARX5;none;B;N;9600;ARGN
STR;STNY00AUS0;Stony Point (VIC);RTCM 3.3;1006(10),1013(10),1019(60),1020(60),1033(10),1042(60),1044(60),1046(60),1077(1),1087(1),1097(1),1117(1),1127(1),1230(10);2;GPS+GLO+GAL+BDS+QZS;CORS;AUS;-38.3500;145.2200;0;0;TRIMBLE ALLOY;none;B;N;300;ARGN
STR;STR100AUS0;Mt Stromlo (ACT);RTCM 3.3;1006(10),1013(10),1019(60),1020(60),1033(10),1042(60),1044(60),1046(60),1077(1),1087(1),1097(1),1117(1),1127(1),1230(10);2;GPS+GLO+GAL+BDS+QZS;CORS;AUS;-35.3155;149.0109;0;0;SEPT POLARX5;none;B;N;9600;ARGN
STR;STR200AUS0;Mt Stromlo (ACT);RTCM 3.3;1006(10),1013(10),1019(60),1020(60),1033(10),1042(60),1044(60),1046(60),1077(1),1087(1),1097(1),1117(1),1127(1),1230(10);2;GPS+GLO+GAL+BDS+QZS;CORS;AUS;-35.3162;149.0101;0;0;TRIMBLE ALLOY;none;B;N;9600;ARGN
STR;STR300AUS0;Mt Stromlo (ACT);RTCM 3.3;1006(10),1013(10),1019(60),1020(60),1033(10),1042(60),1044(60),1046(60),1077(1),1087(1),1097(1),1117(1),1127(1),1230(10);2;GPS+GLO+GAL+BDS+QZS;CORS;AUS;-35.3157;149.0099;0;0;TRIMBLE ALLOY;none;B;N;9600;ARGN
STR;SYDN00AUS0;Sydney (NSW);RTCM 3.3;1006(10),1013(10),1019(60),1020(60),1033(10),1042(60),1044(60),1046(60),1077(1),1087(1),1097(1),1117(1),1127(1),1230(10);2;GPS+GLO+GAL+BDS+QZS;CORS;AUS;-33.7809;151.1504;0;0;SEPT POLARX5TR;none;B;N;9600;ARGN
STR;SYM100AUS0;Symonston (ACT);RTCM 3.3;1006(10),1013(10),1019(60),1020(60),1033(10),1042(60),1044(60),1046(60),1077(1),1087(1),1097(1),1117(1),1127(1),1230(10);2;GPS+GLO+GAL+BDS+QZS;CORS;AUS;-35.3425;149.1611;0;0;TRIMBLE ALLOY;none;B;N;9600;ARGN
STR;TAGO00AUS0;Thargomindah (QLD);RTCM 3.3;1006(10),1013(10),1019(60),1020(60),1033(10),1042(60),1044(60),1046(60),1077(1),1087(1),1097(1),1117(1),1127(1),1230(10);2;GPS+GLO+GAL+BDS+QZS;CORS;AUS;-27.9922;143.8949;0;0;TRIMBLE ALLOY;none;B;N;9600;ARGN
STR;THEV00AUS0;Thevanard (SA);RTCM 3.3;1006(10),1013(10),1019(60),1020(60),1033(10),1042(60),1044(60),1046(60),1077(1),1087(1),1097(1),1117(1),1127(1),1230(10);2;GPS+GLO+GAL+BDS+QZS;CORS;AUS;-32.1286;133.6968;0;0;SEPT POLARX5;none;B;N;9600;ARGN
STR;TID100AUS0;Tidbinbilla (ACT);RTCM 3.3;1006(10),1013(10),1019(60),1020(60),1033(10),1042(60),1044(60),1046(60),1077(1),1087(1),1097(1),1117(1),1127(1),1230(10);2;GPS+GLO+GAL+BDS+QZS;CORS;AUS;-35.3992;148.9800;0;0;SEPT POLARX5;none;B;N;9600;ARGN
STR;TIWI00AUS0;Tiwi Islands (NT);RTCM 3.3;1006(10),1013(10),1019(60),1020(60),1033(10),1042(60),1044(60),1046(60),1077(1),1087(1),1097(1),1117(1),1127(1),1230(10);2;GPS+GLO+GAL+BDS+QZS;CORS;AUS;-11.7754;130.5683;0;0;SEPT POLARX5;none;B;N;9600;ARGN
STR;TJUK00AUS0;Tjukayrila (WA);RTCM 3.3;1006(10),1013(10),1019(60),1020(60),1033(10),1042(60),1044(60),1046(60),1077(1),1087(1),1097(1),1117(1),1127(1),1230(10);2;GPS+GLO+GAL+BDS+QZS;CORS;AUS;-27.1307;124.5406;0;0;TRIMBLE ALLOY;none;B;N;9600;ARGN
STR;TMBO00AUS0;Tambo (QLD);RTCM 3.3;1006(10),1013(10),1019(60),1020(60),1033(10),1042(60),1044(60),1046(60),1077(1),1087(1),1097(1),1117(1),1127(1),1230(10);2;GPS+GLO+GAL+BDS+QZS;CORS;AUS;-24.7717;146.2841;0;0;TRIMBLE ALLOY;none;B;N;9600;ARGN
STR;TOMP00AUS0;Tom Price (WA);RTCM 3.3;1006(10),1013(10),1019(60),1020(60),1033(10),1042(60),1044(60),1046(60),1077(1),1087(1),1097(1),1117(1),1127(1),1230(10);2;GPS+GLO+GAL+BDS+QZS;CORS;AUS;-22.8465;117.4003;0;0;SEPT POLARX5;none;B;N;9600;ARGN
STR;TOM100AUS0;Tom Price (WA);RTCM 3.3;1006(10),1013(10),1019(60),1020(60),1033(10),1042(60),1044(60),1046(60),1077(1),1087(1),1097(1),1117(1),1127(1),1230(10);2;GPS+GLO+GAL+BDS+QZS;CORS;AUS;-22.8465;117.4003;0;0;SEPT POLARX5;none;B;N;9600;ARGN
STR;TOO200AUS0;Toowoomba (QLD);RTCM 3.3;1006(10),1013(10),1019(60),1020(60),1033(10),1042(60),1044(60),1046(60),1077(1),1087(1),1097(1),1117(1),1127(1),1230(10);2;GPS+GLO+GAL+BDS+QZS;CORS;AUS;-27.5344;151.9284;0;0;SEPT POLARX5;none;B;N;9600;ARGN
STR;TOOW00AUS0;Toowoomba (QLD);RTCM 3.3;1006(10),1013(10),1019(60),1020(60),1033(10),1042(60),1044(60),1046(60),1077(1),1087(1),1097(1),1117(1),1127(1),1230(10);2;GPS+GLO+GAL+BDS+QZS;CORS;AUS;-27.5345;151.9285;0;0;TRIMBLE NETR9;none;B;N;9600;ARGN
STR;TOW200AUS0;Cape Ferguson (QLD);RTCM 3.3;1006(10),1013(10),1019(60),1020(60),1033(10),1042(60),1044(60),1046(60),1077(1),1087(1),1097(1),1117(1),1127(1),1230(10);2;GPS+GLO+GAL+BDS+QZS;CORS;AUS;-19.2693;147.0557;0;0;SEPT POLARX5;none;B;N;9600;ARGN
STR;TURO00AUS0;Tuross Head (NSW);RTCM 3.3;1006(15),1008(15),1013(60),1019(60),1020(60),1033(15),1077(1),1087(1),1097(1),1117(1),1127(1),1230(60);2;GPS+GLO+GAL+BDS+QZS;CORS;AUS;-36.0351;150.1222;0;0;TRIMBLE ALLOY;none;B;N;2000;ARGN
STR;UCLA00AUS0;Eucla (WA);RTCM 3.3;1006(10),1013(10),1019(60),1020(60),1033(10),1042(60),1044(60),1046(60),1077(1),1087(1),1097(1),1117(1),1127(1),1230(10);2;GPS+GLO+GAL+BDS+QZS;CORS;AUS;-31.6796;128.8831;0;0;TRIMBLE NETR9;none;B;N;9600;ARGN
STR;WAGN00AUS0;Wagin (WA);RTCM 3.3;1006(10),1013(10),1019(60),1020(60),1033(10),1042(60),1044(60),1046(60),1077(1),1087(1),1097(1),1117(1),1127(1),1230(10);2;GPS+GLO+GAL+BDS+QZS;CORS;AUS;-33.3331;117.4101;0;0;TRIMBLE NETR9;none;B;N;9600;ARGN
STR;WAG100AUS0;Wagin (WA);RTCM 3.3;1006(10),1013(10),1019(60),1020(60),1033(10),1042(60),1044(60),1046(60),1077(1),1087(1),1097(1),1117(1),1127(1),1230(10);2;GPS+GLO+GAL+BDS+QZS;CORS;AUS;-33.3331;117.4101;0;0;SEPT POLARX5;none;B;N;9600;ARGN
STR;WAIK00AUS0;Waikerie (SA);RTCM 3.3;1006(10),1013(10),1019(60),1020(60),1033(10),1042(60),1044(60),1046(60),1077(1),1087(1),1097(1),1117(1),1127(1),1230(10);2;GPS+GLO+GAL+BDS+QZS;CORS;AUS;-34.1824;140.0334;0;0;SEPT POLARX5;none;B;N;9600;ARGN
STR;WALH00AUS0;Walhallow (NT);RTCM 3.3;1006(10),1013(10),1019(60),1020(60),1033(10),1042(60),1044(60),1046(60),1077(1),1087(1),1097(1),1117(1),1127(1),1230(10);2;GPS+GLO+GAL+BDS+QZS;CORS;AUS;-17.7763;135.6433;0;0;SEPT POLARX5;none;B;N;9600;ARGN
STR;WARA00AUS0;Warakurna (WA);RTCM 3.3;1006(10),1013(10),1019(60),1020(60),1033(10),1042(60),1044(60),1046(60),1077(1),1087(1),1097(1),1117(1),1127(1),1230(10);2;GPS+GLO+GAL+BDS+QZS;CORS;AUS;-25.0372;128.2962;0;0;TRIMBLE ALLOY;none;B;N;9600;ARGN
STR;WARB00AUS0;Warburton (WA);RTCM 3.3;1006(10),1013(10),1019(60),1020(60),1033(10),1042(60),1044(60),1046(60),1077(1),1087(1),1097(1),1117(1),1127(1),1230(10);2;GPS+GLO+GAL+BDS+QZS;CORS;AUS;-26.1775;126.6350;0;0;SEPT POLARX5;none;B;N;9600;ARGN
STR;WILU00AUS0;Wiluna (WA);RTCM 3.3;1006(10),1013(10),1019(60),1020(60),1033(10),1042(60),1044(60),1046(60),1077(1),1087(1),1097(1),1117(1),1127(1),1230(10);2;GPS+GLO+GAL+BDS+QZS;CORS;AUS;-26.6257;120.2184;0;0;SEPT POLARX5;none;B;N;9600;ARGN
STR;WLAL00AUS0;Wallal (WA);RTCM 3.3;1006(10),1013(10),1019(60),1020(60),1033(10),1042(60),1044(60),1046(60),1077(1),1087(1),1097(1),1117(1),1127(1),1230(10);2;GPS+GLO+GAL+BDS+QZS;CORS;AUS;-19.7786;120.6435;0;0;SEPT POLARX5;none;B;N;9600;ARGN
STR;WLCR00AUS0;William Creek (SA);RTCM 3.3;1006(10),1013(10),1019(60),1020(60),1033(10),1042(60),1044(60),1046(60),1077(1),1087(1),1097(1),1117(1),1127(1),1230(10);2;GPS+GLO+GAL+BDS+QZS;CORS;AUS;-28.9113;136.3427;0;0;SEPT POLARX5;none;B;N;9600;ARGN
STR;WMGA00AUS0;Warramunga (NT);RTCM 3.3;1006(10),1013(10),1019(60),1020(60),1033(10),1042(60),1044(60),1046(60),1077(1),1087(1),1097(1),1117(1),1127(1),1230(10);2;GPS+GLO+GAL+BDS+QZS;CORS;AUS;-19.9334;134.3545;0;0;SEPT POLARX5;none;B;N;9600;ARGN
STR;WNTN00AUS0;Winton (QLD);RTCM 3.3;1006(10),1013(10),1019(60),1020(60),1033(10),1042(60),1044(60),1046(60),1077(1),1087(1),1097(1),1117(1),1127(1),1230(10);2;GPS+GLO+GAL+BDS+QZS;CORS;AUS;-22.4692;143.0063;0;0;TRIMBLE ALLOY;none;B;N;9600;ARGN
STR;WTHL00AUS0;Springton (SA);RTCM 3.3;1006(10),1013(10),1019(60),1020(60),1033(10),1042(60),1044(60),1046(60),1077(1),1087(1),1097(1),1117(1),1127(1),1230(10);2;GPS+GLO+GAL+BDS+QZS;CORS;AUS;-34.7010;139.1932;0;0;SEPT POLARX5;none;B;N;9600;ARGN
STR;WYRL00AUS0;Wyaralong (QLD);RTCM 3.3;1006(10),1013(10),1019(60),1020(60),1033(10),1042(60),1044(60),1046(60),1077(1),1087(1),1097(1),1117(1),1127(1),1230(10);2;GPS+GLO+GAL+BDS+QZS;CORS;AUS;-27.9275;152.7901;0;0;TRIMBLE ALLOY;none;B;N;9600;ARGN
STR;XMIS00AUS0;Christmas Island (WA);RTCM 3.3;1006(10),1013(10),1019(60),1020(60),1033(10),1042(60),1044(60),1046(60),1077(1),1087(1),1097(1),1117(1),1127(1),1230(10);2;GPS+GLO+GAL+BDS+QZS;CORS;AUS;-10.4500;105.6885;0;0;TRIMBLE NETR9;none;B;N;9600;ARGN
STR;YAR200AUS0;Yarragadee (WA);RTCM 3.3;1006(10),1013(10),1019(60),1020(60),1033(10),1042(60),1044(60),1046(60),1077(1),1087(1),1097(1),1117(1),1127(1),1230(10);2;GPS+GLO+GAL+BDS+QZS;CORS;AUS;-29.0466;115.3470;0;0;TRIMBLE ALLOY;none;B;N;9600;ARGN
STR;YAR300AUS0;Yarragadee (WA);RTCM 3.3;1006(10),1013(10),1019(60),1020(60),1033(10),1042(60),1044(60),1046(60),1077(1),1087(1),1097(1),1117(1),1127(1),1230(10);2;GPS+GLO+GAL+BDS+QZS;CORS;AUS;-29.0465;115.3472;0;0;SEPT POLARX5;none;B;N;9600;ARGN
STR;YARR00AUS0;Yarragadee (WA);RTCM 3.3;1006(10),1013(10),1019(60),1020(60),1033(10),1042(60),1044(60),1046(60),1077(1),1087(1),1097(1),1117(1),1127(1),1230(10);2;GPS+GLO+GAL+BDS+QZS;CORS;AUS;-29.0466;115.3470;0;0;SEPT POLARX5;none;B;N;9600;ARGN
STR;YEEL00AUS0;Yeelana (SA);RTCM 3.3;1006(10),1013(10),1019(60),1020(60),1033(10),1042(60),1044(60),1046(60),1077(1),1087(1),1097(1),1117(1),1127(1),1230(10);2;GPS+GLO+GAL+BDS+QZS;CORS;AUS;-34.1442;135.7844;0;0;LEICA GR30;none;B;N;9600;ARGN
STR;YELO00AUS0;Yellowdine (WA);RTCM 3.3;1006(10),1013(10),1019(60),1020(60),1033(10),1042(60),1044(60),1046(60),1077(1),1087(1),1097(1),1117(1),1127(1),1230(10);2;GPS+GLO+GAL+BDS+QZS;CORS;AUS;-31.2907;119.6458;0;0;TRIMBLE NETR9;none;B;N;9600;ARGN
STR;YNKI00AUS0;Yanakie (VIC);RTCM 3.3;1006(10),1013(10),1019(60),1020(60),1033(10),1042(60),1044(60),1046(60),1077(1),1087(1),1097(1),1117(1),1127(1),1230(10);2;GPS+GLO+GAL+BDS+QZS;CORS;AUS;-38.7700;146.2200;0;0;TRIMBLE ALLOY;none;B;Y;9600;ARGN
STR;YULA00AUS0;Yulara (NT);RTCM 3.3;1006(10),1013(10),1019(60),1020(60),1033(10),1042(60),1044(60),1046(60),1077(1),1087(1),1097(1),1117(1),1127(1),1230(10);2;GPS+GLO+GAL+BDS+QZS;CORS;AUS;-25.2311;130.9416;0;0;TRIMBLE NETR9;none;B;N;9600;ARGN
STR;YUNT00AUS0;Yunta (SA);RTCM 3.3;1006(10),1013(10),1019(60),1020(60),1033(10),1042(60),1044(60),1046(60),1077(1),1087(1),1097(1),1117(1),1127(1),1230(10);2;GPS+GLO+GAL+BDS+QZS;CORS;AUS;-32.5648;139.5979;0;0;SEPT POLARX5;none;B;N;9600;ARGN
STR;BKNL00AUS0;Broken Hill (NSW);RTCM 3.3;1006(15),1008(15),1013(60),1019(60),1020(60),1033(15),1077(1),1087(1),1097(1),1117(1),1127(1),1230(60);2;GPS+GLO+GAL+BDS+QZS;CORS;AUS;-31.9963;141.4701;0;0;TRIMBLE ALLOY;none;B;N;2000;ARGN
STR;IHOE00AUS0;Ivanhoe (NSW);RTCM 3.2;1006(15),1008(15),1013(60),1019(60),1020(60),1033(15),1077(1),1087(1),1097(1),1117(1),1127(1),1230(60);2;GPS+GLO+GAL+BDS+QZS;CORS;AUS;-32.8641;143.4921;0;0;TRIMBLE ALLOY;none;B;N;2000;ARGN
STR;PTKL00AUS0;Port Kembla (NSW);RTCM 3.2;1006(15),1008(15),1013(60),1019(60),1020(60),1033(15),1077(1),1087(1),1097(1),1117(1),1127(1),1230(60);2;GPS+GLO+GAL+BDS+QZS;CORS;AUS;-34.4756;150.9137;0;0;TRIMBLE ALLOY;none;B;N;2000;ARGN
STR;PTLD00AUS0;Portland (VIC);RTCM 3.3;1006(15),1008(15),1013(60),1019(60),1020(60),1033(15),1077(1),1087(1),1097(1),1117(1),1127(1),1230(60);2;GPS+GLO+GAL+BDS+QZS;CORS;AUS;-38.3000;141.5000;0;0;TRIMBLE ALLOY;none;B;N;9600;ARGN
STR;CA0700AUS0;Wilton Park (NSW);RTCM 3.3;1006(10),1013(10),1019(60),1020(60),1033(10),1042(60),1044(60),1046(60),1077(1),1087(1),1097(1),1117(1),1127(1),1230(10);2;GPS+GLO+GAL+BDS+QZS;CORS;AUS;-34.2216;150.6391;0;0;TRIMBLE NETR9;none;B;N;9600;ARGN
STR;CA1000AUS0;Mount Annan (NSW);RTCM 3.3;1006(10),1013(10),1019(60),1020(60),1033(10),1042(60),1044(60),1046(60),1077(1),1087(1),1097(1),1117(1),1127(1),1230(10);2;GPS+GLO+GAL+BDS+QZS;CORS;AUS;-34.0719;150.7602;0;0;TRIMBLE NETR9;none;B;N;9600;ARGN
STR;KIST00AUS0;Kingston (SA);RTCM 3.3;1006(10),1013(10),1019(60),1020(60),1033(10),1042(60),1044(60),1046(60),1077(1),1087(1),1097(1),1117(1),1127(1),1230(10);2;GPS+GLO+GAL+BDS+QZS;CORS;AUS;-36.8299;139.8642;0;0;TRIMBLE ALLOY;none;B;N;9600;ARGN
STR;CNBN00AUS0;Coonabarabran (NSW);RTCM 3.3;1006(15),1008(15),1013(60),1019(60),1020(60),1033(15),1077(1),1087(1),1097(1),1117(1),1127(1),1230(60);2;GPS+GLO+GAL+BDS+QZS;CORS;AUS;-31.3333;149.2696;0;0;TRIMBLE ALLOY;none;B;N;9600;ARGN
STR;HERN00AUS0;Hernani (NSW);RTCM 3.3;1006(15),1008(15),1013(60),1019(60),1020(60),1033(15),1077(1),1087(1),1097(1),1117(1),1127(1),1230(60);2;GPS+GLO+GAL+BDS+QZS;CORS;AUS;-30.3266;152.4869;0;0;TRIMBLE ALLOY;none;B;N;9600;ARGN
STR;BING00AUS0;Bingleburra (NSW);RTCM 3.3;1006(15),1008(15),1013(60),1019(60),1020(60),1033(15),1077(1),1087(1),1097(1),1117(1),1127(1),1230(60);2;GPS+GLO+GAL+BDS+QZS;CORS;AUS;-32.4118;151.6523;0;0;TRIMBLE ALLOY;none;B;N;9600;ARGN
STR;WWLG00AUS0;West Wyalong (NSW);RTCM 3.3;1006(15),1008(15),1013(60),1019(60),1020(60),1033(15),1077(1),1087(1),1097(1),1117(1),1127(1),1230(60);2;GPS+GLO+GAL+BDS+QZS;CORS;AUS;-33.7034;147.3217;0;0;TRIMBLE ALLOY;none;B;N;2000;ARGN
STR;TBOB00AUS0;Tibooburra (NSW);RTCM 3.3;1006(15),1008(15),1013(60),1019(60),1020(60),1033(15),1077(1),1087(1),1097(1),1117(1),1127(1),1230(60);2;GPS+GLO+GAL+BDS+QZS;CORS;AUS;-29.4502;142.0574;0;0;TRIMBLE ALLOY;none;B;N;2000;ARGN
STR;NBRK00AUS0;North Bourke (NSW);RTCM 3.2;1006(15),1008(15),1013(60),1019(60),1020(60),1033(15),1077(1),1087(1),1097(1),1117(1),1127(1),1230(60);2;GPS+GLO+GAL+BDS+QZS;CORS;AUS;-29.6772;145.8140;0;0;TRIMBLE ALLOY;none;B;N;2000;ARGN
STR;NSTA00AUS0;North Star (NSW);RTCM 3.2;1006(15),1008(15),1013(60),1019(60),1020(60),1033(15),1077(1),1087(1),1097(1),1117(1),1127(1),1230(60);2;GPS+GLO+GAL+BDS+QZS;CORS;AUS;-29.0456;150.4441;0;0;TRIMBLE ALLOY;none;B;N;2000;ARGN
STR;GABO00AUS0;Gabo Island (VIC);RTCM 3.2;1006(15),1008(15),1013(60),1019(60),1020(60),1033(15),1077(1),1087(1),1097(1),1117(1),1127(1),1230(60);2;GPS+GLO+GAL+BDS+QZS;CORS;AUS;-37.5700;149.9200;0;0;TRIMBLE ALLOY;none;B;N;2000;ARGN
STR;PTVL00VUT0;Port Vila;RTCM 3.3;1006(10),1013(10),1019(60),1020(60),1033(10),1042(60),1044(60),1046(60),1077(1),1087(1),1097(1),1117(1),1127(1),1230(10);2;GPS+GLO+GAL+BDS+QZS;CORS;VUT;-17.7494;168.3150;0;0;TRIMBLE NETR9;none;B;N;9600;SPRGN
STR;SOLO00SLB0;Honiara;RTCM 3.3;1006(10),1013(10),1019(60),1020(60),1033(10),1042(60),1044(60),1046(60),1077(1),1087(1),1097(1),1117(1),1127(1),1230(10);2;GPS+GLO+GAL+BDS+QZS;CORS;SLB;-9.4349;159.9543;0;0;TRIMBLE NETR9;none;B;N;9600;SPRGN
STR;TUVA00TUV0;Funafuti;RTCM 3.3;1006(10),1013(10),1019(60),1020(60),1033(10),1042(60),1044(60),1046(60),1077(1),1087(1),1097(1),1117(1),1127(1),1230(10);2;GPS+GLO+GAL+BDS+QZS;CORS;TUV;-8.5253;179.1966;0;0;TRIMBLE NETR9;none;B;N;9600;SPRGN
STR;MAJU00MHL0;Majuro;RTCM 3.3;1006(10),1013(10),1019(60),1020(60),1033(10),1042(60),1044(60),1046(60),1077(1),1087(1),1097(1),1117(1),1127(1),1230(10);2;GPS+GLO+GAL+BDS+QZS;CORS;MHL;7.1191;171.3645;0;0;SEPT POLARX4TR;none;B;N;9600;SPRGN
STR;CKIS00COK0;Rarotonga;RTCM 3.3;1006(10),1013(10),1019(60),1020(60),1033(10),1042(60),1044(60),1046(60),1077(1),1087(1),1097(1),1117(1),1127(1),1230(10);2;GPS+GLO+GAL+BDS+QZS;CORS;COK;-21.2009;-159.8006;0;0;TRIMBLE NETR9;none;B;N;9600;SPRGN
STR;NAUR00NRU0;Nauru;RTCM 3.3;1006(10),1013(10),1019(60),1020(60),1033(10),1042(60),1044(60),1046(60),1077(1),1087(1),1097(1),1117(1),1127(1),1230(10);2;GPS+GLO+GAL+BDS+QZS;CORS;NRU;-0.5518;166.9256;0;0;SEPT POLARX4TR;none;B;N;9600;SPRGN
STR;TONG00TON0;Nuku'alofa;RTCM 3.3;1006(10),1013(10),1019(60),1020(60),1033(10),1042(60),1044(60),1046(60),1077(1),1087(1),1097(1),1117(1),1127(1),1230(10);2;GPS+GLO+GAL+BDS+QZS;CORS;TON;-21.1447;-175.1792;0;0;SEPT POLARX5;none;B;N;9600;SPRGN
STR;LAUT00FJI0;Lautoka;RTCM 3.3;1006(10),1013(10),1019(60),1020(60),1033(10),1042(60),1044(60),1046(60),1077(1),1087(1),1097(1),1117(1),1127(1),1230(10);2;GPS+GLO+GAL+BDS+QZS;CORS;FJI;-17.6088;177.4466;0;0;SEPT POLARX5;none;B;N;9600;SPRGN
STR;PNGM00PNG0;Manus Island;RTCM 3.3;1006(10),1013(10),1019(60),1020(60),1033(10),1042(60),1044(60),1046(60),1077(1),1087(1),1097(1),1117(1),1127(1),1230(10);2;GPS+GLO+GAL+BDS+QZS;CORS;PNG;-2.0432;147.3660;0;0;TRIMBLE NETR9;none;B;N;9600;SPRGN
STR;SAMO00WSM0;Apia;RTCM 3.3;1006(10),1013(10),1019(60),1020(60),1033(10),1042(60),1044(60),1046(60),1077(1),1087(1),1097(1),1117(1),1127(1),1230(10);2;GPS+GLO+GAL+BDS+QZS;CORS;WSM;-13.8492;-171.7384;0;0;TRIMBLE NETR9;none;B;N;9600;SPRGN
STR;KIRI00KIR0;Betio;RTCM 3.3;1006(10),1013(10),1019(60),1020(60),1033(10),1042(60),1044(60),1046(60),1077(1),1087(1),1097(1),1117(1),1127(1),1230(10);2;GPS+GLO+GAL+BDS+QZS;CORS;KIR;1.3546;172.9229;0;0;TRIMBLE NETR9;none;B;N;9600;SPRGN
STR;POHN00FSM0;Pohnpei;RTCM 3.3;1006(10),1013(10),1019(60),1020(60),1033(10),1042(60),1044(60),1046(60),1077(1),1087(1),1097(1),1117(1),1127(1),1230(10);2;GPS+GLO+GAL+BDS+QZS;CORS;FSM;6.9599;158.2101;0;0;SEPT POLARX5;none;B;N;9600;SPRGN
STR;SUV100FJI0;Suva (Suva);RTCM 3.3;1006(10),1013(10),1019(60),1020(60),1033(10),1042(60),1044(60),1046(60),1077(1),1087(1),1097(1),1117(1),1127(1),1230(10);2;GPS+GLO+GAL+BDS+QZS;CORS;FSM;6.9599;158.2101;0;0;SEPT POLARX5;none;B;N;9600;SPC-GNSS-CORS
STR;DPRT00AUS0;Devonport (TAS);RTCM 3.3;1006(10),1013(10),1019(60),1020(60),1033(10),1042(60),1044(60),1046(60),1077(1),1087(1),1097(1),1117(1),1127(1),1230(10);2;GPS+GLO+GAL+BDS+QZS;CORS;AUS;-41.1786;146.3496;0;0;SEPT POLARX5;none;B;N;9600;DPIPWE
STR;LILY00AUS0;Lilydale (TAS);RTCM 3.3;1006(10),1013(10),1019(60),1020(60),1033(10),1042(60),1044(60),1046(60),1077(1),1087(1),1097(1),1117(1),1127(1),1230(10);2;GPS+GLO+GAL+BDS+QZS;CORS;AUS;-41.2516;147.2148;0;0;SEPT POLARX5;none;B;N;9600;DPIPWE
STR;TRN100AUS0;Taroona (TAS);RTCM 3.3;1006(10),1013(10),1019(60),1020(60),1033(10),1042(60),1044(60),1046(60),1077(1),1087(1),1097(1),1117(1),1127(1),1230(10);2;GPS+GLO+GAL+BDS+QZS;CORS;AUS;-42.9425;147.3551;0;0;SEPT POLARX5;none;B;N;9600;DPIPWE
STR;TAVC00FJI0;Waiyevo(Northern Division,Taveuni Island,Cakaudrove);RTCM 3.3;1006(10),1008(10),1013(10),1019(60),1020(60),1033(10),1077(1),1087(1);0;GPS+GLO;CORS;FJI;-16.4754;-179.5945;0;0;LEICA GR10;none;B;N;9600;FJGRN
STR;CLEV00AUS0;Cleveland (QLD);RTCM 3.3;1006(10),1013(10),1019(60),1020(60),1033(10),1042(60),1044(60),1046(60),1077(1),1087(1),1097(1),1117(1),1127(1),1230(10);2;GPS+GLO+GAL+BDS+QZS;CORS;AUS;-27.5262;153.2665;0;0;TRIMBLE NETR9;none;B;N;9600;SUNPOZ
STR;CPTG00AUS0;Cairns (QLD);RTCM 3.3;1006(15),1008(15),1013(60),1019(60),1020(60),1033(15),1077(1),1087(1),1097(1),1117(1),1127(1),1230(60);2;GPS+GLO+GAL+BDS+QZS;CORS;AUS;-16.9305;145.7798;0;0;SEPT POLARX5;none;B;N;9600;SUNPOZ
STR;ROBI00AUS0;Robina (QLD);RTCM 3.3;1006(10),1013(10),1019(60),1020(60),1033(10),1042(60),1044(60),1046(60),1077(1),1087(1),1097(1),1117(1),1127(1),1230(10);2;GPS+GLO+GAL+BDS+QZS;CORS;AUS;-28.0770;153.3813;0;0;TRIMBLE NETR9;none;B;N;9600;SUNPOZ
STR;BDST00AUS0;Beaudesert (QLD);RTCM 3.3;1006(10),1013(10),1019(60),1020(60),1033(10),1042(60),1044(60),1046(60),1077(1),1087(1),1097(1),1117(1),1127(1),1230(10);2;GPS+GLO+GAL+BDS+QZS;CORS;AUS;-27.9871;152.9951;0;0;TRIMBLE NETR9;none;B;N;9600;SUNPOZ
STR;BEE200AUS0;Beenleigh 2 (QLD);RTCM 3.3;1006(10),1013(10),1019(60),1020(60),1033(10),1042(60),1044(60),1046(60),1077(1),1087(1),1097(1),1117(1),1127(1),1230(10);2;GPS+GLO+GAL+BDS+QZS;CORS;AUS;-27.7203;153.2025;0;0;TRIMBLE NETR9;none;B;N;9600;SUNPOZ
STR;BPTG00AUS0;Bundaberg (QLD);RTCM 3.3;1006(10),1013(10),1019(60),1020(60),1033(10),1042(60),1044(60),1046(60),1077(1),1087(1),1097(1),1117(1),1127(1),1230(10);2;GPS+GLO+GAL+BDS+QZS;CORS;AUS;-24.7702;152.3818;0;0;SEPT POLARX5;none;B;N;9600;SUNPOZ
STR;CBLT00AUS0;Caboolture (QLD);RTCM 3.3;1006(10),1013(10),1019(60),1020(60),1033(10),1042(60),1044(60),1046(60),1077(1),1087(1),1097(1),1117(1),1127(1),1230(10);2;GPS+GLO+GAL+BDS+QZS;CORS;AUS;-27.0844;152.9515;0;0;TRIMBLE NETR9;none;B;N;9600;SUNPOZ
STR;DALB00AUS0;Dalby (QLD);RTCM 3.3;1006(10),1013(10),1019(60),1020(60),1033(10),1042(60),1044(60),1046(60),1077(1),1087(1),1097(1),1117(1),1127(1),1230(10);2;GPS+GLO+GAL+BDS+QZS;CORS;AUS;-27.1705;151.2638;0;0;TRIMBLE NETR9;none;B;N;9600;SUNPOZ
STR;GATT00AUS0;Gatton (QLD);RTCM 3.3;1006(10),1013(10),1019(60),1020(60),1033(10),1042(60),1044(60),1046(60),1077(1),1087(1),1097(1),1117(1),1127(1),1230(10);2;GPS+GLO+GAL+BDS+QZS;CORS;AUS;-27.5439;152.3311;0;0;TRIMBLE NETR9;none;B;N;9600;SUNPOZ
STR;PTLK00AUS0;Point Lookout (QLD);RTCM 3.3;1006(10),1013(10),1019(60),1020(60),1033(10),1042(60),1044(60),1046(60),1077(1),1087(1),1097(1),1117(1),1127(1),1230(10);2;GPS+GLO+GAL+BDS+QZS;CORS;AUS;-27.4356;153.5234;0;0;SEPT POLARX5;none;B;N;9600;SUNPOZ
STR;TOOG00AUS0;Toogoolawah (QLD);RTCM 3.3;1006(10),1013(10),1019(60),1020(60),1033(10),1042(60),1044(60),1046(60),1077(1),1087(1),1097(1),1117(1),1127(1),1230(10);2;GPS+GLO+GAL+BDS+QZS;CORS;AUS;-27.0833;152.3664;0;0;TRIMBLE NETR9;none;B;N;9600;SUNPOZ
STR;TPTG00AUS0;Townsville (QLD);RTCM 3.3;1006(15),1008(15),1013(60),1019(60),1020(60),1033(15),1077(1),1087(1),1097(1),1117(1),1127(1),1230(60);2;GPS+GLO+GAL+BDS+QZS;CORS;AUS;-19.2454;146.8370;0;0;SEPT POLARX5;none;B;N;9600;SUNPOZ
STR;URTG00AUS0;Urangan (QLD);RTCM 3.3;1006(10),1013(10),1019(60),1020(60),1033(10),1042(60),1044(60),1046(60),1077(1),1087(1),1097(1),1117(1),1127(1),1230(10);0;GPS+GLO+GAL+BDS+QZS;CORS;AUS;-25.2947;152.9121;0;0;SEPT POLARX5;none;B;N;9600;SUNPOZ
STR;WARW00AUS0;Warwick (QLD);RTCM 3.3;1006(10),1013(10),1019(60),1020(60),1033(10),1042(60),1044(60),1046(60),1077(1),1087(1),1097(1),1117(1),1127(1),1230(10);2;GPS+GLO+GAL+BDS+QZS;CORS;AUS;-28.2135;152.0304;0;0;TRIMBLE NETR9;none;B;N;9600;SUNPOZ
STR;ABGR00AUS0;Abergowrie (QLD);RTCM 3.3;1006(10),1013(10),1019(60),1020(60),1033(10),1042(60),1044(60),1046(60),1077(1),1087(1),1097(1),1117(1),1127(1),1230(10);0;GPS+GLO+GAL+BDS+QZS;CORS;AUS;-18.4737;145.8829;0;0;LEICA GR30;none;B;N;9600;TMR
STR;BABN00AUS0;Babinda (QLD);RTCM 3.3;1006(10),1013(10),1019(60),1020(60),1033(10),1042(60),1044(60),1046(60),1077(1),1087(1),1097(1),1117(1),1127(1),1230(10);0;GPS+GLO+GAL+BDS+QZS;CORS;AUS;-17.3680;145.9146;0;0;LEICA GR10;none;B;N;9600;TMR
STR;BAMB00AUS0;Yuruga (QLD);RTCM 3.3;1006(10),1013(10),1019(60),1020(60),1033(10),1042(60),1044(60),1046(60),1077(1),1087(1),1097(1),1117(1),1127(1),1230(10);0;GPS+GLO+GAL+BDS+QZS;CORS;AUS;-18.8373;146.1556;0;0;LEICA GR30;none;B;N;9600;TMR
STR;BEAH00AUS0;Beerwah (QLD);RTCM 3.3;1006(10),1013(10),1019(60),1020(60),1033(10),1042(60),1044(60),1046(60),1077(1),1087(1),1097(1),1117(1),1127(1),1230(10);0;GPS+GLO+GAL+BDS+QZS;CORS;AUS;-26.8600;152.9600;0;0;TRIMBLE ALLOY;none;B;N;9600;TMR
STR;BELY00AUS0;Belyando River (QLD);RTCM 3.3;1006(10),1013(10),1019(60),1020(60),1033(10),1042(60),1044(60),1046(60),1077(1),1087(1),1097(1),1117(1),1127(1),1230(10);0;GPS+GLO+GAL+BDS+QZS;CORS;AUS;-21.5100;146.8078;0;0;LEICA GR30;none;B;N;9600;TMR
STR;BFDM00AUS0;Burdekin Falls Dam (QLD);RTCM 3.3;1006(10),1013(10),1019(60),1020(60),1033(10),1042(60),1044(60),1046(60),1077(1),1087(1),1097(1),1117(1),1127(1),1230(10);0;GPS+GLO+GAL+BDS+QZS;CORS;AUS;-20.6421;147.1447;0;0;LEICA GR30;none;B;N;9600;TMR
STR;BIBU00AUS0;Binna Burra (QLD);RTCM 3.3;1006(10),1013(10),1019(60),1020(60),1033(10),1042(60),1044(60),1046(60),1077(1),1087(1),1097(1),1117(1),1127(1),1230(10);0;GPS+GLO+GAL+BDS+QZS;CORS;AUS;-28.1603;153.1950;0;0;SEPT POLARX5;none;B;N;9600;TMR
STR;CDWL00AUS0;Cardwell (QLD);RTCM 3.3;1006(10),1013(10),1019(60),1020(60),1033(10),1042(60),1044(60),1046(60),1077(1),1087(1),1097(1),1117(1),1127(1),1230(10);0;GPS+GLO+GAL+BDS+QZS;CORS;AUS;-18.2671;146.0221;0;0;LEICA GR10;none;B;N;9600;TMR
STR;CHGE00AUS0;Chillagoe (QLD);RTCM 3.3;1006(10),1013(10),1019(60),1020(60),1033(10),1042(60),1044(60),1046(60),1077(1),1087(1),1097(1),1117(1),1127(1),1230(10);0;GPS+GLO+GAL+BDS+QZS;CORS;AUS;-17.1396;144.5278;0;0;LEICA GR30;none;B;N;9600;TMR
STR;CLON00AUS0;Cloncurry (QLD);RTCM 3.3;1006(10),1013(10),1019(60),1020(60),1033(10),1042(60),1044(60),1046(60),1077(1),1087(1),1097(1),1117(1),1127(1),1230(10);0;GPS+GLO+GAL+BDS+QZS;CORS;AUS;-20.7075;140.5090;0;0;TRIMBLE ALLOY;none;B;N;9600;TMR
STR;CLUM00AUS0;Mission Beach (QLD);RTCM 3.3;1006(10),1013(10),1019(60),1020(60),1033(10),1042(60),1044(60),1046(60),1077(1),1087(1),1097(1),1117(1),1127(1),1230(10);0;GPS+GLO+GAL+BDS+QZS;CORS;AUS;-17.8502;146.1067;0;0;LEICA GR10;none;B;N;9600;TMR
STR;CYDN00AUS0;Croydon (QLD);RTCM 3.3;1006(10),1013(10),1019(60),1020(60),1033(10),1042(60),1044(60),1046(60),1077(1),1087(1),1097(1),1117(1),1127(1),1230(10);0;GPS+GLO+GAL+BDS+QZS;CORS;AUS;-18.2174;142.2529;0;0;LEICA GR30;none;B;N;9600;TMR
STR;EWAN00AUS0;Basalt (QLD);RTCM 3.3;1006(10),1013(10),1019(60),1020(60),1033(10),1042(60),1044(60),1046(60),1077(1),1087(1),1097(1),1117(1),1127(1),1230(10);0;GPS+GLO+GAL+BDS+QZS;CORS;AUS;-19.3907;145.6363;0;0;LEICA GR30;none;B;N;9600;TMR
STR;FNTS00AUS0;Cloncurry (QLD);RTCM 3.3;1006(10),1013(10),1019(60),1020(60),1033(10),1042(60),1044(60),1046(60),1077(1),1087(1),1097(1),1117(1),1127(1),1230(10);0;GPS+GLO+GAL+BDS+QZS;CORS;AUS;-20.8002;139.9967;0;0;LEICA GR30;none;B;N;9600;TMR
STR;GGIN00AUS0;Gin Gin (QLD);RTCM 3.3;1006(10),1013(10),1019(60),1020(60),1033(10),1042(60),1044(60),1046(60),1077(1),1087(1),1097(1),1117(1),1127(1),1230(10);0;GPS+GLO+GAL+BDS+QZS;CORS;AUS;-24.9925;151.9735;0;0;LEICA GR30;none;B;N;9600;TMR
STR;GRNV00AUS0;Greenvale (QLD);RTCM 3.3;1006(10),1013(10),1019(60),1020(60),1033(10),1042(60),1044(60),1046(60),1077(1),1087(1),1097(1),1117(1),1127(1),1230(10);0;GPS+GLO+GAL+BDS+QZS;CORS;AUS;-19.0031;144.9916;0;0;LEICA GR30;none;B;N;9600;TMR
STR;GIRU00AUS0;Giru (QLD);RTCM 3.3;1006(10),1013(10),1019(60),1020(60),1033(10),1042(60),1044(60),1046(60),1077(1),1087(1),1097(1),1117(1),1127(1),1230(10);0;GPS+GLO+GAL+BDS+QZS;CORS;AUS;-19.5320;147.0788;0;0;LEICA GR30;none;B;N;9600;TMR
STR;GYMP00AUS0;Gympie (QLD);RTCM 3.3;1006(10),1013(10),1019(60),1020(60),1033(10),1042(60),1044(60),1046(60),1077(1),1087(1),1097(1),1117(1),1127(1),1230(10);0;GPS+GLO+GAL+BDS+QZS;CORS;AUS;-26.1900;152.6600;0;0;TRIMBLE ALLOY;none;B;N;9600;TMR
STR;HRVY00AUS0;Hervey Range (QLD);RTCM 3.3;1006(10),1013(10),1019(60),1020(60),1033(10),1042(60),1044(60),1046(60),1077(1),1087(1),1097(1),1117(1),1127(1),1230(10);0;GPS+GLO+GAL+BDS+QZS;CORS;AUS;-19.3313;146.5179;0;0;LEICA GR30;none;B;N;9600;TMR
STR;INGH00AUS0;Ingham (QLD);RTCM 3.3;1006(10),1013(10),1019(60),1020(60),1033(10),1042(60),1044(60),1046(60),1077(1),1087(1),1097(1),1117(1),1127(1),1230(10);0;GPS+GLO+GAL+BDS+QZS;CORS;AUS;-18.6700;146.1553;0;0;TRIMBLE ALLOY;none;B;N;9600;TMR
STR;INKR00AUS0;Inkerman (QLD);RTCM 3.3;1006(10),1013(10),1019(60),1020(60),1033(10),1042(60),1044(60),1046(60),1077(1),1087(1),1097(1),1117(1),1127(1),1230(10);0;GPS+GLO+GAL+BDS+QZS;CORS;AUS;-19.7869;147.5264;0;0;LEICA GR30;none;B;N;9600;TMR
STR;JAE100AUS0;Mt Surprise (QLD);RTCM 3.3;1006(10),1013(10),1019(60),1020(60),1033(10),1042(60),1044(60),1046(60),1077(1),1087(1),1097(1),1117(1),1127(1),1230(10);0;GPS+GLO+GAL+BDS+QZS;CORS;AUS;-18.1305;144.2906;0;0;LEICA GR30;none;B;N;9600;TMR
STR;MAGI00AUS0;Nelly Bay (QLD);RTCM 3.3;1006(10),1013(10),1019(60),1020(60),1033(10),1042(60),1044(60),1046(60),1077(1),1087(1),1097(1),1117(1),1127(1),1230(10);0;GPS+GLO+GAL+BDS+QZS;CORS;AUS;-19.1579;146.8504;0;0;LEICA GR30;none;B;N;9600;TMR
STR;MBCH00AUS0;Main Beach (QLD);RTCM 3.3;1006(10),1013(10),1019(60),1020(60),1033(10),1042(60),1044(60),1046(60),1077(1),1087(1),1097(1),1117(1),1127(1),1230(10);0;GPS+GLO+GAL+BDS+QZS;CORS;AUS;-27.9706;153.4275;0;0;LEICA GR30;none;B;N;9600;TMR
STR;MDRA00AUS0;Meandarra (QLD);RTCM 3.3;1006(10),1013(10),1019(60),1020(60),1033(10),1042(60),1044(60),1046(60),1077(1),1087(1),1097(1),1117(1),1127(1),1230(10);0;GPS+GLO+GAL+BDS+QZS;CORS;AUS;-27.3429;149.8745;0;0;LEICA GR30;none;B;N;9600;TMR
STR;MGNT00AUS0;Mt Garnet Rodeo Grounds (QLD);RTCM 3.3;1006(10),1013(10),1019(60),1020(60),1033(10),1042(60),1044(60),1046(60),1077(1),1087(1),1097(1),1117(1),1127(1),1230(10);0;GPS+GLO+GAL+BDS+QZS;CORS;AUS;-17.6987;145.0823;0;0;LEICA GR30;none;B;N;9600;TMR
STR;MLBA00AUS0;Mooloolaba (QLD);RTCM 3.3;1006(10),1013(10),1019(60),1020(60),1033(10),1042(60),1044(60),1046(60),1077(1),1087(1),1097(1),1117(1),1127(1),1230(10);0;GPS+GLO+GAL+BDS+QZS;CORS;AUS;-26.6842;153.1333;0;0;LEICA GR30;none;B;N;9600;TMR
STR;MLNY00AUS0;Maleny (QLD);RTCM 3.3;1006(10),1013(10),1019(60),1020(60),1033(10),1042(60),1044(60),1046(60),1077(1),1087(1),1097(1),1117(1),1127(1),1230(10);0;GPS+GLO+GAL+BDS+QZS;CORS;AUS;-26.7631;152.8476;0;0;TRIMBLE ALLOY;none;B;N;9600;TMR
STR;MOLY00AUS0;Mount Molloy (QLD);RTCM 3.3;1006(10),1013(10),1019(60),1020(60),1033(10),1042(60),1044(60),1046(60),1077(1),1087(1),1097(1),1117(1),1127(1),1230(10);0;GPS+GLO+GAL+BDS+QZS;CORS;AUS;-16.6767;145.3331;0;0;LEICA GR10;none;B;N;9600;TMR
STR;MRT100AUS0;Reid River (QLD);RTCM 3.3;1006(10),1013(10),1019(60),1020(60),1033(10),1042(60),1044(60),1046(60),1077(1),1087(1),1097(1),1117(1),1127(1),1230(10);0;GPS+GLO+GAL+BDS+QZS;CORS;AUS;-19.7571;146.8335;0;0;LEICA GR10;none;B;N;9600;TMR
STR;MRT200AUS0;Alva Beach (QLD);RTCM 3.3;1006(10),1013(10),1019(60),1020(60),1033(10),1042(60),1044(60),1046(60),1077(1),1087(1),1097(1),1117(1),1127(1),1230(10);0;GPS+GLO+GAL+BDS+QZS;CORS;AUS;-19.4598;147.4788;0;0;LEICA GR10;none;B;N;9600;TMR
STR;MRT400AUS0;Lucinda (QLD);RTCM 3.3;1006(10),1013(10),1019(60),1020(60),1033(10),1042(60),1044(60),1046(60),1077(1),1087(1),1097(1),1117(1),1127(1),1230(10);0;GPS+GLO+GAL+BDS+QZS;CORS;AUS;-18.5277;146.3284;0;0;LEICA GR10;none;B;N;9600;TMR
STR;MRT500AUS0;Peacock Siding (QLD);RTCM 3.3;1006(10),1013(10),1019(60),1020(60),1033(10),1042(60),1044(60),1046(60),1077(1),1087(1),1097(1),1117(1),1127(1),1230(10);0;GPS+GLO+GAL+BDS+QZS;CORS;AUS;-18.6849;145.9960;0;0;LEICA GR10;none;B;N;9600;TMR
STR;MRT600AUS0;Guthalungra (QLD);RTCM 3.3;1006(10),1013(10),1019(60),1020(60),1033(10),1042(60),1044(60),1046(60),1077(1),1087(1),1097(1),1117(1),1127(1),1230(10);0;GPS+GLO+GAL+BDS+QZS;CORS;AUS;-19.9229;147.8427;0;0;LEICA GR10;none;B;N;9600;TMR
STR;MRT700AUS0;Millaroo (QLD);RTCM 3.3;1006(10),1013(10),1019(60),1020(60),1033(10),1042(60),1044(60),1046(60),1077(1),1087(1),1097(1),1117(1),1127(1),1230(10);0;GPS+GLO+GAL+BDS+QZS;CORS;AUS;-20.0589;147.2807;0;0;LEICA GR10;none;B;N;9600;TMR
STR;MRT800AUS0;Bowen (QLD);RTCM 3.3;1006(10),1013(10),1019(60),1020(60),1033(10),1042(60),1044(60),1046(60),1077(1),1087(1),1097(1),1117(1),1127(1),1230(10);0;GPS+GLO+GAL+BDS+QZS;CORS;AUS;-19.9998;148.2270;0;0;LEICA GR10;none;B;N;9600;TMR
STR;MRT900AUS0;Collinsville (QLD);RTCM 3.3;1006(10),1013(10),1019(60),1020(60),1033(10),1042(60),1044(60),1046(60),1077(1),1087(1),1097(1),1117(1),1127(1),1230(10);0;GPS+GLO+GAL+BDS+QZS;CORS;AUS;-20.5560;147.8503;0;0;LEICA GR10;none;B;N;9600;TMR
STR;NAMB00AUS0;Nambour (QLD);RTCM 3.3;1006(10),1013(10),1019(60),1020(60),1033(10),1042(60),1044(60),1046(60),1077(1),1087(1),1097(1),1117(1),1127(1),1230(10);0;GPS+GLO+GAL+BDS+QZS;CORS;AUS;-26.6199;152.9681;0;0;TRIMBLE ALLOY;none;B;N;9600;TMR
STR;NERA00AUS0;Nerang (QLD);RTCM 3.3;1006(10),1013(10),1019(60),1020(60),1033(10),1042(60),1044(60),1046(60),1077(1),1087(1),1097(1),1117(1),1127(1),1230(10);0;GPS+GLO+GAL+BDS+QZS;CORS;AUS;-27.9908;153.3347;0;0;SEPT POLARX5;none;B;N;9600;TMR
STR;PIMP00AUS0;Pimpama (QLD);RTCM 3.3;1006(10),1013(10),1019(60),1020(60),1033(10),1042(60),1044(60),1046(60),1077(1),1087(1),1097(1),1117(1),1127(1),1230(10);0;GPS+GLO+GAL+BDS+QZS;CORS;AUS;-27.8067;153.3360;0;0;SEPT POLARX5;none;B;N;9600;TMR
STR;PITS00AUS0;Pittsworth (QLD);RTCM 3.3;1006(10),1013(10),1019(60),1020(60),1033(10),1042(60),1044(60),1046(60),1077(1),1087(1),1097(1),1117(1),1127(1),1230(10);0;GPS+GLO+GAL+BDS+QZS;CORS;AUS;-27.7162;151.6326;0;0;LEICA GR30;none;B;N;9600;TMR
STR;PMCV00AUS0;Palm Cove (QLD);RTCM 3.3;1006(10),1013(10),1019(60),1020(60),1033(10),1042(60),1044(60),1046(60),1077(1),1087(1),1097(1),1117(1),1127(1),1230(10);0;GPS+GLO+GAL+BDS+QZS;CORS;AUS;-16.7398;145.6727;0;0;LEICA GR10;none;B;N;9600;TMR
STR;PNTL00AUS0;Pentland (QLD);RTCM 3.3;1006(10),1013(10),1019(60),1020(60),1033(10),1042(60),1044(60),1046(60),1077(1),1087(1),1097(1),1117(1),1127(1),1230(10);0;GPS+GLO+GAL+BDS+QZS;CORS;AUS;-20.5218;145.4049;0;0;TRIMBLE ALLOY;none;B;N;9600;TMR
STR;RATH00AUS0;Rathdowney (QLD);RTCM 3.3;1006(10),1013(10),1019(60),1020(60),1033(10),1042(60),1044(60),1046(60),1077(1),1087(1),1097(1),1117(1),1127(1),1230(10);0;GPS+GLO+GAL+BDS+QZS;CORS;AUS;-28.2131;152.8670;0;0;SEPT POLARX5;none;B;N;9600;TMR
STR;RVSO00AUS0;Ravenshoe (QLD);RTCM 3.3;1006(10),1013(10),1019(60),1020(60),1033(10),1042(60),1044(60),1046(60),1077(1),1087(1),1097(1),1117(1),1127(1),1230(10);0;GPS+GLO+GAL+BDS+QZS;CORS;AUS;-17.6064;145.4827;0;0;LEICA GR10;none;B;N;9600;TMR
STR;STGE00AUS0;St George (QLD);RTCM 3.3;1006(10),1013(10),1019(60),1020(60),1033(10),1042(60),1044(60),1046(60),1077(1),1087(1),1097(1),1117(1),1127(1),1230(10);0;GPS+GLO+GAL+BDS+QZS;CORS;AUS;-28.0516;148.5876;0;0;LEICA GR30;none;B;N;9600;TMR
STR;SWTC00AUS0;Spring Mountain (QLD);RTCM 3.3;1006(10),1013(10),1019(60),1020(60),1033(10),1042(60),1044(60),1046(60),1077(1),1087(1),1097(1),1117(1),1127(1),1230(10);0;GPS+GLO+GAL+BDS+QZS;CORS;AUS;-27.6724;152.8771;0;0;LEICA GR30;none;B;N;9600;TMR
STR;TUL200AUS0;Tully (QLD);RTCM 3.3;1006(10),1013(10),1019(60),1020(60),1033(10),1042(60),1044(60),1046(60),1077(1),1087(1),1097(1),1117(1),1127(1),1230(10);0;GPS+GLO+GAL+BDS+QZS;CORS;AUS;-17.9329;145.9287;0;0;LEICA GR30;none;B;N;9600;TMR
STR;TULY00AUS0;Tully (QLD);RTCM 3.3;1006(10),1013(10),1019(60),1020(60),1033(10),1042(60),1044(60),1046(60),1077(1),1087(1),1097(1),1117(1),1127(1),1230(10);0;GPS+GLO+GAL+BDS+QZS;CORS;AUS;-17.9418;145.9316;0;0;LEICA GR10;none;B;N;9600;TMR
STR;WONG00AUS0;Wonga Beach (QLD);RTCM 3.3;1006(10),1013(10),1019(60),1020(60),1033(10),1042(60),1044(60),1046(60),1077(1),1087(1),1097(1),1117(1),1127(1),1230(10);0;GPS+GLO+GAL+BDS+QZS;CORS;AUS;-16.3591;145.4121;0;0;LEICA GR10;none;B;N;9600;TMR
STR;YLRB00AUS0;Yelarbon (QLD);RTCM 3.3;1006(10),1013(10),1019(60),1020(60),1033(10),1042(60),1044(60),1046(60),1077(1),1087(1),1097(1),1117(1),1127(1),1230(10);0;GPS+GLO+GAL+BDS+QZS;CORS;AUS;-28.6317;150.7322;0;0;LEICA GR30;none;B;N;9600;TMR
STR;BRIN00AUS0;Bringalily (QLD);RTCM 3.3;1006(10),1013(10),1019(60),1020(60),1033(10),1042(60),1044(60),1046(60),1077(1),1087(1),1097(1),1117(1),1127(1),1230(10);0;GPS+GLO+GAL+BDS+QZS;CORS;AUS;-28.1300;151.1700;0;0;LEICA GR30;none;B;N;9600;TMR
STR;MIRC00AUS0;Aloomba (QLD);RTCM 3.3;1006(10),1013(10),1019(60),1020(60),1033(10),1042(60),1044(60),1046(60),1077(1),1087(1),1097(1),1117(1),1127(1),1230(10);0;GPS+GLO+GAL+BDS+QZS;CORS;AUS;-17.1455;145.8506;0;0;LEICA GR30;none;B;N;9600;TMR
STR;BOYD00AUS0;Mourilyan (QLD);RTCM 3.3;1006(10),1013(10),1019(60),1020(60),1033(10),1042(60),1044(60),1046(60),1077(1),1087(1),1097(1),1117(1),1127(1),1230(10);0;GPS+GLO+GAL+BDS+QZS;CORS;AUS;-17.5901;146.0552;0;0;LEICA GR30;none;B;N;9600;TMR
STR;MAMU00AUS0;East Palmerston (QLD);RTCM 3.3;1006(10),1013(10),1019(60),1020(60),1033(10),1042(60),1044(60),1046(60),1077(1),1087(1),1097(1),1117(1),1127(1),1230(10);0;GPS+GLO+GAL+BDS+QZS;CORS;AUS;-17.6241;145.8158;0;0;LEICA GR30;none;B;N;9600;TMR
STR;FDRN00AUS0;Cooran(QLD);RTCM 3.3;1006(10),1013(10),1019(60),1020(60),1033(10),1042(60),1044(60),1046(60),1077(1),1087(1),1097(1),1117(1),1127(1),1230(10);0;GPS+GLO+GAL;APREF;AUS;-26.3855;152.7896;0;0;TRIMBLE SPS852;none;B;N;9600;TMR
STR;MOON00AUS0;Moonie(QLD);RTCM 3.3;1006(10),1013(10),1019(60),1020(60),1033(10),1042(60),1044(60),1046(60),1077(1),1087(1),1097(1),1117(1),1127(1),1230(10);0;GPS+GLO+GAL;APREF;AUS;-27.7162;150.3715;0;0;TRIMBLE ALLOY;none;B;N;9600;TMR
STR;MOOG00AUS0;Moogerah (QLD);RTCM 3.3;1006(10),1013(10),1019(60),1020(60),1033(10),1042(60),1044(60),1046(60),1077(1),1087(1),1097(1),1117(1),1127(1),1230(10);0;GPS+GLO+GAL+BDS+QZSS;APREF;AUS;-28.0456;152.5570;0;0;TRIMBLE ALLOY;none;B;N;9600;TMR
STR;RCHM00AUS0;Richmond (QLD);RTCM 3.3;1006(10),1013(10),1019(60),1020(60),1033(10),1042(60),1044(60),1046(60),1077(1),1087(1),1097(1),1117(1),1127(1),1230(10);0;GPS+GLO+GAL+BDS+QZSS;APREF;AUS;-20.7367;143.1472;0;0;TRIMBLE ALLOY;none;B;N;9600;TMR
STR;SURT00AUS0;Surat (QLD);RTCM 3.3;1006(10),1013(10),1019(60),1020(60),1033(10),1042(60),1044(60),1046(60),1077(1),1087(1),1097(1),1117(1),1127(1),1230(10);0;GPS+GLO+GAL+BDS+QZS;CORS;AUS;-27.1591;149.0716;0;0;LEICA GR30;none;B;N;9600;TMR
STR;VCRK00AUS0;Victoria Ck (QLD);RTCM 3.3;1006(10),1013(10),1019(60),1020(60),1033(10),1042(60),1044(60),1046(60),1077(1),1087(1),1097(1),1117(1),1127(1),1230(10);0;GPS+GLO+GAL+BDS+QZS;CORS;AUS;-20.8258;146.3782;0;0;LEICA GR30;none;B;N;9600;TMR
STR;WSTM00AUS0;Westmar (QLD);RTCM 3.3;1006(10),1013(10),1019(60),1020(60),1033(10),1042(60),1044(60),1046(60),1077(1),1087(1),1097(1),1117(1),1127(1),1230(10);0;GPS+GLO+GAL+BDS+QZS;CORS;AUS;-27.9139;149.7173;0;0;LEICA GR30;none;B;N;9600;TMR
STR;ADDE00AUS0;Adelaide (SA);RTCM 3.3;1006(10),1013(10),1019(60),1020(60),1033(10),1042(60),1044(60),1046(60),1077(1),1087(1),1097(1),1117(1),1127(1),1230(10);2;GPS+GLO+GAL+BDS+QZS;CORS;AUS;-34.9430;138.5797;0;0;TRIMBLE NETR9;none;B;N;9600;UPG Solutions
STR;BEGS00AUS0;Berry Springs (NT);RTCM 3.3;1006(10),1013(10),1019(60),1020(60),1033(10),1042(60),1044(60),1046(60),1077(1),1087(1),1097(1),1117(1),1127(1),1230(10);2;GPS+GLO+GAL+BDS+QZS;CORS;AUS;-12.7956;130.9803;0;0;TRIMBLE NETR9;none;B;N;9600;UPG Solutions
STR;BERI00AUS0;Berri (SA);RTCM 3.3;1006(10),1013(10),1019(60),1020(60),1033(10),1042(60),1044(60),1046(60),1077(1),1087(1),1097(1),1117(1),1127(1),1230(10);2;GPS+GLO+GAL+BDS+QZS;CORS;AUS;-34.2889;140.5981;0;0;TRIMBLE NETR9;none;B;N;9600;UPG Solutions
STR;BICH00AUS0;Bicheno (TAS);RTCM 3.3;1006(10),1013(10),1019(60),1020(60),1033(10),1042(60),1044(60),1046(60),1077(1),1087(1),1097(1),1117(1),1127(1),1230(10);2;GPS+GLO+GAL+BDS+QZS;CORS;AUS;-41.8738;148.3036;0;0;TRIMBLE NETR9;none;B;N;9600;UPG Solutions
STR;BOTH00AUS0;Bothwell (TAS);RTCM 3.3;1006(10),1013(10),1019(60),1020(60),1033(10),1042(60),1044(60),1046(60),1077(1),1087(1),1097(1),1117(1),1127(1),1230(10);2;GPS+GLO+GAL+BDS+QZS;CORS;AUS;-42.3820;147.0041;0;0;TRIMBLE NETR9;none;B;N;9600;UPG Solutions
STR;BRUI00AUS0;Bruny Island (TAS);RTCM 3.3;1006(10),1013(10),1019(60),1020(60),1033(10),1042(60),1044(60),1046(60),1077(1),1087(1),1097(1),1117(1),1127(1),1230(10);2;GPS+GLO+GAL+BDS+QZS;CORS;AUS;-43.3162;147.2436;0;0;TRIMBLE NETR9;none;B;N;9600;UPG Solutions
STR;CBEL00AUS0;Campbell Town (TAS);RTCM 3.3;1006(10),1013(10),1019(60),1020(60),1033(10),1042(60),1044(60),1046(60),1077(1),1087(1),1097(1),1117(1),1127(1),1230(10);2;GPS+GLO+GAL+BDS+QZS;CORS;AUS;-41.9325;147.4992;0;0;TRIMBLE NETR9;none;B;N;9600;UPG Solutions
STR;HOBA00AUS0;Hobart (TAS);RTCM 3.3;1006(10),1013(10),1019(60),1020(60),1033(10),1042(60),1044(60),1046(60),1077(1),1087(1),1097(1),1117(1),1127(1),1230(10);2;GPS+GLO+GAL+BDS+QZS;CORS;AUS;-42.8849;147.3281;0;0;TRIMBLE NETR9;none;B;N;9600;UPG Solutions
STR;HWSP00AUS0;Howard Springs (NT);RTCM 3.3;1006(10),1013(10),1019(60),1020(60),1033(10),1042(60),1044(60),1046(60),1077(1),1087(1),1097(1),1117(1),1127(1),1230(10);2;GPS+GLO+GAL+BDS+QZS;CORS;AUS;-12.5099;131.0824;0;0;TRIMBLE ALLOY;none;B;N;9600;UPG Solutions
STR;LOON00AUS0;Lambells Lagoon (NT);RTCM 3.3;1006(10),1013(10),1019(60),1020(60),1033(10),1042(60),1044(60),1046(60),1077(1),1087(1),1097(1),1117(1),1127(1),1230(10);2;GPS+GLO+GAL+BDS+QZS;CORS;AUS;-12.5731;131.2659;0;0;TRIMBLE NETR9;none;B;N;9600;UPG Solutions
STR;MDRH00AUS0;Mandorah (NT);RTCM 3.3;1006(10),1013(10),1019(60),1020(60),1033(10),1042(60),1044(60),1046(60),1077(1),1087(1),1097(1),1117(1),1127(1),1230(10);2;GPS+GLO+GAL+BDS+QZS;CORS;AUS;-12.4472;130.7411;0;0;TRIMBLE NETR9;none;B;N;9600;UPG Solutions
STR;ONKP00AUS0;Onkaparinga (SA);RTCM 3.3;1006(10),1013(10),1019(60),1020(60),1033(10),1042(60),1044(60),1046(60),1077(1),1087(1),1097(1),1117(1),1127(1),1230(10);2;GPS+GLO+GAL+BDS+QZS;CORS;AUS;-35.1773;138.4897;0;0;TRIMBLE NETR9;none;B;N;9600;UPG Solutions
STR;PLEA00AUS0;Mt Pleasant (SA);RTCM 3.3;1006(10),1013(10),1019(60),1020(60),1033(10),1042(60),1044(60),1046(60),1077(1),1087(1),1097(1),1117(1),1127(1),1230(10);2;GPS+GLO+GAL+BDS+QZS;CORS;AUS;-34.7461;139.0660;0;0;TRIMBLE NETR9;none;B;N;9600;UPG Solutions
STR;POAD00AUS0;Port Adelaide (SA);RTCM 3.3;1006(10),1013(10),1019(60),1020(60),1033(10),1042(60),1044(60),1046(60),1077(1),1087(1),1097(1),1117(1),1127(1),1230(10);2;GPS+GLO+GAL+BDS+QZS;CORS;AUS;-34.7778;138.4825;0;0;TRIMBLE NETR9;none;B;N;9600;UPG Solutions
STR;POAR00AUS0;Port Arthur (TAS);RTCM 3.3;1006(10),1013(10),1019(60),1020(60),1033(10),1042(60),1044(60),1046(60),1077(1),1087(1),1097(1),1117(1),1127(1),1230(10);2;GPS+GLO+GAL+BDS+QZS;CORS;AUS;-43.1431;147.8472;0;0;TRIMBLE NETR9;none;B;N;9600;UPG Solutions
STR;QUEE00AUS0;Queenstown (TAS);RTCM 3.3;1006(10),1013(10),1019(60),1020(60),1033(10),1042(60),1044(60),1046(60),1077(1),1087(1),1097(1),1117(1),1127(1),1230(10);2;GPS+GLO+GAL+BDS+QZS;CORS;AUS;-42.0796;145.5645;0;0;TRIMBLE NETR9;none;B;N;9600;UPG Solutions
STR;TIBD00AUS0;Tailem Bend (SA);RTCM 3.3;1006(10),1013(10),1019(60),1020(60),1033(10),1042(60),1044(60),1046(60),1077(1),1087(1),1097(1),1117(1),1127(1),1230(10);2;GPS+GLO+GAL+BDS+QZS;CORS;AUS;-35.2734;139.4600;0;0;TRIMBLE NETR9;none;B;N;9600;UPG Solutions
STR;TLTN00AUS0;Launceston (TAS);RTCM 3.3;1006(10),1013(10),1019(60),1020(60),1033(10),1042(60),1044(60),1046(60),1077(1),1087(1),1097(1),1117(1),1127(1),1230(10);2;GPS+GLO+GAL+BDS+QZS;CORS;AUS;-41.4187;147.1253;0;0;TRIMBLE NETR9;none;B;N;9600;UPG Solutions
STR;TSMI00AUS0;Smithton (TAS);RTCM 3.3;1006(10),1013(10),1019(60),1020(60),1033(10),1042(60),1044(60),1046(60),1077(1),1087(1),1097(1),1117(1),1127(1),1230(10);2;GPS+GLO+GAL+BDS+QZS;CORS;AUS;-40.8505;145.1324;0;0;TRIMBLE NETR9;none;B;N;9600;UPG Solutions
STR;VCTH00AUS0;Victor Harbour (SA);RTCM 3.3;1006(10),1013(10),1019(60),1020(60),1033(10),1042(60),1044(60),1046(60),1077(1),1087(1),1097(1),1117(1),1127(1),1230(10);2;GPS+GLO+GAL+BDS+QZS;CORS;AUS;-35.5548;138.6250;0;0;TRIMBLE NETR9;none;B;N;9600;UPG Solutions
STR;WHLA00AUS0;Whyalla (SA);RTCM 3.3;1006(10),1013(10),1019(60),1020(60),1033(10),1042(60),1044(60),1046(60),1077(1),1087(1),1097(1),1117(1),1127(1),1230(10);2;GPS+GLO+GAL+BDS+QZS;CORS;AUS;-33.0164;137.5916;0;0;TRIMBLE NETR9;none;B;N;9600;UPG Solutions
STR;ADMN00AUS0;Adaminaby (NSW);RTCM 3.2;1006(15),1008(15),1013(60),1019(60),1020(60),1033(15),1077(1),1087(1),1097(1),1117(1),1127(1),1230(60);2;GPS+GLO+GAL+BDS+QZS;CORS;AUS;-35.9929;148.7840;0;0;Unknown;none;B;N;2000;NSW DCS Spatial Services
STR;ANNA00AUS0;Anna Bay (NSW);RTCM 3.2;1006(15),1008(15),1013(60),1019(60),1020(60),1033(15),1077(1),1087(1),1097(1),1117(1),1127(1),1230(60);2;GPS+GLO+GAL+BDS+QZS;CORS;AUS;-32.7848;152.0863;0;0;Unknown;none;B;N;2000;NSW DCS Spatial Services
STR;ARDL00AUS0;Ardlethan (NSW);RTCM 3.2;1006(15),1008(15),1013(60),1019(60),1020(60),1033(15),1077(1),1087(1),1097(1),1117(1),1127(1),1230(60);2;GPS+GLO+GAL+BDS+QZS;CORS;AUS;-34.3509;146.9035;0;0;Unknown;none;B;N;2000;NSW DCS Spatial Services
STR;ARMD00AUS0;Armidale (NSW);RTCM 3.2;1006(15),1008(15),1013(60),1019(60),1020(60),1033(15),1077(1),1087(1),1097(1),1117(1),1127(1),1230(60);2;GPS+GLO+GAL+BDS+QZS;CORS;AUS;-30.5146;151.6658;0;0;Unknown;none;B;N;2000;NSW DCS Spatial Services
STR;ARD200AUS0;Armidale 2 (NSW);RTCM 3.2;1006(15),1008(15),1013(60),1019(60),1020(60),1033(15),1077(1),1087(1),1097(1),1117(1),1127(1),1230(60);2;GPS+GLO+GAL+BDS+QZS;CORS;AUS;-30.5209;151.6747;0;0;Unknown;none;B;N;2000;NSW DCS Spatial Services
STR;ASLY00AUS0;Ashley (NSW);RTCM 3.3;1006(15),1008(15),1013(60),1019(60),1020(60),1033(15),1077(1),1087(1),1097(1),1117(1),1127(1),1230(60);2;GPS+GLO+GAL+BDS+QZS;CORS;AUS;-29.3200;149.8089;0;0;unknown;none;B;N;2000;NSW DCS Spatial Services
STR;ASHF00AUS0;Ashford (NSW);RTCM 3.2;1006(15),1008(15),1013(60),1019(60),1020(60),1033(15),1077(1),1087(1),1097(1),1117(1),1127(1),1230(60);2;GPS+GLO+GAL+BDS+QZS;CORS;AUS;-29.3244;151.0931;0;0;Unknown;none;B;N;2000;NSW DCS Spatial Services
STR;BALN00AUS0;Ballina (NSW);RTCM 3.2;1006(15),1008(15),1013(60),1019(60),1020(60),1033(15),1077(1),1087(1),1097(1),1117(1),1127(1),1230(60);2;GPS+GLO+GAL+BDS+QZS;CORS;AUS;-28.8727;153.5641;0;0;Unknown;none;B;N;2000;NSW DCS Spatial Services
STR;BLRN00AUS0;Balranald (NSW);RTCM 3.2;1006(15),1008(15),1013(60),1019(60),1020(60),1033(15),1077(1),1087(1),1097(1),1117(1),1127(1),1230(60);2;GPS+GLO+GAL+BDS+QZS;CORS;AUS;-34.6459;143.5674;0;0;Unknown;none;B;N;2000;NSW DCS Spatial Services
STR;BANK00AUS0;Bankstown (NSW);RTCM 3.2;1006(15),1008(15),1013(60),1019(60),1020(60),1033(15),1077(1),1087(1),1097(1),1117(1),1127(1),1230(60);2;GPS+GLO+GAL+BDS+QZS;CORS;AUS;-33.9151;151.0363;0;0;Unknown;none;B;N;2000;NSW DCS Spatial Services
STR;BRBA00AUS0;Barraba (NSW);RTCM 3.2;1006(15),1008(15),1013(60),1019(60),1020(60),1033(15),1077(1),1087(1),1097(1),1117(1),1127(1),1230(60);2;GPS+GLO+GAL+BDS+QZS;CORS;AUS;-30.3804;150.6073;0;0;Unknown;none;B;N;2000;NSW DCS Spatial Services
STR;BATH00AUS0;Bathurst (NSW);RTCM 3.2;1006(15),1008(15),1013(60),1019(60),1020(60),1033(15),1077(1),1087(1),1097(1),1117(1),1127(1),1230(60);2;GPS+GLO+GAL+BDS+QZS;CORS;AUS;-33.4297;149.5672;0;0;Unknown;none;B;N;2000;NSW DCS Spatial Services
STR;BEGA00AUS0;Bega (NSW);RTCM 3.2;1006(15),1008(15),1013(60),1019(60),1020(60),1033(15),1077(1),1087(1),1097(1),1117(1),1127(1),1230(60);2;GPS+GLO+GAL+BDS+QZS;CORS;AUS;-36.6759;149.8420;0;0;Unknown;none;B;N;2000;NSW DCS Spatial Services
STR;BERM00AUS0;Bermagui (NSW);RTCM 3.2;1006(15),1008(15),1013(60),1019(60),1020(60),1033(15),1077(1),1087(1),1097(1),1117(1),1127(1),1230(60);2;GPS+GLO+GAL+BDS+QZS;CORS;AUS;-36.4306;150.0760;0;0;Unknown;none;B;N;2000;NSW DCS Spatial Services
STR;BLKT00AUS0;Blacktown (NSW);RTCM 3.2;1006(15),1008(15),1013(60),1019(60),1020(60),1033(15),1077(1),1087(1),1097(1),1117(1),1127(1),1230(60);2;GPS+GLO+GAL+BDS+QZS;CORS;AUS;-33.7718;150.9088;0;0;Unknown;none;B;N;2000;NSW DCS Spatial Services
STR;BLCK00AUS0;Blackville (NSW);RTCM 3.2;1006(15),1008(15),1013(60),1019(60),1020(60),1033(15),1077(1),1087(1),1097(1),1117(1),1127(1),1230(60);2;GPS+GLO+GAL+BDS+QZS;CORS;AUS;-31.6543;150.2447;0;0;Unknown;none;B;N;2000;NSW DCS Spatial Services
STR;BBDH00AUS0;Bobadah (NSW);RTCM 3.2;1006(15),1008(15),1013(60),1019(60),1020(60),1033(15),1077(1),1087(1),1097(1),1117(1),1127(1),1230(60);2;GPS+GLO+GAL+BDS+QZS;CORS;AUS;-32.3419;146.6540;0;0;Unknown;none;B;N;2000;NSW DCS Spatial Services
STR;BOMB00AUS0;Bombala (NSW);RTCM 3.2;1006(15),1008(15),1013(60),1019(60),1020(60),1033(15),1077(1),1087(1),1097(1),1117(1),1127(1),1230(60);2;GPS+GLO+GAL+BDS+QZS;CORS;AUS;-36.9121;149.2371;0;0;Unknown;none;B;N;2000;NSW DCS Spatial Services
STR;BLGL00AUS0;Booligal (NSW);RTCM 3.2;1006(15),1008(15),1013(60),1019(60),1020(60),1033(15),1077(1),1087(1),1097(1),1117(1),1127(1),1230(60);2;GPS+GLO+GAL+BDS+QZS;CORS;AUS;-33.8669;144.8856;0;0;Unknown;none;B;N;2000;NSW DCS Spatial Services
STR;BOOR00AUS0;Boorowa (NSW);RTCM 3.2;1006(15),1008(15),1013(60),1019(60),1020(60),1033(15),1077(1),1087(1),1097(1),1117(1),1127(1),1230(60);2;GPS+GLO+GAL+BDS+QZS;CORS;AUS;-34.4383;148.7017;0;0;Unknown;none;B;N;2000;NSW DCS Spatial Services
STR;BORA00AUS0;Borambil (NSW);RTCM 3.2;1006(15),1008(15),1013(60),1019(60),1020(60),1033(15),1077(1),1087(1),1097(1),1117(1),1127(1),1230(60);2;GPS+GLO+GAL+BDS+QZS;CORS;AUS;-31.5122;150.6408;0;0;Unknown;none;B;N;2000;NSW DCS Spatial Services
STR;BURK00AUS0;Bourke (NSW);RTCM 3.2;1006(15),1008(15),1013(60),1019(60),1020(60),1033(15),1077(1),1087(1),1097(1),1117(1),1127(1),1230(60);2;GPS+GLO+GAL+BDS+QZS;CORS;AUS;-30.0953;145.9343;0;0;Unknown;none;B;N;2000;NSW DCS Spatial Services
STR;BRDW00AUS0;Braidwood (NSW);RTCM 3.2;1006(15),1008(15),1013(60),1019(60),1020(60),1033(15),1077(1),1087(1),1097(1),1117(1),1127(1),1230(60);2;GPS+GLO+GAL+BDS+QZS;CORS;AUS;-35.4465;149.7852;0;0;Unknown;none;B;N;2000;NSW DCS Spatial Services
STR;BRWN00AUS0;Brewarrina (NSW);RTCM 3.2;1006(15),1008(15),1013(60),1019(60),1020(60),1033(15),1077(1),1087(1),1097(1),1117(1),1127(1),1230(60);2;GPS+GLO+GAL+BDS+QZS;CORS;AUS;-29.9684;146.8608;0;0;Unknown;none;B;N;2000;NSW DCS Spatial Services
STR;BUND00AUS0;Bundarra (NSW);RTCM 3.2;1006(15),1008(15),1013(60),1019(60),1020(60),1033(15),1077(1),1087(1),1097(1),1117(1),1127(1),1230(60);2;GPS+GLO+GAL+BDS+QZS;CORS;AUS;-30.1851;151.0897;0;0;Unknown;none;B;N;2000;NSW DCS Spatial Services
STR;BJCT00AUS0;Burren Junction (NSW);RTCM 3.2;1006(15),1008(15),1013(60),1019(60),1020(60),1033(15),1077(1),1087(1),1097(1),1117(1),1127(1),1230(60);2;GPS+GLO+GAL+BDS+QZS;CORS;AUS;-30.1017;148.9642;0;0;Unknown;none;B;N;2000;NSW DCS Spatial Services
STR;CNCD00AUS0;Concord (NSW);RTCM 3.3;1006(15),1008(15),1013(60),1019(60),1020(60),1033(15),1077(1),1087(1),1097(1),1117(1),1127(1),1230(60);2;GPS+GLO+GAL+BDS+QZS;CORS;AUS;-33.8568;151.0985;0;0;SEPT POLARX5;none;B;N;2000;NSW DCS Spatial Services
STR;CNDA00AUS0;Carinda (NSW);RTCM 3.2;1006(15),1008(15),1013(60),1019(60),1020(60),1033(15),1077(1),1087(1),1097(1),1117(1),1127(1),1230(60);2;GPS+GLO+GAL+BDS+QZS;CORS;AUS;-30.4653;147.6881;0;0;Unknown;none;B;N;2000;NSW DCS Spatial Services
STR;CSNO00AUS0;Casino (NSW);RTCM 3.2;1006(15),1008(15),1013(60),1019(60),1020(60),1033(15),1077(1),1087(1),1097(1),1117(1),1127(1),1230(60);2;GPS+GLO+GAL+BDS+QZS;CORS;AUS;-28.8656;153.0476;0;0;Unknown;none;B;N;2000;NSW DCS Spatial Services
STR;CESS00AUS0;Cessnock (NSW);RTCM 3.2;1006(15),1008(15),1013(60),1019(60),1020(60),1033(15),1077(1),1087(1),1097(1),1117(1),1127(1),1230(60);2;GPS+GLO+GAL+BDS+QZS;CORS;AUS;-32.8353;151.3566;0;0;Unknown;none;B;N;2000;NSW DCS Spatial Services
STR;CNWD00AUS0;Charnwood (ACT);RTCM 3.2;1006(15),1008(15),1013(60),1019(60),1020(60),1033(15),1077(1),1087(1),1097(1),1117(1),1127(1),1230(60);2;GPS+GLO+GAL+BDS+QZS;CORS;AUS;-35.2064;149.0328;0;0;Unknown;none;B;N;2000;NSW DCS Spatial Services
STR;CBAR00AUS0;Cobar (NSW);RTCM 3.2;1006(15),1008(15),1013(60),1019(60),1020(60),1033(15),1077(1),1087(1),1097(1),1117(1),1127(1),1230(60);2;GPS+GLO+GAL+BDS+QZS;CORS;AUS;-31.5137;145.8362;0;0;Unknown;none;B;N;2000;NSW DCS Spatial Services
STR;CFS200AUS0;Coffs Harbour (NSW);RTCM 3.3;1006(15),1008(15),1013(60),1019(60),1020(60),1033(15),1077(1),1087(1),1097(1),1117(1),1127(1),1230(60);2;GPS+GLO+GAL+BDS+QZS;CORS;AUS;-30.3035;153.1372;0;0;TRIMBLE ALLOY;none;B;N;2000;NSW DCS Spatial Services
STR;COLE00AUS0;Coleambally (NSW);RTCM 3.2;1006(15),1008(15),1013(60),1019(60),1020(60),1033(15),1077(1),1087(1),1097(1),1117(1),1127(1),1230(60);2;GPS+GLO+GAL+BDS+QZS;CORS;AUS;-34.8070;145.8802;0;0;Unknown;none;B;N;2000;NSW DCS Spatial Services
STR;CLBI00AUS0;Collarenebri (NSW);RTCM 3.2;1006(15),1008(15),1013(60),1019(60),1020(60),1033(15),1077(1),1087(1),1097(1),1117(1),1127(1),1230(60);2;GPS+GLO+GAL+BDS+QZS;CORS;AUS;-29.5426;148.5855;0;0;Unknown;none;B;N;2000;NSW DCS Spatial Services
STR;CNDO00AUS0;Condobolin (NSW);RTCM 3.2;1006(15),1008(15),1013(60),1019(60),1020(60),1033(15),1077(1),1087(1),1097(1),1117(1),1127(1),1230(60);2;GPS+GLO+GAL+BDS+QZS;CORS;AUS;-33.0852;147.1510;0;0;Unknown;none;B;N;2000;NSW DCS Spatial Services
STR;COBH00AUS0;Coolabah (NSW);RTCM 3.2;1006(15),1008(15),1013(60),1019(60),1020(60),1033(15),1077(1),1087(1),1097(1),1117(1),1127(1),1230(60);2;GPS+GLO+GAL+BDS+QZS;CORS;AUS;-30.8071;146.7808;0;0;Unknown;none;B;N;2000;NSW DCS Spatial Services
STR;CLAH00AUS0;Coolah (NSW);RTCM 3.2;1006(15),1008(15),1013(60),1019(60),1020(60),1033(15),1077(1),1087(1),1097(1),1117(1),1127(1),1230(60);2;GPS+GLO+GAL+BDS+QZS;CORS;AUS;-31.8305;149.7149;0;0;Unknown;none;B;N;2000;NSW DCS Spatial Services
STR;COMA00AUS0;Cooma (NSW);RTCM 3.2;1006(15),1008(15),1013(60),1019(60),1020(60),1033(15),1077(1),1087(1),1097(1),1117(1),1127(1),1230(60);2;GPS+GLO+GAL+BDS+QZS;CORS;AUS;-36.2354;149.1272;0;0;Unknown;none;B;N;2000;NSW DCS Spatial Services
STR;CBLE00AUS0;Coonamble (NSW);RTCM 3.2;1006(15),1008(15),1013(60),1019(60),1020(60),1033(15),1077(1),1087(1),1097(1),1117(1),1127(1),1230(60);2;GPS+GLO+GAL+BDS+QZS;CORS;AUS;-30.9535;148.3782;0;0;Unknown;none;B;N;2000;NSW DCS Spatial Services
STR;CTMD00AUS0;Cootamundra (NSW);RTCM 3.2;1006(15),1008(15),1013(60),1019(60),1020(60),1033(15),1077(1),1087(1),1097(1),1117(1),1127(1),1230(60);2;GPS+GLO+GAL+BDS+QZS;CORS;AUS;-34.6393;148.0256;0;0;Unknown;none;B;N;2000;NSW DCS Spatial Services
STR;COPS00AUS0;Copmanhurst (NSW);RTCM 3.2;1006(15),1008(15),1013(60),1019(60),1020(60),1033(15),1077(1),1087(1),1097(1),1117(1),1127(1),1230(60);2;GPS+GLO+GAL+BDS+QZS;CORS;AUS;-29.5809;152.7735;0;0;Unknown;none;B;N;2000;NSW DCS Spatial Services
STR;CWN200AUS0;Cowan II (NSW);RTCM 3.2;1006(15),1008(15),1013(60),1019(60),1020(60),1033(15),1077(1),1087(1),1097(1),1117(1),1127(1),1230(60);2;GPS+GLO+GAL+BDS+QZS;CORS;AUS;-33.5937;151.1716;0;0;Unknown;none;B;N;2000;NSW DCS Spatial Services
STR;CWRA00AUS0;Cowra (NSW);RTCM 3.2;1006(15),1008(15),1013(60),1019(60),1020(60),1033(15),1077(1),1087(1),1097(1),1117(1),1127(1),1230(60);2;GPS+GLO+GAL+BDS+QZS;CORS;AUS;-33.8312;148.7023;0;0;Unknown;none;B;N;2000;NSW DCS Spatial Services
STR;CKWL00AUS0;Crookwell (NSW);RTCM 3.2;1006(15),1008(15),1013(60),1019(60),1020(60),1033(15),1077(1),1087(1),1097(1),1117(1),1127(1),1230(60);2;GPS+GLO+GAL+BDS+QZS;CORS;AUS;-34.4561;149.4725;0;0;Unknown;none;B;N;2000;NSW DCS Spatial Services
STR;DWHY00AUS0;Dee Why (NSW);RTCM 3.2;1006(15),1008(15),1013(60),1019(60),1020(60),1033(15),1077(1),1087(1),1097(1),1117(1),1127(1),1230(60);2;GPS+GLO+GAL+BDS+QZS;CORS;AUS;-33.7513;151.2870;0;0;Unknown;none;B;N;2000;NSW DCS Spatial Services
STR;DLQN00AUS0;Deniliquin (NSW);RTCM 3.2;1006(15),1008(15),1013(60),1019(60),1020(60),1033(15),1077(1),1087(1),1097(1),1117(1),1127(1),1230(60);2;GPS+GLO+GAL+BDS+QZS;CORS;AUS;-35.5316;144.9646;0;0;Unknown;none;B;N;2000;NSW DCS Spatial Services
STR;DORR00AUS0;Dorrigo (NSW);RTCM 3.2;1006(15),1008(15),1013(60),1019(60),1020(60),1033(15),1077(1),1087(1),1097(1),1117(1),1127(1),1230(60);2;GPS+GLO+GAL+BDS+QZS;CORS;AUS;-30.3504;152.7130;0;0;Unknown;none;B;N;2000;NSW DCS Spatial Services
STR;DBBO00AUS0;Dubbo (NSW);RTCM 3.2;1006(15),1008(15),1013(60),1019(60),1020(60),1033(15),1077(1),1087(1),1097(1),1117(1),1127(1),1230(60);2;GPS+GLO+GAL+BDS+QZS;CORS;AUS;-32.2494;148.6021;0;0;Unknown;none;B;N;2000;NSW DCS Spatial Services
STR;DUNE00AUS0;Dunedoo (NSW);RTCM 3.2;1006(15),1008(15),1013(60),1019(60),1020(60),1033(15),1077(1),1087(1),1097(1),1117(1),1127(1),1230(60);2;GPS+GLO+GAL+BDS+QZS;CORS;AUS;-32.0119;149.3882;0;0;Unknown;none;B;N;2000;NSW DCS Spatial Services
STR;ECOR00AUS0;East Corrimal (NSW);RTCM 3.2;1006(15),1008(15),1013(60),1019(60),1020(60),1033(15),1077(1),1087(1),1097(1),1117(1),1127(1),1230(60);2;GPS+GLO+GAL+BDS+QZS;CORS;AUS;-34.3756;150.9108;0;0;Unknown;none;B;N;2000;NSW DCS Spatial Services
STR;EDEN00AUS0;Eden (NSW);RTCM 3.2;1006(15),1008(15),1013(60),1019(60),1020(60),1033(15),1077(1),1087(1),1097(1),1117(1),1127(1),1230(60);2;GPS+GLO+GAL+BDS+QZS;CORS;AUS;-37.0718;149.9093;0;0;Unknown;none;B;N;2000;NSW DCS Spatial Services
STR;EMMD00AUS0;Emmdale (NSW);RTCM 3.2;1006(15),1008(15),1013(60),1019(60),1020(60),1033(15),1077(1),1087(1),1097(1),1117(1),1127(1),1230(60);2;GPS+GLO+GAL+BDS+QZS;CORS;AUS;-31.6663;144.2858;0;0;Unknown;none;B;N;2000;NSW DCS Spatial Services
STR;FORS00AUS0;Forster (NSW);RTCM 3.2;1006(15),1008(15),1013(60),1019(60),1020(60),1033(15),1077(1),1087(1),1097(1),1117(1),1127(1),1230(60);2;GPS+GLO+GAL+BDS+QZS;CORS;AUS;-32.2011;152.5224;0;0;Unknown;none;B;N;2000;NSW DCS Spatial Services
STR;FRB200AUS0;Forbes (NSW);RTCM 3.2;1006(15),1008(15),1013(60),1019(60),1020(60),1033(15),1077(1),1087(1),1097(1),1117(1),1127(1),1230(60);2;GPS+GLO+GAL+BDS+QZS;CORS;AUS;-33.3260;148.0853;0;0;Unknown;none;B;N;2000;NSW DCS Spatial Services
STR;FTD200AUS0;Sydney Harbour (NSW);RTCM 3.3;1006(15),1008(15),1013(60),1019(60),1020(60),1033(15),1077(1),1087(1),1097(1),1117(1),1127(1),1230(60);2;GPS+GLO+GAL+BDS+QZS;CORS;AUS;-33.8551;151.2255;0;0;TRIMBLE NETR9;none;B;N;2000;NSW DCS Spatial Services
STR;FLGP00AUS0;Fowlers Gap (NSW);RTCM 3.2;1006(15),1008(15),1013(60),1019(60),1020(60),1033(15),1077(1),1087(1),1097(1),1117(1),1127(1),1230(60);2;GPS+GLO+GAL+BDS+QZS;CORS;AUS;-31.1047;141.7281;0;0;Unknown;none;B;N;2000;NSW DCS Spatial Services
STR;GERR00AUS0;Gerringong (NSW);RTCM 3.2;1006(15),1008(15),1013(60),1019(60),1020(60),1033(15),1077(1),1087(1),1097(1),1117(1),1127(1),1230(60);2;GPS+GLO+GAL+BDS+QZS;CORS;AUS;-34.7463;150.8277;0;0;Unknown;none;B;N;2000;NSW DCS Spatial Services
STR;GILG00AUS0;Gilgandra (NSW);RTCM 3.2;1006(15),1008(15),1013(60),1019(60),1020(60),1033(15),1077(1),1087(1),1097(1),1117(1),1127(1),1230(60);2;GPS+GLO+GAL+BDS+QZS;CORS;AUS;-31.7110;148.6625;0;0;Unknown;none;B;N;2000;NSW DCS Spatial Services
STR;GLIN00AUS0;Glen Innes (NSW);RTCM 3.2;1006(15),1008(15),1013(60),1019(60),1020(60),1033(15),1077(1),1087(1),1097(1),1117(1),1127(1),1230(60);2;GPS+GLO+GAL+BDS+QZS;CORS;AUS;-29.7436;151.7517;0;0;Unknown;none;B;N;2000;NSW DCS Spatial Services
STR;GOOL00AUS0;Goolgowi (NSW);RTCM 3.2;1006(15),1008(15),1013(60),1019(60),1020(60),1033(15),1077(1),1087(1),1097(1),1117(1),1127(1),1230(60);2;GPS+GLO+GAL+BDS+QZS;CORS;AUS;-33.9845;145.7069;0;0;Unknown;none;B;N;2000;NSW DCS Spatial Services
STR;GLBN00AUS0;Goulburn (NSW);RTCM 3.2;1006(15),1008(15),1013(60),1019(60),1020(60),1033(15),1077(1),1087(1),1097(1),1117(1),1127(1),1230(60);2;GPS+GLO+GAL+BDS+QZS;CORS;AUS;-34.7557;149.7177;0;0;Unknown;none;B;N;2000;NSW DCS Spatial Services
STR;GLB200AUS0;Goulburn 2 (NSW);RTCM 3.2;1006(15),1008(15),1013(60),1019(60),1020(60),1033(15),1077(1),1087(1),1097(1),1117(1),1127(1),1230(60);2;GPS+GLO+GAL+BDS+QZS;CORS;AUS;-34.7464;149.7111;0;0;Unknown;none;B;N;2000;NSW DCS Spatial Services
STR;GFTN00AUS0;Grafton (NSW);RTCM 3.2;1006(15),1008(15),1013(60),1019(60),1020(60),1033(15),1077(1),1087(1),1097(1),1117(1),1127(1),1230(60);2;GPS+GLO+GAL+BDS+QZS;CORS;AUS;-29.6930;152.9329;0;0;Unknown;none;B;N;2000;NSW DCS Spatial Services
STR;GFTH00AUS0;Griffith (NSW);RTCM 3.2;1006(15),1008(15),1013(60),1019(60),1020(60),1033(15),1077(1),1087(1),1097(1),1117(1),1127(1),1230(60);2;GPS+GLO+GAL+BDS+QZS;CORS;AUS;-34.2863;146.0368;0;0;Unknown;none;B;N;2000;NSW DCS Spatial Services
STR;GNGN00AUS0;Gungahlin (ACT);RTCM 3.2;1006(15),1008(15),1013(60),1019(60),1020(60),1033(15),1077(1),1087(1),1097(1),1117(1),1127(1),1230(60);2;GPS+GLO+GAL+BDS+QZS;CORS;AUS;-35.1850;149.1305;0;0;Unknown;none;B;N;2000;NSW DCS Spatial Services
STR;GUNN00AUS0;Gunnedah (NSW);RTCM 3.2;1006(15),1008(15),1013(60),1019(60),1020(60),1033(15),1077(1),1087(1),1097(1),1117(1),1127(1),1230(60);2;GPS+GLO+GAL+BDS+QZS;CORS;AUS;-30.9782;150.2563;0;0;Unknown;none;B;N;2000;NSW DCS Spatial Services
STR;GURL00AUS0;Gurley (NSW);RTCM 3.2;1006(15),1008(15),1013(60),1019(60),1020(60),1033(15),1077(1),1087(1),1097(1),1117(1),1127(1),1230(60);2;GPS+GLO+GAL+BDS+QZS;CORS;AUS;-29.7348;149.7955;0;0;Unknown;none;B;N;2000;NSW DCS Spatial Services
STR;GWAB00AUS0;Gwabegar (NSW);RTCM 3.2;1006(15),1008(15),1013(60),1019(60),1020(60),1033(15),1077(1),1087(1),1097(1),1117(1),1127(1),1230(60);2;GPS+GLO+GAL+BDS+QZS;CORS;AUS;-30.6057;148.9712;0;0;Unknown;none;B;N;2000;NSW DCS Spatial Services
STR;HAY100AUS0;Hay (NSW);RTCM 3.2;1006(15),1008(15),1013(60),1019(60),1020(60),1033(15),1077(1),1087(1),1097(1),1117(1),1127(1),1230(60);2;GPS+GLO+GAL+BDS+QZS;CORS;AUS;-34.5055;144.8525;0;0;Unknown;none;B;N;2000;NSW DCS Spatial Services
STR;HILL00AUS0;Hillston (NSW);RTCM 3.2;1006(15),1008(15),1013(60),1019(60),1020(60),1033(15),1077(1),1087(1),1097(1),1117(1),1127(1),1230(60);2;GPS+GLO+GAL+BDS+QZS;CORS;AUS;-33.4849;145.5313;0;0;Unknown;none;B;N;2000;NSW DCS Spatial Services
STR;HNSB00AUS0;Hornsby (NSW);RTCM 3.2;1006(15),1008(15),1013(60),1019(60),1020(60),1033(15),1077(1),1087(1),1097(1),1117(1),1127(1),1230(60);2;GPS+GLO+GAL+BDS+QZS;CORS;AUS;-33.7003;151.0976;0;0;Unknown;none;B;N;2000;NSW DCS Spatial Services
STR;INVL00AUS0;Inverell (NSW);RTCM 3.2;1006(15),1008(15),1013(60),1019(60),1020(60),1033(15),1077(1),1087(1),1097(1),1117(1),1127(1),1230(60);2;GPS+GLO+GAL+BDS+QZS;CORS;AUS;-29.7764;151.1144;0;0;Unknown;none;B;N;2000;NSW DCS Spatial Services
STR;IVH200AUS0;Ivanhoe 2 (NSW);RTCM 3.2;1006(15),1008(15),1013(60),1019(60),1020(60),1033(15),1077(1),1087(1),1097(1),1117(1),1127(1),1230(60);2;GPS+GLO+GAL+BDS+QZS;CORS;AUS;-32.8834;144.3089;0;0;Unknown;none;B;N;2000;NSW DCS Spatial Services
STR;JERI00AUS0;Jerilderie (NSW);RTCM 3.2;1006(15),1008(15),1013(60),1019(60),1020(60),1033(15),1077(1),1087(1),1097(1),1117(1),1127(1),1230(60);2;GPS+GLO+GAL+BDS+QZS;CORS;AUS;-35.3553;145.7255;0;0;Unknown;none;B;N;2000;NSW DCS Spatial Services
STR;KTMB00AUS0;Katoomba (NSW);RTCM 3.2;1006(15),1008(15),1013(60),1019(60),1020(60),1033(15),1077(1),1087(1),1097(1),1117(1),1127(1),1230(60);2;GPS+GLO+GAL+BDS+QZS;CORS;AUS;-33.6958;150.3182;0;0;Unknown;none;B;N;2000;NSW DCS Spatial Services
STR;KNCB00AUS0;Kincumber (NSW);RTCM 3.2;1006(15),1008(15),1013(60),1019(60),1020(60),1033(15),1077(1),1087(1),1097(1),1117(1),1127(1),1230(60);2;GPS+GLO+GAL+BDS+QZS;CORS;AUS;-33.4812;151.3919;0;0;Unknown;none;B;N;2000;NSW DCS Spatial Services
STR;KIRR00AUS0;Kirrawee (NSW);RTCM 3.2;1006(15),1008(15),1013(60),1019(60),1020(60),1033(15),1077(1),1087(1),1097(1),1117(1),1127(1),1230(60);2;GPS+GLO+GAL+BDS+QZS;CORS;AUS;-34.0434;151.0731;0;0;Unknown;none;B;N;2000;NSW DCS Spatial Services
STR;KULW00AUS0;Kulwin (NSW);RTCM 3.2;1006(15),1008(15),1013(60),1019(60),1020(60),1033(15),1077(1),1087(1),1097(1),1117(1),1127(1),1230(60);2;GPS+GLO+GAL+BDS+QZS;CORS;AUS;-32.3262;145.0098;0;0;Unknown;none;B;N;2000;NSW DCS Spatial Services
STR;KURJ00AUS0;Kurrajong (NSW);RTCM 3.2;1006(15),1008(15),1013(60),1019(60),1020(60),1033(15),1077(1),1087(1),1097(1),1117(1),1127(1),1230(60);2;GPS+GLO+GAL+BDS+QZS;CORS;AUS;-33.5543;150.6656;0;0;Unknown;none;B;N;2000;NSW DCS Spatial Services
STR;CARG00AUS0;Lake Cargelligo (NSW);RTCM 3.2;1006(15),1008(15),1013(60),1019(60),1020(60),1033(15),1077(1),1087(1),1097(1),1117(1),1127(1),1230(60);2;GPS+GLO+GAL+BDS+QZS;CORS;AUS;-33.2884;146.3659;0;0;Unknown;none;B;N;2000;NSW DCS Spatial Services
STR;LIRI00AUS0;Lightning Ridge (NSW);RTCM 3.2;1006(15),1008(15),1013(60),1019(60),1020(60),1033(15),1077(1),1087(1),1097(1),1117(1),1127(1),1230(60);2;GPS+GLO+GAL+BDS+QZS;CORS;AUS;-29.4297;147.9829;0;0;Unknown;none;B;N;2000;NSW DCS Spatial Services
STR;LGOW00AUS0;Lithgow (NSW);RTCM 3.2;1006(15),1008(15),1013(60),1019(60),1020(60),1033(15),1077(1),1087(1),1097(1),1117(1),1127(1),1230(60);2;GPS+GLO+GAL+BDS+QZS;CORS;AUS;-33.4810;150.1598;0;0;Unknown;none;B;N;2000;NSW DCS Spatial Services
STR;LKHT00AUS0;Lockhart (NSW);RTCM 3.2;1006(15),1008(15),1013(60),1019(60),1020(60),1033(15),1077(1),1087(1),1097(1),1117(1),1127(1),1230(60);2;GPS+GLO+GAL+BDS+QZS;CORS;AUS;-35.2273;146.7058;0;0;Unknown;none;B;N;2000;NSW DCS Spatial Services
STR;LOTH00AUS0;Louth (NSW);RTCM 3.2;1006(15),1008(15),1013(60),1019(60),1020(60),1033(15),1077(1),1087(1),1097(1),1117(1),1127(1),1230(60);2;GPS+GLO+GAL+BDS+QZS;CORS;AUS;-30.5335;145.1168;0;0;Unknown;none;B;N;2000;NSW DCS Spatial Services
STR;MACK00AUS0;Macksville (NSW);RTCM 3.2;1006(15),1008(15),1013(60),1019(60),1020(60),1033(15),1077(1),1087(1),1097(1),1117(1),1127(1),1230(60);2;GPS+GLO+GAL+BDS+QZS;CORS;AUS;-30.7104;152.9184;0;0;Unknown;none;B;N;2000;NSW DCS Spatial Services
STR;MNPK00AUS0;MNPK-RTCM 3.1 (NSW);RTCM 3.2;1006(15),1008(15),1013(60),1019(60),1020(60),1033(15),1077(1),1087(1),1097(1),1117(1),1127(1),1230(60);2;GPS+GLO+GAL+BDS+QZS;CORS;AUS;-33.1715;151.5511;0;0;Unknown;none;B;N;2000;NSW DCS Spatial Services
STR;MENA00AUS0;Menangle (NSW);RTCM 3.2;1006(15),1008(15),1013(60),1019(60),1020(60),1033(15),1077(1),1087(1),1097(1),1117(1),1127(1),1230(60);2;GPS+GLO+GAL+BDS+QZS;CORS;AUS;-34.1261;150.7438;0;0;Unknown;none;B;N;2000;NSW DCS Spatial Services
STR;MNDE00AUS0;Menindee (NSW);RTCM 3.2;1006(15),1008(15),1013(60),1019(60),1020(60),1033(15),1077(1),1087(1),1097(1),1117(1),1127(1),1230(60);2;GPS+GLO+GAL+BDS+QZS;CORS;AUS;-32.3928;142.4179;0;0;Unknown;none;B;N;2000;NSW DCS Spatial Services
STR;MRWA00AUS0;Merriwa (NSW);RTCM 3.2;1006(15),1008(15),1013(60),1019(60),1020(60),1033(15),1077(1),1087(1),1097(1),1117(1),1127(1),1230(60);2;GPS+GLO+GAL+BDS+QZS;CORS;AUS;-32.1398;150.3553;0;0;Unknown;none;B;N;2000;NSW DCS Spatial Services
STR;MOGO00AUS0;Mogo (NSW);RTCM 3.2;1006(15),1008(15),1013(60),1019(60),1020(60),1033(15),1077(1),1087(1),1097(1),1117(1),1127(1),1230(60);2;GPS+GLO+GAL+BDS+QZS;CORS;AUS;-35.7474;150.1920;0;0;Unknown;none;B;N;2000;NSW DCS Spatial Services
STR;MREE00AUS0;Moree (NSW);RTCM 3.2;1006(15),1008(15),1013(60),1019(60),1020(60),1033(15),1077(1),1087(1),1097(1),1117(1),1127(1),1230(60);2;GPS+GLO+GAL+BDS+QZS;CORS;AUS;-29.4577;149.8255;0;0;Unknown;none;B;N;2000;NSW DCS Spatial Services
STR;MSV200AUS0;Moss Vale 2 (NSW);RTCM 3.2;1006(15),1008(15),1013(60),1019(60),1020(60),1033(15),1077(1),1087(1),1097(1),1117(1),1127(1),1230(60);2;GPS+GLO+GAL+BDS+QZS;CORS;AUS;-34.5491;150.3741;0;0;Unknown;none;B;N;2000;NSW DCS Spatial Services
STR;MSWL00AUS0;Muswellbrook (NSW);RTCM 3.2;1006(15),1008(15),1013(60),1019(60),1020(60),1033(15),1077(1),1087(1),1097(1),1117(1),1127(1),1230(60);2;GPS+GLO+GAL+BDS+QZS;CORS;AUS;-32.2799;150.8744;0;0;Unknown;none;B;N;2000;NSW DCS Spatial Services
STR;MOUL00AUS0;Moulamein (NSW);RTCM 3.2;1006(15),1008(15),1013(60),1019(60),1020(60),1033(15),1077(1),1087(1),1097(1),1117(1),1127(1),1230(60);2;GPS+GLO+GAL+BDS+QZS;CORS;AUS;-35.0911;144.0360;0;0;Unknown;none;B;N;2000;NSW DCS Spatial Services
STR;MHOP00AUS0;Mount Hope (NSW);RTCM 3.2;1006(15),1008(15),1013(60),1019(60),1020(60),1033(15),1077(1),1087(1),1097(1),1117(1),1127(1),1230(60);2;GPS+GLO+GAL+BDS+QZS;CORS;AUS;-32.9203;145.9120;0;0;Unknown;none;B;N;2000;NSW DCS Spatial Services
STR;MUDG00AUS0;Mudgee (NSW);RTCM 3.2;1006(15),1008(15),1013(60),1019(60),1020(60),1033(15),1077(1),1087(1),1097(1),1117(1),1127(1),1230(60);2;GPS+GLO+GAL+BDS+QZS;CORS;AUS;-32.5900;149.5847;0;0;Unknown;none;B;N;2000;NSW DCS Spatial Services
STR;MULM00AUS0;Mullumbimby (NSW);RTCM 3.2;1006(15),1008(15),1013(60),1019(60),1020(60),1033(15),1077(1),1087(1),1097(1),1117(1),1127(1),1230(60);2;GPS+GLO+GAL+BDS+QZS;CORS;AUS;-28.5544;153.5027;0;0;Unknown;none;B;N;2000;NSW DCS Spatial Services
STR;MGRV00AUS0;Mulgrave (NSW);RTCM 3.2;1006(15),1008(15),1013(60),1019(60),1020(60),1033(15),1077(1),1087(1),1097(1),1117(1),1127(1),1230(60);2;GPS+GLO+GAL+BDS+QZS;CORS;AUS;-33.6265;150.8310;0;0;Unknown;none;B;N;2000;NSW DCS Spatial Services
STR;MTHR00AUS0;Mount Thorley (NSW);RTCM 3.2;1006(15),1008(15),1013(60),1019(60),1020(60),1033(15),1077(1),1087(1),1097(1),1117(1),1127(1),1230(60);2;GPS+GLO+GAL+BDS+QZS;CORS;AUS;-32.6154;151.0991;0;0;Unknown;none;B;N;2000;NSW DCS Spatial Services
STR;MWAL00AUS0;Mulwala (NSW);RTCM 3.2;1006(15),1008(15),1013(60),1019(60),1020(60),1033(15),1077(1),1087(1),1097(1),1117(1),1127(1),1230(60);2;GPS+GLO+GAL+BDS+QZS;CORS;AUS;-35.9931;145.9885;0;0;Unknown;none;B;N;2000;NSW DCS Spatial Services
STR;NBRI00AUS0;Narrabri (NSW);RTCM 3.2;1006(15),1008(15),1013(60),1019(60),1020(60),1033(15),1077(1),1087(1),1097(1),1117(1),1127(1),1230(60);2;GPS+GLO+GAL+BDS+QZS;CORS;AUS;-30.3301;149.7864;0;0;Unknown;none;B;N;2000;NSW DCS Spatial Services
STR;NDRA00AUS0;Narrandera (NSW);RTCM 3.2;1006(15),1008(15),1013(60),1019(60),1020(60),1033(15),1077(1),1087(1),1097(1),1117(1),1127(1),1230(60);2;GPS+GLO+GAL+BDS+QZS;CORS;AUS;-34.7519;146.5375;0;0;Unknown;none;B;N;2000;NSW DCS Spatial Services
STR;NRMN00AUS0;Narromine (NSW);RTCM 3.2;1006(15),1008(15),1013(60),1019(60),1020(60),1033(15),1077(1),1087(1),1097(1),1117(1),1127(1),1230(60);2;GPS+GLO+GAL+BDS+QZS;CORS;AUS;-32.2345;148.2387;0;0;Unknown;none;B;N;2000;NSW DCS Spatial Services
STR;NWCS00AUS0;Newcastle (NSW);RTCM 3.2;1006(15),1008(15),1013(60),1019(60),1020(60),1033(15),1077(1),1087(1),1097(1),1117(1),1127(1),1230(60);2;GPS+GLO+GAL+BDS+QZS;CORS;AUS;-32.9296;151.7652;0;0;Unknown;none;B;N;2000;NSW DCS Spatial Services
STR;NEWE00AUS0;Newcastle East (NSW);RTCM 3.2;1006(15),1008(15),1013(60),1019(60),1020(60),1033(15),1077(1),1087(1),1097(1),1117(1),1127(1),1230(60);2;GPS+GLO+GAL+BDS+QZS;CORS;AUS;-32.9240;151.7887;0;0;Unknown;none;B;N;2000;NSW DCS Spatial Services
STR;NMBN00AUS0;Nimbin (NSW);RTCM 3.2;1006(15),1008(15),1013(60),1019(60),1020(60),1033(15),1077(1),1087(1),1097(1),1117(1),1127(1),1230(60);2;GPS+GLO+GAL+BDS+QZS;CORS;AUS;-28.5978;153.2316;0;0;Unknown;none;B;N;2000;NSW DCS Spatial Services
STR;NOWE00AUS0;Nowendoc (NSW);RTCM 3.2;1006(15),1008(15),1013(60),1019(60),1020(60),1033(15),1077(1),1087(1),1097(1),1117(1),1127(1),1230(60);2;GPS+GLO+GAL+BDS+QZS;CORS;AUS;-31.5136;151.7163;0;0;Unknown;none;B;N;2000;NSW DCS Spatial Services
STR;NWRA00AUS0;Nowra (NSW);RTCM 3.2;1006(15),1008(15),1013(60),1019(60),1020(60),1033(15),1077(1),1087(1),1097(1),1117(1),1127(1),1230(60);2;GPS+GLO+GAL+BDS+QZS;CORS;AUS;-34.8738;150.6048;0;0;Unknown;none;B;N;2000;NSW DCS Spatial Services
STR;NYMA00AUS0;Nymagee (NSW);RTCM 3.2;1006(15),1008(15),1013(60),1019(60),1020(60),1033(15),1077(1),1087(1),1097(1),1117(1),1127(1),1230(60);2;GPS+GLO+GAL+BDS+QZS;CORS;AUS;-32.0662;146.3156;0;0;Unknown;none;B;N;2000;NSW DCS Spatial Services
STR;NGAN00AUS0;Nyngan (NSW);RTCM 3.2;1006(15),1008(15),1013(60),1019(60),1020(60),1033(15),1077(1),1087(1),1097(1),1117(1),1127(1),1230(60);2;GPS+GLO+GAL+BDS+QZS;CORS;AUS;-31.5639;147.1946;0;0;Unknown;none;B;N;2000;NSW DCS Spatial Services
STR;OBRN00AUS0;Oberon (NSW);RTCM 3.2;1006(15),1008(15),1013(60),1019(60),1020(60),1033(15),1077(1),1087(1),1097(1),1117(1),1127(1),1230(60);2;GPS+GLO+GAL+BDS+QZS;CORS;AUS;-33.7040;149.8576;0;0;Unknown;none;B;N;2000;NSW DCS Spatial Services
STR;ORNG00AUS0;Orange (NSW);RTCM 3.2;1006(15),1008(15),1013(60),1019(60),1020(60),1033(15),1077(1),1087(1),1097(1),1117(1),1127(1),1230(60);2;GPS+GLO+GAL+BDS+QZS;CORS;AUS;-33.2852;149.0980;0;0;Unknown;none;B;N;2000;NSW DCS Spatial Services
STR;ORPK00AUS0;Oran Park (NSW);RTCM 3.3;1006(15),1008(15),1013(60),1019(60),1020(60),1033(15),1077(1),1087(1),1097(1),1117(1),1127(1),1230(60);2;GPS+GLO+GAL+BDS+QZS;CORS;AUS;-33.9996;150.7440;0;0;TRIMBLE ALLOY;none;B;N;2000;NSW DCS Spatial Services
STR;OXLY00AUS0;Oxley (NSW);RTCM 3.2;1006(15),1008(15),1013(60),1019(60),1020(60),1033(15),1077(1),1087(1),1097(1),1117(1),1127(1),1230(60);2;GPS+GLO+GAL+BDS+QZS;CORS;AUS;-34.1932;144.1017;0;0;Unknown;none;B;N;2000;NSW DCS Spatial Services
STR;PRKS00AUS0;Parkes (NSW);RTCM 3.2;1006(15),1008(15),1013(60),1019(60),1020(60),1033(15),1077(1),1087(1),1097(1),1117(1),1127(1),1230(60);2;GPS+GLO+GAL+BDS+QZS;CORS;AUS;-33.1347;148.1765;0;0;Unknown;none;B;N;2000;NSW DCS Spatial Services
STR;PRCE00AUS0;Pearce (NSW);RTCM 3.2;1006(15),1008(15),1013(60),1019(60),1020(60),1033(15),1077(1),1087(1),1097(1),1117(1),1127(1),1230(60);2;GPS+GLO+GAL+BDS+QZS;CORS;AUS;-35.3636;149.0890;0;0;Unknown;none;B;N;2000;NSW DCS Spatial Services
STR;PERI00AUS0;Perisher Valley (NSW);RTCM 3.2;1006(15),1008(15),1013(60),1019(60),1020(60),1033(15),1077(1),1087(1),1097(1),1117(1),1127(1),1230(60);2;GPS+GLO+GAL+BDS+QZS;CORS;AUS;-36.4113;148.4100;0;0;Unknown;none;B;N;2000;NSW DCS Spatial Services
STR;PCTN00AUS0;Picton (NSW);RTCM 3.2;1006(15),1008(15),1013(60),1019(60),1020(60),1033(15),1077(1),1087(1),1097(1),1117(1),1127(1),1230(60);2;GPS+GLO+GAL+BDS+QZS;CORS;AUS;-34.1576;150.6051;0;0;Unknown;none;B;N;2000;NSW DCS Spatial Services
STR;POON00AUS0;Pooncarie (NSW);RTCM 3.2;1006(15),1008(15),1013(60),1019(60),1020(60),1033(15),1077(1),1087(1),1097(1),1117(1),1127(1),1230(60);2;GPS+GLO+GAL+BDS+QZS;CORS;AUS;-33.3825;142.5669;0;0;Unknown;none;B;N;2000;NSW DCS Spatial Services
STR;PBOT00AUS0;Port Botant (NSW);RTCM 3.2;1006(15),1008(15),1013(60),1019(60),1020(60),1033(15),1077(1),1087(1),1097(1),1117(1),1127(1),1230(60);2;GPS+GLO+GAL+BDS+QZS;CORS;AUS;-33.9740;151.2121;0;0;Unknown;none;B;N;2000;NSW DCS Spatial Services
STR;PMAC00AUS0;Port Macquarie (NSW);RTCM 3.2;1006(15),1008(15),1013(60),1019(60),1020(60),1033(15),1077(1),1087(1),1097(1),1117(1),1127(1),1230(60);2;GPS+GLO+GAL+BDS+QZS;CORS;AUS;-31.4619;152.8977;0;0;Unknown;none;B;N;2000;NSW DCS Spatial Services
STR;QUAM00AUS0;Quambone (NSW);RTCM 3.2;1006(15),1008(15),1013(60),1019(60),1020(60),1033(15),1077(1),1087(1),1097(1),1117(1),1127(1),1230(60);2;GPS+GLO+GAL+BDS+QZS;CORS;AUS;-30.9330;147.8700;0;0;Unknown;none;B;N;2000;NSW DCS Spatial Services
STR;RGLN00AUS0;Raglan (NSW);RTCM 3.2;1006(15),1008(15),1013(60),1019(60),1020(60),1033(15),1077(1),1087(1),1097(1),1117(1),1127(1),1230(60);2;GPS+GLO+GAL+BDS+QZS;CORS;AUS;-33.4157;149.6550;0;0;Unknown;none;B;N;2000;NSW DCS Spatial Services
STR;RAND00AUS0;Rand (NSW);RTCM 3.2;1006(15),1008(15),1013(60),1019(60),1020(60),1033(15),1077(1),1087(1),1097(1),1117(1),1127(1),1230(60);2;GPS+GLO+GAL+BDS+QZS;CORS;AUS;-35.5938;146.5785;0;0;Unknown;none;B;N;2000;NSW DCS Spatial Services
STR;RANK00AUS0;Rankins Springs (NSW);RTCM 3.2;1006(15),1008(15),1013(60),1019(60),1020(60),1033(15),1077(1),1087(1),1097(1),1117(1),1127(1),1230(60);2;GPS+GLO+GAL+BDS+QZS;CORS;AUS;-33.8420;146.2616;0;0;Unknown;none;B;N;2000;NSW DCS Spatial Services
STR;RAYM00AUS0;Raymond Terrace (NSW);RTCM 3.2;1006(15),1008(15),1013(60),1019(60),1020(60),1033(15),1077(1),1087(1),1097(1),1117(1),1127(1),1230(60);2;GPS+GLO+GAL+BDS+QZS;CORS;AUS;-32.7629;151.7454;0;0;Unknown;none;B;N;2000;NSW DCS Spatial Services
STR;RTFD00AUS0;Rutherford (NSW);RTCM 3.3;1006(15),1008(15),1013(60),1019(60),1020(60),1033(15),1077(1),1087(1),1097(1),1117(1),1127(1),1230(60);2;GPS+GLO+GAL+BDS+QZS;CORS;AUS;-32.7167;151.5285;0;0;TRIMBLE ALLOY;none;B;N;2000;NSW DCS Spatial Services
STR;RUUS00AUS0;Rufus (NSW);RTCM 3.2;1006(15),1008(15),1013(60),1019(60),1020(60),1033(15),1077(1),1087(1),1097(1),1117(1),1127(1),1230(60);2;GPS+GLO+GAL+BDS+QZS;CORS;AUS;-34.0425;141.2690;0;0;Unknown;none;B;N;2000;NSW DCS Spatial Services
STR;RYLS00AUS0;Rylstone (NSW);RTCM 3.2;1006(15),1008(15),1013(60),1019(60),1020(60),1033(15),1077(1),1087(1),1097(1),1117(1),1127(1),1230(60);2;GPS+GLO+GAL+BDS+QZS;CORS;AUS;-32.7925;149.9767;0;0;Unknown;none;B;N;2000;NSW DCS Spatial Services
STR;SCON00AUS0;Scone (NSW);RTCM 3.2;1006(15),1008(15),1013(60),1019(60),1020(60),1033(15),1077(1),1087(1),1097(1),1117(1),1127(1),1230(60);2;GPS+GLO+GAL+BDS+QZS;CORS;AUS;-32.0514;150.8696;0;0;Unknown;none;B;N;2000;NSW DCS Spatial Services
STR;SNGO00AUS0;Singleton (NSW);RTCM 3.2;1006(15),1008(15),1013(60),1019(60),1020(60),1033(15),1077(1),1087(1),1097(1),1117(1),1127(1),1230(60);2;GPS+GLO+GAL+BDS+QZS;CORS;AUS;-32.5582;151.1757;0;0;Unknown;none;B;N;2000;NSW DCS Spatial Services
STR;SPWD00AUS0;Springwood (NSW);RTCM 3.1;1006(15),1008(15),1013(60),1019(60),1020(60),1033(15),1077(1),1087(1),1097(1),1117(1),1127(1),1230(60);2;GPS+GLO+GAL+BDS+QZS;CORS;AUS;-33.6985;150.5639;0;0;Unknown;none;B;N;2000;NSW DCS Spatial Services
STR;TAMW00AUS0;Tamworth (NSW);RTCM 3.2;1006(15),1008(15),1013(60),1019(60),1020(60),1033(15),1077(1),1087(1),1097(1),1117(1),1127(1),1230(60);2;GPS+GLO+GAL+BDS+QZS;CORS;AUS;-31.0929;150.9309;0;0;Unknown;none;B;N;2000;NSW DCS Spatial Services
STR;TASO00AUS0;Tarree South (NSW);RTCM 3.2;1006(15),1008(15),1013(60),1019(60),1020(60),1033(15),1077(1),1087(1),1097(1),1117(1),1127(1),1230(60);2;GPS+GLO+GAL+BDS+QZS;CORS;AUS;-31.9341;152.4659;0;0;Unknown;none;B;N;2000;NSW DCS Spatial Services
STR;TMRA00AUS0;Temora (NSW);RTCM 3.2;1006(15),1008(15),1013(60),1019(60),1020(60),1033(15),1077(1),1087(1),1097(1),1117(1),1127(1),1230(60);2;GPS+GLO+GAL+BDS+QZS;CORS;AUS;-34.4465;147.5344;0;0;Unknown;none;B;N;2000;NSW DCS Spatial Services
STR;TNTR00AUS0;Tenterfield (NSW);RTCM 3.2;1006(15),1008(15),1013(60),1019(60),1020(60),1033(15),1077(1),1087(1),1097(1),1117(1),1127(1),1230(60);2;GPS+GLO+GAL+BDS+QZS;CORS;AUS;-29.0548;152.0199;0;0;Unknown;none;B;N;2000;NSW DCS Spatial Services
STR;TLPA00AUS0;Tilpa (NSW);RTCM 3.2;1006(15),1008(15),1013(60),1019(60),1020(60),1033(15),1077(1),1087(1),1097(1),1117(1),1127(1),1230(60);2;GPS+GLO+GAL+BDS+QZS;CORS;AUS;-30.8670;144.4138;0;0;Unknown;none;B;N;2000;NSW DCS Spatial Services
STR;TOTT00AUS0;Tottenham (NSW);RTCM 3.2;1006(15),1008(15),1013(60),1019(60),1020(60),1033(15),1077(1),1087(1),1097(1),1117(1),1127(1),1230(60);2;GPS+GLO+GAL+BDS+QZS;CORS;AUS;-32.2534;147.3697;0;0;Unknown;none;B;N;2000;NSW DCS Spatial Services
STR;CRDX00AUS0;Cordeaux (NSW);RTCM 3.2;1006(15),1008(15),1013(60),1019(60),1020(60),1033(15),1077(1),1087(1),1097(1),1117(1),1127(1),1230(60);2;GPS+GLO+GAL+BDS+QZS;CORS;AUS;-34.3248;150.7676;0;0;Unknown;none;B;N;2000;NSW DCS Spatial Services
STR;TULL00AUS0;Tullamore (NSW);RTCM 3.2;1006(15),1008(15),1013(60),1019(60),1020(60),1033(15),1077(1),1087(1),1097(1),1117(1),1127(1),1230(60);2;GPS+GLO+GAL+BDS+QZS;CORS;AUS;-32.6322;147.5697;0;0;Unknown;none;B;N;2000;NSW DCS Spatial Services
STR;TMBA00AUS0;Tumbarumba (NSW);RTCM 3.2;1006(15),1008(15),1013(60),1019(60),1020(60),1033(15),1077(1),1087(1),1097(1),1117(1),1127(1),1230(60);2;GPS+GLO+GAL+BDS+QZS;CORS;AUS;-35.7777;148.0115;0;0;Unknown;none;B;N;2000;NSW DCS Spatial Services
STR;TMUT00AUS0;Tumut (NSW);RTCM 3.2;1006(15),1008(15),1013(60),1019(60),1020(60),1033(15),1077(1),1087(1),1097(1),1117(1),1127(1),1230(60);2;GPS+GLO+GAL+BDS+QZS;CORS;AUS;-35.3011;148.2202;0;0;Unknown;none;B;N;2000;NSW DCS Spatial Services
STR;ULLA00AUS0;Ulladulla (NSW);RTCM 3.2;1006(15),1008(15),1013(60),1019(60),1020(60),1033(15),1077(1),1087(1),1097(1),1117(1),1127(1),1230(60);2;GPS+GLO+GAL+BDS+QZS;CORS;AUS;-35.3620;150.4653;0;0;Unknown;none;B;N;2000;NSW DCS Spatial Services
STR;UNW200AUS0;University of NSW 2 (NSW);RTCM 3.2;1006(15),1008(15),1013(60),1019(60),1020(60),1033(15),1077(1),1087(1),1097(1),1117(1),1127(1),1230(60);2;GPS+GLO+GAL+BDS+QZS;CORS;AUS;-33.9182;151.2327;0;0;Unknown;none;B;N;2000;NSW DCS Spatial Services
STR;VLWD00AUS0;Villawood (NSW);RTCM 3.2;1006(15),1008(15),1013(60),1019(60),1020(60),1033(15),1077(1),1087(1),1097(1),1117(1),1127(1),1230(60);2;GPS+GLO+GAL+BDS+QZS;CORS;AUS;-33.8806;150.9772;0;0;Unknown;none;B;N;2000;NSW DCS Spatial Services
STR;WGGA00AUS0;Wagga Wagga (NSW);RTCM 3.2;1006(15),1008(15),1013(60),1019(60),1020(60),1033(15),1077(1),1087(1),1097(1),1117(1),1127(1),1230(60);2;GPS+GLO+GAL+BDS+QZS;CORS;AUS;-35.1072;147.3693;0;0;Unknown;none;B;N;2000;NSW DCS Spatial Services
STR;WAKL00AUS0;Wakool (NSW);RTCM 3.2;1006(15),1008(15),1013(60),1019(60),1020(60),1033(15),1077(1),1087(1),1097(1),1117(1),1127(1),1230(60);2;GPS+GLO+GAL+BDS+QZS;CORS;AUS;-35.4553;144.3810;0;0;Unknown;none;B;N;2000;NSW DCS Spatial Services
STR;WFL200AUS0;Waterfall (NSW);RTCM 3.3;1006(15),1008(15),1013(60),1019(60),1020(60),1033(15),1077(1),1087(1),1097(1),1117(1),1127(1),1230(60);2;GPS+GLO+GAL+BDS+QZS;CORS;AUS;34.1342;150.9950;0;0;TRIMBLE ALLOY;none;B;N;2000;NSW DCS Spatial Services
STR;WLGT00AUS0;Walgett (NSW);RTCM 3.2;1006(15),1008(15),1013(60),1019(60),1020(60),1033(15),1077(1),1087(1),1097(1),1117(1),1127(1),1230(60);2;GPS+GLO+GAL+BDS+QZS;CORS;AUS;-30.0234;148.1169;0;0;Unknown;none;B;N;2000;NSW DCS Spatial Services
STR;WARI00AUS0;Warialda (NSW);RTCM 3.2;1006(15),1008(15),1013(60),1019(60),1020(60),1033(15),1077(1),1087(1),1097(1),1117(1),1127(1),1230(60);2;GPS+GLO+GAL+BDS+QZS;CORS;AUS;-29.5406;150.5742;0;0;Unknown;none;B;N;2000;NSW DCS Spatial Services
STR;WGBA00AUS0;Warragamba (NSW);RTCM 3.2;1006(15),1008(15),1013(60),1019(60),1020(60),1033(15),1077(1),1087(1),1097(1),1117(1),1127(1),1230(60);2;GPS+GLO+GAL+BDS+QZS;CORS;AUS;-33.8864;150.5977;0;0;Unknown;none;B;N;2000;NSW DCS Spatial Services
STR;WRRN00AUS0;Warren (NSW);RTCM 3.2;1006(15),1008(15),1013(60),1019(60),1020(60),1033(15),1077(1),1087(1),1097(1),1117(1),1127(1),1230(60);2;GPS+GLO+GAL+BDS+QZS;CORS;AUS;-31.7008;147.8364;0;0;Unknown;none;B;N;2000;NSW DCS Spatial Services
STR;WCHP00AUS0;Wauchope (NSW);RTCM 3.2;1006(15),1008(15),1013(60),1019(60),1020(60),1033(15),1077(1),1087(1),1097(1),1117(1),1127(1),1230(60);2;GPS+GLO+GAL+BDS+QZS;CORS;AUS;-31.4611;152.7343;0;0;Unknown;none;B;N;2000;NSW DCS Spatial Services
STR;WEEM00AUS0;Weemelah (NSW);RTCM 3.2;1006(15),1008(15),1013(60),1019(60),1020(60),1033(15),1077(1),1087(1),1097(1),1117(1),1127(1),1230(60);2;GPS+GLO+GAL+BDS+QZS;CORS;AUS;-29.0133;149.2545;0;0;Unknown;none;B;N;2000;NSW DCS Spatial Services
STR;WENT00AUS0;Wentworth (NSW);RTCM 3.2;1006(15),1008(15),1013(60),1019(60),1020(60),1033(15),1077(1),1087(1),1097(1),1117(1),1127(1),1230(60);2;GPS+GLO+GAL+BDS+QZS;CORS;AUS;-34.0888;141.8846;0;0;TRIMBLE ALLOY;none;B;N;2000;NSW DCS Spatial Services
STR;WTON00AUS0;Wellington (NSW);RTCM 3.2;1006(15),1008(15),1013(60),1019(60),1020(60),1033(15),1077(1),1087(1),1097(1),1117(1),1127(1),1230(60);2;GPS+GLO+GAL+BDS+QZS;CORS;AUS;-32.5738;148.9566;0;0;Unknown;none;B;N;2000;NSW DCS Spatial Services
STR;WTCF00AUS0;White Cliffs (NSW);RTCM 3.2;1006(15),1008(15),1013(60),1019(60),1020(60),1033(15),1077(1),1087(1),1097(1),1117(1),1127(1),1230(60);2;GPS+GLO+GAL+BDS+QZS;CORS;AUS;-30.8533;143.0930;0;0;Unknown;none;B;N;2000;NSW DCS Spatial Services
STR;WLCA00AUS0;Wilcannia (NSW);RTCM 3.2;1006(15),1008(15),1013(60),1019(60),1020(60),1033(15),1077(1),1087(1),1097(1),1117(1),1127(1),1230(60);2;GPS+GLO+GAL+BDS+QZS;CORS;AUS;-31.5553;143.3751;0;0;Unknown;none;B;N;2000;NSW DCS Spatial Services
STR;WLWN00AUS0;Willawarrin (NSW);RTCM 3.2;1006(15),1008(15),1013(60),1019(60),1020(60),1033(15),1077(1),1087(1),1097(1),1117(1),1127(1),1230(60);2;GPS+GLO+GAL+BDS+QZS;CORS;AUS;-30.9306;152.6255;0;0;Unknown;none;B;N;2000;NSW DCS Spatial Services
STR;WLMD00AUS0;Williamsdale (ACT);RTCM 3.2;1006(15),1008(15),1013(60),1019(60),1020(60),1033(15),1077(1),1087(1),1097(1),1117(1),1127(1),1230(60);2;GPS+GLO+GAL+BDS+QZS;CORS;AUS;-35.5946;149.1377;0;0;Unknown;none;B;N;2000;NSW DCS Spatial Services
STR;GONG00AUS0;Wollongong (NSW);RTCM 3.2;1006(15),1008(15),1013(60),1019(60),1020(60),1033(15),1077(1),1087(1),1097(1),1117(1),1127(1),1230(60);2;GPS+GLO+GAL+BDS+QZS;CORS;AUS;-34.4272;150.8988;0;0;Unknown;none;B;N;2000;NSW DCS Spatial Services
STR;WDBG00AUS0;Woodenbong (NSW);RTCM 3.2;1006(15),1008(15),1013(60),1019(60),1020(60),1033(15),1077(1),1087(1),1097(1),1117(1),1127(1),1230(60);2;GPS+GLO+GAL+BDS+QZS;CORS;AUS;-28.3934;152.6071;0;0;Unknown;none;B;N;2000;NSW DCS Spatial Services
STR;WSIA00AUS0;Western Sydney (NSW);RTCM 3.3;1006(15),1008(15),1013(60),1019(60),1020(60),1033(15),1077(1),1087(1),1097(1),1117(1),1127(1),1230(60);2;GPS+GLO+GAL+BDS+QZS;CORS;AUS;-33.8862;150.7024;0;0;LEICA GR30;none;B;N;2000;NSW DCS Spatial Services
STR;WYNG00AUS0;Wyong (NSW);RTCM 3.2;1006(15),1008(15),1013(60),1019(60),1020(60),1033(15),1077(1),1087(1),1097(1),1117(1),1127(1),1230(60);2;GPS+GLO+GAL+BDS+QZS;CORS;AUS;-33.2826;151.4240;0;0;Unknown;none;B;N;2000;NSW DCS Spatial Services
STR;YMBA00AUS0;Yamba (NSW);RTCM 3.2;1006(15),1008(15),1013(60),1019(60),1020(60),1033(15),1077(1),1087(1),1097(1),1117(1),1127(1),1230(60);2;GPS+GLO+GAL+BDS+QZS;CORS;AUS;-29.4474;153.3579;0;0;Unknown;none;B;N;2000;NSW DCS Spatial Services
STR;YARO00AUS0;Yarrowitch (NSW);RTCM 3.2;1006(15),1008(15),1013(60),1019(60),1020(60),1033(15),1077(1),1087(1),1097(1),1117(1),1127(1),1230(60);2;GPS+GLO+GAL+BDS+QZS;CORS;AUS;-31.2363;151.9222;0;0;Unknown;none;B;N;2000;NSW DCS Spatial Services
STR;YAS200AUS0;Yass (NSW);RTCM 3.2;1006(15),1008(15),1013(60),1019(60),1020(60),1033(15),1077(1),1087(1),1097(1),1117(1),1127(1),1230(60);2;GPS+GLO+GAL+BDS+QZS;CORS;AUS;-34.8221;148.9068;0;0;Unknown;none;B;N;2000;NSW DCS Spatial Services
STR;OVAL00AUS0;Yeoval (NSW);RTCM 3.2;1006(15),1008(15),1013(60),1019(60),1020(60),1033(15),1077(1),1087(1),1097(1),1117(1),1127(1),1230(60);2;GPS+GLO+GAL+BDS+QZS;CORS;AUS;-32.7539;148.6460;0;0;Unknown;none;B;N;2000;NSW DCS Spatial Services
STR;YUNG00AUS0;Young (NSW);RTCM 3.2;1006(15),1008(15),1013(60),1019(60),1020(60),1033(15),1077(1),1087(1),1097(1),1117(1),1127(1),1230(60);2;GPS+GLO+GAL+BDS+QZS;CORS;AUS;-34.3038;148.2827;0;0;Unknown;none;B;N;2000;NSW DCS Spatial Services
STR;BHT200AUS0;Barrack Heights (NSW);RTCM 3.2;1006(15),1008(15),1013(60),1019(60),1020(60),1033(15),1077(1),1087(1),1097(1),1117(1),1127(1),1230(60);2;GPS+GLO+GAL+BDS+QZS;CORS;AUS;-34.5642;150.8583;0;0;Unknown;none;B;N;2000;NSW DCS Spatial Services
STR;CHSM00AUS0;Chisholm (NSW);RTCM 3.2;1006(15),1008(15),1013(60),1019(60),1020(60),1033(15),1077(1),1087(1),1097(1),1117(1),1127(1),1230(60);2;GPS+GLO+GAL+BDS+QZS;CORS;AUS;-35.4182;149.1208;0;0;Unknown;none;B;N;2000;NSW DCS Spatial Services
STR;HLB200AUS0;Holbrook (NSW);RTCM 3.2;1006(15),1008(15),1013(60),1019(60),1020(60),1033(15),1077(1),1087(1),1097(1),1117(1),1127(1),1230(60);2;GPS+GLO+GAL+BDS+QZS;CORS;AUS;-35.7112;147.3175;0;0;Unknown;none;B;N;2000;NSW DCS Spatial Services
STR;ALBU00AUS0;Albury (VIC);RTCM 3.2;1006(15),1008(15),1013(60),1033(15),1077(1),1087(1),1097(1),1117(1),1127(1),1230(60);2;GPS+GLO+GAL+BDS+QZS;CORS;AUS;-36.0800;146.9200;0;0;Trimble Pivot Platform;none;B;Y;300;GPSnet CORS Network Victoria
STR;ALXA00AUS0;Alexandra (VIC);RTCM 3.2;1006(15),1008(15),1013(60),1033(15),1077(1),1087(1),1097(1),1117(1),1127(1),1230(60);2;GPS+GLO+GAL+BDS+QZS;CORS;AUS;-37.1884;145.6993;0;0;Trimble Pivot Platform;none;B;Y;300;GPSnet CORS Network Victoria
STR;APSL00AUS0;Apsley (VIC);RTCM 3.2;1006(15),1008(15),1013(60),1033(15),1077(1),1087(1),1097(1),1117(1),1127(1),1230(60);2;GPS+GLO;CORS;AUS;-36.9600;141.0600;0;0;Trimble Pivot Platform;none;B;Y;300;GPSnet CORS Network Victoria
STR;BEMM00AUS0;Bemm River (VIC);RTCM 3.2;1006(15),1008(15),1013(60),1033(15),1077(1),1087(1),1097(1),1117(1),1127(1),1230(60);2;GPS+GLO+GAL+BDS+QZS;CORS;AUS;-37.7570;148.9621;0;0;Trimble Pivot Platform;none;B;Y;300;GPSnet CORS Network Victoria
STR;CLYT00AUS0;Clayton (VIC);RTCM 3.2;1006(15),1008(15),1013(60),1033(15),1077(1),1087(1),1097(1),1117(1),1127(1),1230(60);2;GPS+GLO+GAL+BDS+QZS;CORS;AUS;-37.9000;145.1200;0;0;Trimble Pivot Platform;none;B;Y;300;GPSnet CORS Network Victoria
STR;COTA00AUS0;Mallacoota (VIC);RTCM 3.2;1006(15),1008(15),1013(60),1033(15),1077(1),1087(1),1097(1),1117(1),1127(1),1230(60);2;GPS+GLO+GAL+BDS+QZS;CORS;AUS;-37.5558;149.7567;0;0;Trimble Pivot Platform;none;B;Y;300;GPSnet CORS Network Victoria
STR;CSTR00AUS0;Casterton (VIC);RTCM 3.2;1006(15),1008(15),1013(60),1033(15),1077(1),1087(1),1097(1),1117(1),1127(1),1230(60);2;GPS+GLO+GAL+BDS+QZS;CORS;AUS;-37.5987;141.3955;0;0;Trimble Pivot Platform;none;B;Y;300;GPSnet CORS Network Victoria
STR;PKVL00AUS0;Parkville (VIC);RTCM 3.2;1006(15),1008(15),1013(60),1033(15),1077(1),1087(1),1097(1),1117(1),1127(1),1230(60);2;GPS+GLO+GAL+BDS+QZS;CORS;AUS;-37.8000;144.9500;0;0;Trimble Pivot Platform;none;B;Y;300;GPSnet CORS Network Victoria
STR;WEND00AUS0;Wendouree (VIC);RTCM 3.2;1006(15),1008(15),1013(60),1033(15),1077(1),1087(1),1097(1),1117(1),1127(1),1230(60);2;GPS+GLO+GAL+BDS+QZS;CORS;AUS;-37.5300;143.8200;0;0;Trimble Pivot Platform;none;B;Y;300;GPSnet CORS Network Victoria
STR;WNGA00AUS0;Wangaratta (VIC);RTCM 3.2;1006(15),1008(15),1013(60),1033(15),1077(1),1087(1),1097(1),1117(1),1127(1),1230(60);2;GPS+GLO+GAL+BDS+QZS;CORS;AUS;-36.3500;146.3100;0;0;Trimble Pivot Platform;none;B;Y;300;GPSnet CORS Network Victoria
STR;DFRD00AUS0;Daylesford (VIC);RTCM 3.2;1006(15),1008(15),1013(60),1033(15),1077(1),1087(1),1097(1),1117(1),1127(1),1230(60);2;GPS+GLO+GAL+BDS+QZS;CORS;AUS;-37.3410;144.1319;0;0;Trimble Pivot Platform;none;B;Y;300;GPSnet CORS Network Victoria
STR;SYMR00AUS0;Seymour (VIC);RTCM 3.2;1006(15),1008(15),1013(60),1033(15),1077(1),1087(1),1097(1),1117(1),1127(1),1230(60);2;GPS+GLO+GAL+BDS+QZS;CORS;AUS;-37.0200;145.1400;0;0;Trimble Pivot Platform;none;B;Y;300;GPSnet CORS Network Victoria
STR;STAW00AUS0;Stawell (VIC);RTCM 3.2;1006(15),1008(15),1013(60),1033(15),1077(1),1087(1),1097(1),1117(1),1127(1),1230(60);2;GPS+GLO;CORS;AUS;-37.0575;142.7625;0;0;Trimble Pivot Platform;none;B;Y;300;GPSnet CORS Network Victoria
STR;LIPO00AUS0;Lindsay Point (VIC);RTCM 3.2;1006(15),1008(15),1013(60),1033(15),1077(1),1087(1),1097(1),1117(1),1127(1),1230(60);2;GPS+GLO+GAL+BDS+QZS;CORS;AUS;-34.1100;141.0100;0;0;Trimble Pivot Platform;none;B;Y;300;GPSnet CORS Network Victoria
STR;ECHU00AUS0;Echuca (VIC);RTCM 3.2;1006(15),1008(15),1013(60),1033(15),1077(1),1087(1),1097(1),1117(1),1127(1),1230(60);2;GPS+GLO+GAL+BDS+QZS;CORS;AUS;-36.1300;144.7500;0;0;Trimble Pivot Platform;none;B;Y;300;GPSnet CORS Network Victoria
STR;IRYM00AUS0;Irymple (VIC);RTCM 3.2;1006(15),1008(15),1013(60),1033(15),1077(1),1087(1),1097(1),1117(1),1127(1),1230(60);2;GPS+GLO+GAL+BDS+QZS;CORS;AUS;-34.2200;142.1800;0;0;Trimble Pivot Platform;none;B;Y;300;GPSnet CORS Network Victoria
STR;KRNG00AUS0;Kerang (VIC);RTCM 3.2;1006(15),1008(15),1013(60),1033(15),1077(1),1087(1),1097(1),1117(1),1127(1),1230(60);2;GPS+GLO+GAL+BDS+QZS;CORS;AUS;-35.7300;143.9200;0;0;Trimble Pivot Platform;none;B;Y;300;GPSnet CORS Network Victoria
STR;RBVL00AUS0;Robinvale (VIC);RTCM 3.2;1006(15),1008(15),1013(60),1033(15),1077(1),1087(1),1097(1),1117(1),1127(1),1230(60);2;GPS+GLO+GAL+BDS+QZS;CORS;AUS;-34.5800;142.7700;0;0;Trimble Pivot Platform;none;B;Y;300;GPSnet CORS Network Victoria
STR;SWNH00AUS0;Swan Hill (VIC);RTCM 3.2;1006(15),1008(15),1013(60),1033(15),1077(1),1087(1),1097(1),1117(1),1127(1),1230(60);2;GPS+GLO+GAL+BDS+QZS;CORS;AUS;-35.6700;143.5500;0;0;Trimble Pivot Platform;none;B;Y;300;GPSnet CORS Network Victoria
STR;WALW00AUS0;Walwa (VIC);RTCM 3.2;1006(15),1008(15),1013(60),1033(15),1077(1),1087(1),1097(1),1117(1),1127(1),1230(60);2;GPS+GLO+GAL+BDS+QZS;CORS;AUS;-35.9600;147.7400;0;0;Trimble Pivot Platform;none;B;Y;300;GPSnet CORS Network Victoria
STR;CBR400AUS0;Cobram (VIC);RTCM 3.2;1006(15),1008(15),1013(60),1033(15),1077(1),1087(1),1097(1),1117(1),1127(1),1230(60);2;GPS+GLO+GAL+BDS+QZS;CORS;AUS;-35.9198;145.6436;0;0;Trimble Pivot Platform;none;B;Y;300;GPSnet CORS Network Victoria
STR;PIAN00AUS0;Piangil (VIC);RTCM 3.2;1006(15),1008(15),1013(60),1033(15),1077(1),1087(1),1097(1),1117(1),1127(1),1230(60);2;GPS+GLO+GAL+BDS+QZS;CORS;AUS;-35.0500;143.3300;0;0;Trimble Pivot Platform;none;B;Y;300;GPSnet CORS Network Victoria
STR;YIEL00AUS0;Yielima (VIC);RTCM 3.2;1006(15),1008(15),1013(60),1033(15),1077(1),1087(1),1097(1),1117(1),1127(1),1230(60);2;GPS+GLO+GAL+BDS+QZS;CORS;AUS;-35.9300;145.2400;0;0;Trimble Pivot Platform;none;B;Y;300;GPSnet CORS Network Victoria
STR;BNDC00AUS0;Bendoc (VIC);RTCM 3.2;1006(15),1008(15),1013(60),1033(15),1077(1),1087(1),1097(1),1117(1),1127(1),1230(60);2;GPS+GLO;CORS;AUS;-37.1500;148.8800;0;0;Trimble Pivot Platform;none;B;Y;300;GPSnet CORS Network Victoria
STR;GNOA00AUS0;Genoa (VIC);RTCM 3.2;1006(15),1008(15),1013(60),1033(15),1077(1),1087(1),1097(1),1117(1),1127(1),1230(60);2;GPS+GLO;CORS;AUS;-37.4800;149.5900;0;0;Trimble Pivot Platform;none;B;Y;300;GPSnet CORS Network Victoria
STR;MENO00AUS0;Merrinee North (VIC);RTCM 3.2;1006(15),1008(15),1013(60),1033(15),1077(1),1087(1),1097(1),1117(1),1127(1),1230(60);2;GPS+GLO;CORS;AUS;-34.2700;141.8000;0;0;Trimble Pivot Platform;none;B;Y;300;GPSnet CORS Network Victoria
STR;GLDN00AUS0;Golden Beach (VIC);RTCM 3.2;1006(15),1008(15),1013(60),1033(15),1077(1),1087(1),1097(1),1117(1),1127(1),1230(60);2;GPS+GLO;CORS;AUS;-38.2100;147.4000;0;0;Trimble Pivot Platform;none;B;Y;300;GPSnet CORS Network Victoria
STR;ARRT00AUS0;Ararat (VIC);RTCM 3.2;1006(15),1008(15),1013(60),1033(15),1077(1),1087(1),1097(1),1117(1),1127(1),1230(60);2;GPS+GLO+GAL+BDS+QZS;CORS;AUS;-37.2800;142.9300;0;0;Trimble Pivot Platform;none;B;Y;300;GPSnet CORS Network Victoria
STR;BALM00AUS0;Balmoral (VIC);RTCM 3.2;1006(15),1008(15),1013(60),1033(15),1077(1),1087(1),1097(1),1117(1),1127(1),1230(60);2;GPS+GLO;CORS;AUS;-37.2500;141.8400;0;0;Trimble Pivot Platform;none;B;Y;300;GPSnet CORS Network Victoria
STR;BOLC00AUS0;Lake Bolac (VIC);RTCM 3.2;1006(15),1008(15),1013(60),1033(15),1077(1),1087(1),1097(1),1117(1),1127(1),1230(60);2;GPS+GLO+GAL+BDS+QZS;CORS;AUS;-37.7100;142.8400;0;0;Trimble Pivot Platform;none;B;Y;300;GPSnet CORS Network Victoria
STR;EHOP00AUS0;Edenhope (VIC);RTCM 3.2;1006(15),1008(15),1013(60),1033(15),1077(1),1087(1),1097(1),1117(1),1127(1),1230(60);2;GPS+GLO+GAL+BDS+QZS;CORS;AUS;-37.0303;141.2781;0;0;Trimble Pivot Platform;none;B;Y;300;GPSnet CORS Network Victoria
STR;ESDL00AUS0;Eskdale (VIC);RTCM 3.2;1006(15),1008(15),1013(60),1033(15),1077(1),1087(1),1097(1),1117(1),1127(1),1230(60);2;GPS+GLO+GAL+BDS+QZS;CORS;AUS;-36.4618;147.2398;0;0;Trimble Pivot Platform;none;B;Y;300;GPSnet CORS Network Victoria
STR;EURA00AUS0;Euroa (VIC);RTCM 3.2;1006(15),1008(15),1013(60),1033(15),1077(1),1087(1),1097(1),1117(1),1127(1),1230(60);2;GPS+GLO+GAL+BDS+QZS;CORS;AUS;-36.7500;145.5700;0;0;Trimble Pivot Platform;none;B;Y;300;GPSnet CORS Network Victoria
STR;FSTR00AUS0;Foster (VIC);RTCM 3.2;1006(15),1008(15),1013(60),1033(15),1077(1),1087(1),1097(1),1117(1),1127(1),1230(60);2;GPS+GLO+GAL+BDS+QZS;CORS;AUS;-38.6506;146.1998;0;0;Trimble Pivot Platform;none;B;Y;300;GPSnet CORS Network Victoria
STR;GLNG00AUS0;Geelong (VIC);RTCM 3.2;1006(15),1008(15),1013(60),1033(15),1077(1),1087(1),1097(1),1117(1),1127(1),1230(60);2;GPS+GLO+GAL+BDS+QZS;CORS;AUS;-38.1500;144.3500;0;0;Trimble Pivot Platform;none;B;Y;300;GPSnet CORS Network Victoria
STR;GORO00AUS0;Goroke (VIC);RTCM 3.2;1006(15),1008(15),1013(60),1033(15),1077(1),1087(1),1097(1),1117(1),1127(1),1230(60);2;GPS+GLO;CORS;AUS;-36.7200;141.4700;0;0;Trimble Pivot Platform;none;B;Y;300;GPSnet CORS Network Victoria
STR;GSBN00AUS0;Gisborne (VIC);RTCM 3.2;1006(15),1008(15),1013(60),1033(15),1077(1),1087(1),1097(1),1117(1),1127(1),1230(60);2;GPS+GLO+GAL+BDS+QZS;CORS;AUS;-37.4800;144.5700;0;0;Trimble Pivot Platform;none;B;Y;300;GPSnet CORS Network Victoria
STR;HOTH00AUS0;Mt Hotham (VIC);RTCM 3.2;1006(15),1008(15),1013(60),1033(15),1077(1),1087(1),1097(1),1117(1),1127(1),1230(60);2;GPS+GLO;CORS;AUS;-36.9800;147.1400;0;0;Trimble Pivot Platform;none;B;Y;300;GPSnet CORS Network Victoria
STR;HETH00AUS0;Heathcote (VIC);RTCM 3.2;1006(15),1008(15),1013(60),1033(15),1077(1),1087(1),1097(1),1117(1),1127(1),1230(60);2;GPS+GLO+GAL+BDS+QZS;CORS;AUS;-36.9245;144.7030;0;0;Trimble Pivot Platform;none;B;Y;300;GPSnet CORS Network Victoria
STR;KEPK00AUS0;Keilor Park (VIC);RTCM 3.2;1006(15),1008(15),1013(60),1033(15),1077(1),1087(1),1097(1),1117(1),1127(1),1230(60);2;GPS+GLO+GAL+BDS+QZS;CORS;AUS;-37.7000;144.8500;0;0;Trimble Pivot Platform;none;B;Y;300;GPSnet CORS Network Victoria
STR;KILM00AUS0;Kilmore (VIC);RTCM 3.2;1006(15),1008(15),1013(60),1033(15),1077(1),1087(1),1097(1),1117(1),1127(1),1230(60);2;GPS+GLO+GAL+BDS+QZS;CORS;AUS;-37.2900;144.9500;0;0;Trimble Pivot Platform;none;B;Y;300;GPSnet CORS Network Victoria
STR;LCL200AUS0;Licola (VIC);RTCM 3.2;1006(15),1008(15),1013(60),1033(15),1077(1),1087(1),1097(1),1117(1),1127(1),1230(60);2;GPS+GLO+GAL+BDS+QZS;CORS;AUS;-37.6282;146.6223;0;0;Trimble Pivot Platform;none;B;Y;300;GPSnet CORS Network Victoria
STR;MARY00AUS0;Maryborough (VIC);RTCM 3.2;1006(15),1008(15),1013(60),1033(15),1077(1),1087(1),1097(1),1117(1),1127(1),1230(60);2;GPS+GLO+GAL+BDS+QZS;CORS;AUS;-37.0100;143.7600;0;0;Trimble Pivot Platform;none;B;Y;300;GPSnet CORS Network Victoria
STR;MLAK00AUS0;Mortlake (VIC);RTCM 3.2;1006(15),1008(15),1013(60),1033(15),1077(1),1087(1),1097(1),1117(1),1127(1),1230(60);2;GPS+GLO;CORS;AUS;-38.0800;142.8100;0;0;Trimble Pivot Platform;none;B;Y;300;GPSnet CORS Network Victoria
STR;MNSF00AUS0;Mansfield (VIC);RTCM 3.2;1006(15),1008(15),1013(60),1033(15),1077(1),1087(1),1097(1),1117(1),1127(1),1230(60);2;GPS+GLO+GAL+BDS+QZS;CORS;AUS;-37.0700;146.0900;0;0;Trimble Pivot Platform;none;B;Y;300;GPSnet CORS Network Victoria
STR;MYRT00AUS0;Myrtleford (VIC);RTCM 3.2;1006(15),1008(15),1013(60),1033(15),1077(1),1087(1),1097(1),1117(1),1127(1),1230(60);2;GPS+GLO;CORS;AUS;-36.5600;146.7200;0;0;Trimble Pivot Platform;none;B;Y;300;GPSnet CORS Network Victoria
STR;NARE00AUS0;Narre Warren (VIC);RTCM 3.2;1006(15),1008(15),1013(60),1033(15),1077(1),1087(1),1097(1),1117(1),1127(1),1230(60);2;GPS+GLO+GAL+BDS+QZS;CORS;AUS;-38.0579;145.3010;0;0;Trimble Pivot Platform;none;B;Y;300;GPSnet CORS Network Victoria
STR;NLSO00AUS0;Nelson (VIC);RTCM 3.2;1006(15),1008(15),1013(60),1033(15),1077(1),1087(1),1097(1),1117(1),1127(1),1230(60);2;GPS+GLO;CORS;AUS;-38.0500;141.0100;0;0;Trimble Pivot Platform;none;B;Y;300;GPSnet CORS Network Victoria
STR;OMEO00AUS0;Omeo (VIC);RTCM 3.2;1006(15),1008(15),1013(60),1033(15),1077(1),1087(1),1097(1),1117(1),1127(1),1230(60);2;GPS+GLO;CORS;AUS;-37.1000;147.6000;0;0;Trimble Pivot Platform;none;B;Y;300;GPSnet CORS Network Victoria
STR;POCA00AUS0;Port Campbell (VIC);RTCM 3.2;1006(15),1008(15),1013(60),1033(15),1077(1),1087(1),1097(1),1117(1),1127(1),1230(60);2;GPS+GLO;CORS;AUS;-38.6200;143.0000;0;0;Trimble Pivot Platform;none;B;Y;300;GPSnet CORS Network Victoria
STR;PRTF00AUS0;Port Fairy (VIC);RTCM 3.2;1006(15),1008(15),1013(60),1033(15),1077(1),1087(1),1097(1),1117(1),1127(1),1230(60);2;GPS+GLO;CORS;AUS;-38.3900;142.2400;0;0;Trimble Pivot Platform;none;B;Y;300;GPSnet CORS Network Victoria
STR;RNBO00AUS0;Rainbow (VIC);RTCM 3.2;1006(15),1008(15),1013(60),1033(15),1077(1),1087(1),1097(1),1117(1),1127(1),1230(60);2;GPS+GLO;CORS;AUS;-35.9100;141.9900;0;0;Trimble Pivot Platform;none;B;Y;300;GPSnet CORS Network Victoria
STR;RUPA00AUS0;Rupanyup (VIC);RTCM 3.2;1006(15),1008(15),1013(60),1033(15),1077(1),1087(1),1097(1),1117(1),1127(1),1230(60);2;GPS+GLO+GAL+BDS+QZS;CORS;AUS;-36.6325;142.6322;0;0;Trimble Pivot Platform;none;B;Y;300;GPSnet CORS Network Victoria
STR;SEAL00AUS0;Sea Lake (VIC);RTCM 3.2;1006(15),1008(15),1013(60),1033(15),1077(1),1087(1),1097(1),1117(1),1127(1),1230(60);2;GPS+GLO;CORS;AUS;-35.5000;142.8500;0;0;Trimble Pivot Platform;none;B;Y;300;GPSnet CORS Network Victoria
STR;SKIP00AUS0;Skipton (VIC);RTCM 3.2;1006(15),1008(15),1013(60),1033(15),1077(1),1087(1),1097(1),1117(1),1127(1),1230(60);2;GPS+GLO;CORS;AUS;-37.6900;143.3600;0;0;Trimble Pivot Platform;none;B;Y;300;GPSnet CORS Network Victoria
STR;STAD00AUS0;St Arnaud (VIC);RTCM 3.2;1006(15),1008(15),1013(60),1033(15),1077(1),1087(1),1097(1),1117(1),1127(1),1230(60);2;GPS+GLO+GAL+BDS+QZS;CORS;AUS;-36.6200;143.2800;0;0;Trimble Pivot Platform;none;B;Y;300;GPSnet CORS Network Victoria
STR;SUNB00AUS0;Sunbury (VIC);RTCM 3.2;1006(15),1008(15),1013(60),1033(15),1077(1),1087(1),1097(1),1117(1),1127(1),1230(60);2;GPS+GLO+GAL+BDS+QZS;CORS;AUS;-37.5652;144.7926;0;0;Trimble Pivot Platform;none;B;Y;300;GPSnet CORS Network Victoria
STR;TOON00AUS0;Toongabbie (VIC);RTCM 3.2;1006(15),1008(15),1013(60),1033(15),1077(1),1087(1),1097(1),1117(1),1127(1),1230(60);2;GPS+GLO+GAL+BDS+QZS;CORS;AUS;-38.0616;146.6233;0;0;Trimble Pivot Platform;none;B;Y;300;GPSnet CORS Network Victoria
STR;ULTI00AUS0;Ultima (VIC);RTCM 3.2;1006(15),1008(15),1013(60),1033(15),1077(1),1087(1),1097(1),1117(1),1127(1),1230(60);2;GPS+GLO+GAL+BDS+QZS;CORS;AUS;-35.4709;143.2672;0;0;Trimble Pivot Platform;none;B;Y;300;GPSnet CORS Network Victoria
STR;UNDE00AUS0;Underbool (VIC);RTCM 3.2;1006(15),1008(15),1013(60),1033(15),1077(1),1087(1),1097(1),1117(1),1127(1),1230(60);2;GPS+GLO;CORS;AUS;-35.1700;141.8100;0;0;Trimble Pivot Platform;none;B;Y;300;GPSnet CORS Network Victoria
STR;WEDD00AUS0;Wedderburn (VIC);RTCM 3.2;1006(15),1008(15),1013(60),1033(15),1077(1),1087(1),1097(1),1117(1),1127(1),1230(60);2;GPS+GLO;CORS;AUS;-36.4300;143.6100;0;0;Trimble Pivot Platform;none;B;Y;300;GPSnet CORS Network Victoria
STR;WSEA00AUS0;Whittlesea (VIC);RTCM 3.2;1006(15),1008(15),1013(60),1033(15),1077(1),1087(1),1097(1),1117(1),1127(1),1230(60);2;GPS+GLO+GAL+BDS+QZS;CORS;AUS;-37.5100;145.1200;0;0;Trimble Pivot Platform;none;B;Y;300;GPSnet CORS Network Victoria
STR;WYCH00AUS0;Wycheproof (VIC);RTCM 3.2;1006(15),1008(15),1013(60),1033(15),1077(1),1087(1),1097(1),1117(1),1127(1),1230(60);2;GPS+GLO;CORS;AUS;-36.0800;143.2300;0;0;Trimble Pivot Platform;none;B;Y;300;GPSnet CORS Network Victoria
STR;YALL00AUS0;Yallourn (VIC);RTCM 3.2;1006(15),1008(15),1013(60),1033(15),1077(1),1087(1),1097(1),1117(1),1127(1),1230(60);2;GPS+GLO+GAL+BDS+QZS;CORS;AUS;-38.1821;146.3490;0;0;Trimble Pivot Platform;none;B;Y;300;GPSnet CORS Network Victoria
STR;CLAC00AUS0;Colac (VIC);RTCM 3.2;1006(15),1008(15),1013(60),1033(15),1077(1),1087(1),1097(1),1117(1),1127(1),1230(60);2;GPS+GLO+GAL+BDS+QZS;CORS;AUS;-38.3400;143.5900;0;0;Trimble Pivot Platform;none;B;Y;300;GPSnet CORS Network Victoria
STR;NEWH00AUS0;Newhaven (VIC);RTCM 3.2;1006(15),1008(15),1013(60),1033(15),1077(1),1087(1),1097(1),1117(1),1127(1),1230(60);2;GPS+GLO+GAL+BDS+QZS;CORS;AUS;-38.5100;145.3500;0;0;Trimble Pivot Platform;none;B;Y;300;GPSnet CORS Network Victoria
STR;WOTG00AUS0;Wonthaggi (VIC);RTCM 3.2;1006(15),1008(15),1013(60),1033(15),1077(1),1087(1),1097(1),1117(1),1127(1),1230(60);2;GPS+GLO+GAL+BDS+QZS;CORS;AUS;-38.6100;145.5900;0;0;Trimble Pivot Platform;none;B;Y;300;GPSnet CORS Network Victoria
STR;ANGS00AUS0;Anglesea (VIC);RTCM 3.2;1006(15),1008(15),1013(60),1033(15),1077(1),1087(1),1097(1),1117(1),1127(1),1230(60);2;GPS+GLO+GAL+BDS+QZS;CORS;AUS;-38.4000;144.1900;0;0;Trimble Pivot Platform;none;B;Y;300;GPSnet CORS Network Victoria
STR;BALL00AUS0;Ballarat (VIC);RTCM 3.2;1006(15),1008(15),1013(60),1033(15),1077(1),1087(1),1097(1),1117(1),1127(1),1230(60);2;GPS+GLO+GAL+BDS+QZS;CORS;AUS;-37.5600;143.8600;0;0;Trimble Pivot Platform;none;B;Y;300;GPSnet CORS Network Victoria
STR;BMSH00AUS0;Bacchus Marsh3 (VIC);RTCM 3.2;1006(15),1008(15),1013(60),1033(15),1077(1),1087(1),1097(1),1117(1),1127(1),1230(60);2;GPS+GLO+GAL+BDS+QZS;CORS;AUS;-37.6700;144.4400;0;0;Trimble Pivot Platform;none;B;Y;300;GPSnet CORS Network Victoria
STR;BNLA00AUS0;Benalla (VIC);RTCM 3.2;1006(15),1008(15),1013(60),1033(15),1077(1),1087(1),1097(1),1117(1),1127(1),1230(60);2;GPS+GLO+GAL+BDS+QZS;CORS;AUS;-36.5400;146.0100;0;0;Trimble Pivot Platform;none;B;Y;300;GPSnet CORS Network Victoria
STR;CORY00AUS0;Corryong (VIC);RTCM 3.2;1006(15),1008(15),1013(60),1033(15),1077(1),1087(1),1097(1),1117(1),1127(1),1230(60);2;GPS+GLO;CORS;AUS;-36.1900;147.9000;0;0;Trimble Pivot Platform;none;B;Y;300;GPSnet CORS Network Victoria
STR;EBNK00AUS0;Ellinbank (VIC);RTCM 3.2;1006(15),1008(15),1013(60),1033(15),1077(1),1087(1),1097(1),1117(1),1127(1),1230(60);2;GPS+GLO+GAL+BDS+QZS;CORS;AUS;-38.2400;145.9400;0;0;Trimble Pivot Platform;none;B;Y;300;GPSnet CORS Network Victoria
STR;EPSM00AUS0;Epsom (VIC);RTCM 3.2;1006(15),1008(15),1013(60),1033(15),1077(1),1087(1),1097(1),1117(1),1127(1),1230(60);2;GPS+GLO+GAL+BDS+QZS;CORS;AUS;-36.7200;144.3200;0;0;Trimble Pivot Platform;none;B;Y;300;GPSnet CORS Network Victoria
STR;HAMO00AUS0;Hamilton (VIC);RTCM 3.2;1006(15),1008(15),1013(60),1033(15),1077(1),1087(1),1097(1),1117(1),1127(1),1230(60);2;GPS+GLO;CORS;AUS;-37.8200;142.0700;0;0;Trimble Pivot Platform;none;B;Y;300;GPSnet CORS Network Victoria
STR;HBRG00AUS0;Heidelberg (VIC);RTCM 3.2;1006(15),1008(15),1013(60),1033(15),1077(1),1087(1),1097(1),1117(1),1127(1),1230(60);2;GPS+GLO+GAL+BDS+QZS;CORS;AUS;-37.7523;145.0618;0;0;Trimble Pivot Platform;none;B;Y;300;GPSnet CORS Network Victoria
STR;HRSM00AUS0;Horsham (VIC);RTCM 3.2;1006(15),1008(15),1013(60),1033(15),1077(1),1087(1),1097(1),1117(1),1127(1),1230(60);2;GPS+GLO;CORS;AUS;-36.7200;142.1800;0;0;Trimble Pivot Platform;none;B;Y;300;GPSnet CORS Network Victoria
STR;MAFF00AUS0;Maffra (VIC);RTCM 3.2;1006(15),1008(15),1013(60),1033(15),1077(1),1087(1),1097(1),1117(1),1127(1),1230(60);2;GPS+GLO;CORS;AUS;-37.9700;146.9900;0;0;Trimble Pivot Platform;none;B;Y;300;GPSnet CORS Network Victoria
STR;MRNT00AUS0;Mornington (VIC);RTCM 3.2;1006(15),1008(15),1013(60),1033(15),1077(1),1087(1),1097(1),1117(1),1127(1),1230(60);2;GPS+GLO+GAL+BDS+QZS;CORS;AUS;-38.2300;145.0700;0;0;Trimble Pivot Platform;none;B;Y;300;GPSnet CORS Network Victoria
STR;ORBO00AUS0;Orbost (VIC);RTCM 3.2;1006(15),1008(15),1013(60),1033(15),1077(1),1087(1),1097(1),1117(1),1127(1),1230(60);2;GPS+GLO;CORS;AUS;-37.7000;148.4600;0;0;Trimble Pivot Platform;none;B;Y;300;GPSnet CORS Network Victoria
STR;QCLF00AUS0;Queenscliff (VIC);RTCM 3.2;1006(15),1008(15),1013(60),1033(15),1077(1),1087(1),1097(1),1117(1),1127(1),1230(60);2;GPS+GLO+GAL+BDS+QZS;CORS;AUS;-38.2700;144.6400;0;0;Trimble Pivot Platform;none;B;Y;300;GPSnet CORS Network Victoria
STR;RUTH00AUS0;Rutherglen (VIC);RTCM 3.2;1006(15),1008(15),1013(60),1033(15),1077(1),1087(1),1097(1),1117(1),1127(1),1230(60);2;GPS+GLO+GAL+BDS+QZS;CORS;AUS;-36.1000;146.5100;0;0;Trimble Pivot Platform;none;B;Y;300;GPSnet CORS Network Victoria
STR;TATU00AUS0;Tatura (VIC);RTCM 3.2;1006(15),1008(15),1013(60),1033(15),1077(1),1087(1),1097(1),1117(1),1127(1),1230(60);2;GPS+GLO+GAL+BDS+QZS;CORS;AUS;-36.4400;145.2700;0;0;Trimble Pivot Platform;none;B;Y;300;GPSnet CORS Network Victoria
STR;WORI00AUS0;Woori Yallock (VIC);RTCM 3.2;1006(15),1008(15),1013(60),1033(15),1077(1),1087(1),1097(1),1117(1),1127(1),1230(60);2;GPS+GLO+GAL+BDS+QZS;CORS;AUS;-37.7800;145.5300;0;0;Trimble Pivot Platform;none;B;Y;300;GPSnet CORS Network Victoria
STR;ANTW00AUS0;Antwerp (VIC);RTCM 3.2;1006(15),1008(15),1013(60),1033(15),1077(1),1087(1),1097(1),1117(1),1127(1),1230(60);2;GPS+GLO;CORS;AUS;-36.3000;142.0300;0;0;Trimble Pivot Platform;none;B;Y;300;GPSnet CORS Network Victoria
STR;BEUA00AUS0;Beulah (VIC);RTCM 3.2;1006(15),1008(15),1013(60),1033(15),1077(1),1087(1),1097(1),1117(1),1127(1),1230(60);2;GPS+GLO;CORS;AUS;-35.9400;142.1200;0;0;Trimble Pivot Platform;none;B;Y;300;GPSnet CORS Network Victoria
STR;BONE00AUS0;Boneo (VIC);RTCM 3.2;1006(15),1008(15),1013(60),1033(15),1077(1),1087(1),1097(1),1117(1),1127(1),1230(60);2;GPS+GLO+GAL+BDS+QZS;CORS;AUS;-38.4100;144.8800;0;0;Trimble Pivot Platform;none;B;Y;300;GPSnet CORS Network Victoria
STR;BOOL00AUS0;Boolite (VIC);RTCM 3.2;1006(15),1008(15),1013(60),1033(15),1077(1),1087(1),1097(1),1117(1),1127(1),1230(60);2;GPS+GLO;CORS;AUS;-36.3400;142.6700;0;0;Trimble Pivot Platform;none;B;Y;300;GPSnet CORS Network Victoria
STR;BORT00AUS0;Boort (VIC);RTCM 3.2;1006(15),1008(15),1013(60),1033(15),1077(1),1087(1),1097(1),1117(1),1127(1),1230(60);2;GPS+GLO;CORS;AUS;-36.1400;143.7200;0;0;Trimble Pivot Platform;none;B;Y;300;GPSnet CORS Network Victoria
STR;BUCH00AUS0;Buchan (VIC);RTCM 3.2;1006(15),1008(15),1013(60),1033(15),1077(1),1087(1),1097(1),1117(1),1127(1),1230(60);2;GPS+GLO;CORS;AUS;-37.5000;148.1700;0;0;Trimble Pivot Platform;none;B;Y;300;GPSnet CORS Network Victoria
STR;CLBN00AUS0;Colbinabbin (VIC);RTCM 3.2;1006(15),1008(15),1013(60),1033(15),1077(1),1087(1),1097(1),1117(1),1127(1),1230(60);2;GPS+GLO+GAL+BDS+QZS;CORS;AUS;-36.5900;144.8000;0;0;Trimble Pivot Platform;none;B;Y;300;GPSnet CORS Network Victoria
STR;CRSY00AUS0;Cressy (VIC);RTCM 3.2;1006(15),1008(15),1013(60),1033(15),1077(1),1087(1),1097(1),1117(1),1127(1),1230(60);2;GPS+GLO+GAL+BDS+QZS;CORS;AUS;-38.0300;143.6400;0;0;Trimble Pivot Platform;none;B;Y;300;GPSnet CORS Network Victoria
STR;DRGO00AUS0;Dargo (VIC);RTCM 3.2;1006(15),1008(15),1013(60),1033(15),1077(1),1087(1),1097(1),1117(1),1127(1),1230(60);2;GPS+GLO;CORS;AUS;-37.4600;147.2500;0;0;Trimble Pivot Platform;none;B;Y;300;GPSnet CORS Network Victoria
STR;GELA00AUS0;Gelantipy (VIC);RTCM 3.2;1006(15),1008(15),1013(60),1033(15),1077(1),1087(1),1097(1),1117(1),1127(1),1230(60);2;GPS+GLO;CORS;AUS;-37.2200;148.2600;0;0;Trimble Pivot Platform;none;B;Y;300;GPSnet CORS Network Victoria
STR;HATT00AUS0;Hattah (VIC);RTCM 3.2;1006(15),1008(15),1013(60),1033(15),1077(1),1087(1),1097(1),1117(1),1127(1),1230(60);2;GPS+GLO;CORS;AUS;-34.7600;142.3400;0;0;Trimble Pivot Platform;none;B;Y;300;GPSnet CORS Network Victoria
STR;KNOX00AUS0;Knoxfield (VIC);RTCM 3.2;1006(15),1008(15),1013(60),1033(15),1077(1),1087(1),1097(1),1117(1),1127(1),1230(60);2;GPS+GLO+GAL+BDS+QZS;CORS;AUS;-37.8745;145.2544;0;0;Trimble Pivot Platform;none;B;Y;300;GPSnet CORS Network Victoria
STR;KTON00AUS0;Kyneton (VIC);RTCM 3.2;1006(15),1008(15),1013(60),1033(15),1077(1),1087(1),1097(1),1117(1),1127(1),1230(60);2;GPS+GLO+GAL+BDS+QZS;CORS;AUS;-37.2500;144.4500;0;0;Trimble Pivot Platform;none;B;Y;300;GPSnet CORS Network Victoria
STR;LRNE00AUS0;Lorne (VIC);RTCM 3.2;1006(15),1008(15),1013(60),1033(15),1077(1),1087(1),1097(1),1117(1),1127(1),1230(60);2;GPS+GLO+GAL+BDS+QZS;CORS;AUS;-38.5409;143.9685;0;0;Trimble Pivot Platform;none;B;Y;300;GPSnet CORS Network Victoria
STR;MANY00AUS0;Manya North (VIC);RTCM 3.2;1006(15),1008(15),1013(60),1033(15),1077(1),1087(1),1097(1),1117(1),1127(1),1230(60);2;GPS+GLO;CORS;AUS;-35.0500;141.0600;0;0;Trimble Pivot Platform;none;B;Y;300;GPSnet CORS Network Victoria
STR;MIMI00AUS0;Mitta Mitta (VIC);RTCM 3.2;1006(15),1008(15),1013(60),1033(15),1077(1),1087(1),1097(1),1117(1),1127(1),1230(60);2;GPS+GLO+GAL+BDS+QZS;CORS;AUS;-36.5300;147.3700;0;0;Trimble Pivot Platform;none;B;Y;300;GPSnet CORS Network Victoria
STR;MITT00AUS0;Mittyack (VIC);RTCM 3.2;1006(15),1008(15),1013(60),1033(15),1077(1),1087(1),1097(1),1117(1),1127(1),1230(60);2;GPS+GLO;CORS;AUS;-35.1600;142.6600;0;0;Trimble Pivot Platform;none;B;Y;300;GPSnet CORS Network Victoria
STR;MOOR00AUS0;Mooralla (VIC);RTCM 3.2;1006(15),1008(15),1013(60),1033(15),1077(1),1087(1),1097(1),1117(1),1127(1),1230(60);2;GPS+GLO;CORS;AUS;-37.4000;142.1300;0;0;Trimble Pivot Platform;none;B;Y;300;GPSnet CORS Network Victoria
STR;MVIL00AUS0;Marysville (VIC);RTCM 3.2;1006(15),1008(15),1013(60),1033(15),1077(1),1087(1),1097(1),1117(1),1127(1),1230(60);2;GPS+GLO+GAL+BDS+QZS;CORS;AUS;-37.5100;145.7400;0;0;Trimble Pivot Platform;none;B;Y;300;GPSnet CORS Network Victoria
STR;NOOJ00AUS0;Noojee (VIC);RTCM 3.2;1006(15),1008(15),1013(60),1033(15),1077(1),1087(1),1097(1),1117(1),1127(1),1230(60);2;GPS+GLO+GAL+BDS+QZS;CORS;AUS;-38.8897;145.9963;0;0;Trimble Pivot Platform;none;B;Y;300;GPSnet CORS Network Victoria
STR;PACH00AUS0;Patchewollock (VIC);RTCM 3.2;1006(15),1008(15),1013(60),1033(15),1077(1),1087(1),1097(1),1117(1),1127(1),1230(60);2;GPS+GLO;CORS;AUS;-35.3800;142.1900;0;0;Trimble Pivot Platform;none;B;Y;300;GPSnet CORS Network Victoria
STR;SRVC00AUS0;Serviceton (VIC);RTCM 3.2;1006(15),1008(15),1013(60),1033(15),1077(1),1087(1),1097(1),1117(1),1127(1),1230(60);2;GPS+GLO;CORS;AUS;-36.3800;140.9900;0;0;Trimble Pivot Platform;none;B;Y;300;GPSnet CORS Network Victoria
STR;STRH00AUS0;Strathdownie (VIC);RTCM 3.2;1006(15),1008(15),1013(60),1033(15),1077(1),1087(1),1097(1),1117(1),1127(1),1230(60);2;GPS+GLO;CORS;AUS;-37.7300;141.1400;0;0;Trimble Pivot Platform;none;B;Y;300;GPSnet CORS Network Victoria
STR;YARS00AUS0;Yarrara South (VIC);RTCM 3.2;1006(15),1008(15),1013(60),1033(15),1077(1),1087(1),1097(1),1117(1),1127(1),1230(60);2;GPS+GLO;CORS;AUS;-34.5300;141.4500;0;0;Trimble Pivot Platform;none;B;Y;300;GPSnet CORS Network Victoria
STR;BCHP00AUS0;Birchip (VIC);RTCM 3.2;1006(15),1008(15),1013(60),1033(15),1077(1),1087(1),1097(1),1117(1),1127(1),1230(60);2;GPS+GLO;CORS;AUS;-35.9855;142.9128;0;0;Trimble Pivot Platform;none;B;Y;300;GPSnet CORS Network Victoria
STR;MTBU00AUS0;Mount Buller (VIC);RTCM 3.2;1006(15),1008(15),1013(60),1033(15),1077(1),1087(1),1097(1),1117(1),1127(1),1230(60);2;GPS+GLO;CORS;AUS;-37.1451;146.4488;0;0;Trimble Pivot Platform;none;B;Y;300;GPSnet CORS Network Victoria
STR;MURR00AUS0;Murrayville (VIC);RTCM 3.2;1006(15),1008(15),1013(60),1033(15),1077(1),1087(1),1097(1),1117(1),1127(1),1230(60);2;GPS+GLO;CORS;AUS;-35.2626;141.1811;0;0;Trimble Pivot Platform;none;B;Y;300;GPSnet CORS Network Victoria
STR;RAWS00AUS0;Rawson (VIC);RTCM 3.2;1006(15),1008(15),1013(60),1033(15),1077(1),1087(1),1097(1),1117(1),1127(1),1230(60);2;GPS+GLO+GAL+BDS+QZS;CORS;AUS;-37.9500;146.3800;0;0;Trimble Pivot Platform;none;B;Y;300;GPSnet CORS Network Victoria
STR;WDNG00AUS0;Wodonga (VIC);RTCM 3.2;1006(15),1008(15),1013(60),1033(15),1077(1),1087(1),1097(1),1117(1),1127(1),1230(60);2;GPS+GLO+GAL+BDS+QZS;CORS;AUS;-36.1137;146.8593;0;0;Trimble Pivot Platform;none;B;Y;300;GPSnet CORS Network Victoria
STR;WPND00AUS0;Waurn Ponds (VIC);RTCM 3.2;1006(15),1008(15),1013(60),1033(15),1077(1),1087(1),1097(1),1117(1),1127(1),1230(60);2;GPS+GLO+GAL+BDS+QZS;CORS;AUS;-38.1800;144.2800;0;0;Trimble Pivot Platform;none;B;Y;300;GPSnet CORS Network Victoria
STR;GELI00AUS0;Gellibrand (VIC);RTCM 3.2;1006(15),1008(15),1013(60),1033(15),1077(1),1087(1),1097(1),1117(1),1127(1),1230(60);2;GPS+GLO+GAL+BDS+QZS;CORS;AUS;-38.5300;143.5400;0;0;Trimble Pivot Platform;none;B;Y;300;GPSnet CORS Network Victoria
STR;HWOD00AUS0;Heywood (VIC);RTCM 3.2;1006(15),1008(15),1013(60),1033(15),1077(1),1087(1),1097(1),1117(1),1127(1),1230(60);2;GPS+GLO+GAL+BDS+QZS;CORS;AUS;-38.1400;141.6300;0;0;Trimble Pivot Platform;none;B;Y;300;GPSnet CORS Network Victoria
STR;LETH00AUS0;Lethbridge (VIC);RTCM 3.2;1006(15),1008(15),1013(60),1033(15),1077(1),1087(1),1097(1),1117(1),1127(1),1230(60);2;GPS+GLO+GAL+BDS+QZS;CORS;AUS;-37.9100;144.0900;0;0;Trimble Pivot Platform;none;B;Y;300;GPSnet CORS Network Victoria
STR;WRDI00AUS0;Wurdibuloc (VIC);RTCM 3.2;1006(15),1008(15),1013(60),1033(15),1077(1),1087(1),1097(1),1117(1),1127(1),1230(60);2;GPS+GLO+GAL+BDS+QZS;CORS;AUS;-38.2800;144.0500;0;0;Trimble Pivot Platform;none;B;Y;300;GPSnet CORS Network Victoria
STR;LAKS00AUS0;Lakes Entrance (VIC);RTCM 3.2;1006(15),1008(15),1013(60),1033(15),1077(1),1087(1),1097(1),1117(1),1127(1),1230(60);2;GPS+GLO+GAL+BDS+QZS;CORS;AUS;-37.8800;147.9700;0;0;Trimble Pivot Platform;none;B;Y;300;GPSnet CORS Network Victoria
STR;LGTH00AUS0;Leongatha (VIC);RTCM 3.2;1006(15),1008(15),1013(60),1033(15),1077(1),1087(1),1097(1),1117(1),1127(1),1230(60);2;GPS+GLO+GAL+BDS+QZS;CORS;AUS;-38.4800;145.9400;0;0;Trimble Pivot Platform;none;B;Y;300;GPSnet CORS Network Victoria
STR;PKHM00AUS0;Pakenham (VIC);RTCM 3.2;1006(15),1008(15),1013(60),1033(15),1077(1),1087(1),1097(1),1117(1),1127(1),1230(60);2;GPS+GLO+GAL+BDS+QZS;CORS;AUS;-38.1100;145.4900;0;0;Trimble Pivot Platform;none;B;Y;300;GPSnet CORS Network Victoria
STR;WRBE00AUS0;Werribee (VIC);RTCM 3.2;1006(15),1008(15),1013(60),1033(15),1077(1),1087(1),1097(1),1117(1),1127(1),1230(60);2;GPS+GLO+GAL+BDS+QZS;CORS;AUS;-37.9100;144.6700;0;0;Trimble Pivot Platform;none;B;Y;300;GPSnet CORS Network Victoria
STR;CBG200AUS0;Coburg (VIC);RTCM 3.2;1006(15),1008(15),1013(60),1033(15),1077(1),1087(1),1097(1),1117(1),1127(1),1230(60);2;GPS+GLO+GAL+BDS+QZS;CORS;AUS;-37.5700;144.9200;0;0;Trimble Pivot Platform;none;B;Y;300;GPSnet CORS Network Victoria
STR;EML200AUS0;Melbourne (VIC);RTCM 3.2;1006(15),1008(15),1013(60),1033(15),1077(1),1087(1),1097(1),1117(1),1127(1),1230(60);2;GPS+GLO+GAL+BDS+QZS;CORS;AUS;-37.8000;144.9500;0;0;Trimble Pivot Platform;none;B;Y;300;GPSnet CORS Network Victoria
STR;BNDR00AUS0;Bundoora2 (VIC);RTCM 3.2;1006(15),1008(15),1013(60),1033(15),1077(1),1087(1),1097(1),1117(1),1127(1),1230(60);2;GPS+GLO+GAL+BDS+QZS;CORS;AUS;37.6808;145.0645;0;0;Trimble Pivot Platform;none;B;Y;300;GPSnet CORS Network Victoria
STR;WBOL00AUS0;Warrnambool (VIC);RTCM 3.2;1006(15),1008(15),1013(60),1033(15),1077(1),1087(1),1097(1),1117(1),1127(1),1230(60);2;GPS+GLO+GAL+BDS+QZS;CORS;AUS;-38.3792;142.4823;0;0;Trimble Pivot Platform;none;B;Y;300;GPSnet CORS Network Victoria
STR;YANC00AUS0;Yanac (VIC);RTCM 3.2;1006(15),1008(15),1013(60),1033(15),1077(1),1087(1),1097(1),1117(1),1127(1),1230(60);2;GPS+GLO+GAL+BDS+QZS;CORS;AUS;-36.1345;141.4359;0;0;Trimble Pivot Platform;none;B;Y;300;GPSnet CORS Network Victoria
STR;YRM200AUS0;Yarram (VIC);RTCM 3.2;1006(15),1008(15),1013(60),1033(15),1077(1),1087(1),1097(1),1117(1),1127(1),1230(60);2;GPS+GLO+GAL+BDS+QZS;CORS;AUS;-38.5600;146.6706;0;0;Trimble Pivot Platform;none;B;Y;300;GPSnet CORS Network Victoria
STR;240600NZL0;C KAIAPO TLP;RTCM 3;1004(1),1012(1),1006(10),1008(10),1013(10),1033(10);2;GPS+GLONASS;CORS;NZL;-38.6900;175.9900;0;0;Trimble NetR9;none;B;N;9600;PositioNZ
STR;ARTA00NZL0;Aratiatia Dam;RTCM 3;1004(1),1012(1),1006(10),1008(10),1013(10),1033(10);2;GPS+GLONASS;CORS;NZL;-38.6200;176.1400;0;0;Trimble NetR9;none;B;N;9600;PositioNZ
STR;AUCK00NZL0;Whangaparaoa No 3;RTCM 3.2;1004(1),1012(1),1006(10),1008(10),1013(10),1033(10),1074(1),1084(1),1094(1),1114(1),1124(1);2;GPS+GLO+GAL+BDS+QZS;CORS;NZL;-36.6000;174.8300;0;0;Trimble Alloy;none;B;N;16400;PositioNZ
STR;AVLN00NZL0;Avalon Sound Stage;RTCM 3.2;1004(1),1012(1),1006(10),1008(10),1013(10),1033(10),1074(1),1084(1),1094(1),1114(1),1124(1);2;GPS+GLO+GAL+BDS+QZS;CORS;NZL;-41.2000;174.9300;0;0;Trimble Alloy;none;B;N;16400;PositioNZ
STR;BLUF00NZL0;Bluff;RTCM 3.2;1004(1),1012(1),1006(10),1008(10),1013(10),1033(10),1074(1),1084(1),1094(1),1114(1),1124(1);2;GPS+GLO+GAL+BDS+QZS;CORS;NZL;-46.5900;168.2900;0;0;Trimble Alloy;none;B;N;10400;PositioNZ
STR;BTHL00NZL0;Battery Hill;RTCM 3;1004(1),1012(1),1006(10),1008(10),1013(10),1033(10);2;GPS+GLONASS;CORS;NZL;-41.3400;175.1400;0;0;Trimble NetR9;none;B;N;9600;PositioNZ
STR;CHTI00NZL0;Chatham Island North;RTCM 3.2;1004(1),1012(1),1006(10),1008(10),1013(10),1033(10),1074(1),1084(1),1094(1),1114(1),1124(1);2;GPS+GLO+GAL+BDS+QZS;CORS;NZL;-43.7400;-176.6200;0;0;Trimble Alloy;none;B;N;10400;PositioNZ
STR;CLRR00NZL0;Clarence River;RTCM 3;1004(1),1012(1),1006(10),1008(10),1013(10),1033(10);2;GPS+GLONASS;CORS;NZL;-42.1400;173.8100;0;0;Trimble NetR9;none;B;N;9600;PositioNZ
STR;CMBL00NZL0;Cape Campbell No. 2;RTCM 3;1004(1),1012(1),1006(10),1008(10),1013(10),1033(10);2;GPS+GLONASS;CORS;NZL;-41.7500;174.2100;0;0;Trimble NetR9;none;B;N;9600;PositioNZ
STR;CORM00NZL0;Coromandel;RTCM 3.2;1004(1),1012(1),1006(10),1008(10),1013(10),1033(10),1074(1),1084(1),1094(1),1114(1),1124(1);2;GPS+GLO+GAL+BDS+QZS;CORS;NZL;-36.8700;175.7500;0;0;Trimble Alloy;none;B;N;10400;PositioNZ
STR;DNVK00NZL0;Dannevirke;RTCM 3.2;1004(1),1012(1),1006(10),1008(10),1013(10),1033(10),1074(1),1084(1),1094(1),1114(1),1124(1);2;GPS+GLO+GAL+BDS+QZS;CORS;NZL;-40.3000;176.1700;0;0;Trimble Alloy;none;B;N;10400;PositioNZ
STR;DUND00NZL0;Dunedin;RTCM 3.2;1004(1),1012(1),1006(10),1008(10),1013(10),1033(10),1074(1),1084(1),1094(1),1114(1),1124(1);2;GPS+GLO+GAL+BDS+QZS;CORS;NZL;-45.8800;170.6000;0;0;Trimble Alloy;none;B;N;10400;PositioNZ
STR;GISB00NZL0;Gisborne;RTCM 3.2;1004(1),1012(1),1006(10),1008(10),1013(10),1033(10),1074(1),1084(1),1094(1),1114(1),1124(1);2;GPS+GLO+GAL+BDS+QZS;CORS;NZL;-38.6400;177.8900;0;0;Trimble Alloy;none;B;N;10400;PositioNZ
STR;GLDB00NZL0;Golden Bay;RTCM 3.2;1004(1),1012(1),1006(10),1008(10),1013(10),1033(10),1074(1),1084(1),1094(1),1114(1),1124(1);2;GPS+GLO+GAL+BDS+QZS;CORS;NZL;-40.8300;172.5300;0;0;Trimble Alloy;none;B;N;10400;PositioNZ
STR;HAAS00NZL0;Haast;RTCM 3.2;1004(1),1012(1),1006(10),1008(10),1013(10),1033(10),1074(1),1084(1),1094(1),1114(1),1124(1);2;GPS+GLO+GAL+BDS+QZS;CORS;NZL;-44.0700;168.7900;0;0;Trimble Alloy;none;B;N;10400;PositioNZ
STR;HAMT00NZL0;Hamilton;RTCM 3.2;1004(1),1012(1),1006(10),1008(10),1013(10),1033(10),1074(1),1084(1),1094(1),1114(1),1124(1);2;GPS+GLO+GAL+BDS+QZS;CORS;NZL;-37.8100;175.1100;0;0;Trimble Alloy;none;B;N;10400;PositioNZ
STR;HANM00NZL0;Hanmer Basin;RTCM 3;1004(1),1012(1),1006(10),1008(10),1013(10),1033(10);2;GPS+GLONASS;CORS;NZL;-42.5500;172.7900;0;0;Trimble Alloy;none;B;N;10400;PositioNZ
STR;HAST00NZL0;Hastings;RTCM 3.2;1004(1),1012(1),1006(10),1008(10),1013(10),1033(10),1074(1),1084(1),1094(1),1114(1),1124(1);2;GPS+GLO+GAL+BDS+QZS;CORS;NZL;-39.6200;176.7300;0;0;Trimble Alloy;none;B;N;10400;PositioNZ
STR;HIKB00NZL0;Hicks Bay;RTCM 3.2;1004(1),1012(1),1006(10),1008(10),1013(10),1033(10),1074(1),1084(1),1094(1),1114(1),1124(1);2;GPS+GLO+GAL+BDS+QZS;CORS;NZL;-37.5600;178.3000;0;0;Trimble Alloy;none;B;N;10400;PositioNZ
STR;HOKI00NZL0;Hokitika;RTCM 3.2;1004(1),1012(1),1006(10),1008(10),1013(10),1033(10),1074(1),1084(1),1094(1),1114(1),1124(1);2;GPS+GLO+GAL+BDS+QZS;CORS;NZL;-42.7100;170.9800;0;0;Trimble Alloy;none;B;N;10400;PositioNZ
STR;KAIK00NZL0;Kaikoura;RTCM 3.2;1004(1),1012(1),1006(10),1008(10),1013(10),1033(10),1074(1),1084(1),1094(1),1114(1),1124(1);2;GPS+GLO+GAL+BDS+QZS;CORS;NZL;-42.4300;173.5300;0;0;Trimble Alloy;none;B;N;10400;PositioNZ
STR;KTIA00NZL0;Kaitaia;RTCM 3.2;1004(1),1012(1),1006(10),1008(10),1013(10),1033(10),1074(1),1084(1),1094(1),1114(1),1124(1);2;GPS+GLO+GAL+BDS+QZS;CORS;NZL;-35.0700;173.2700;0;0;Trimble Alloy;none;B;N;10400;PositioNZ
STR;LEVN00NZL0;Moutere No.3;RTCM 3.2;1004(1),1012(1),1006(10),1008(10),1013(10),1033(10),1074(1),1084(1),1094(1),1114(1),1124(1);2;GPS+GLO+GAL+BDS+QZS;CORS;NZL;-40.5900;175.2400;0;0;Trimble NetR9;none;B;N;9600;PositioNZ
STR;LEXA00NZL0;Alexandra;RTCM 3.2;1004(1),1012(1),1006(10),1008(10),1013(10),1033(10),1074(1),1084(1),1094(1),1114(1),1124(1);2;GPS+GLO+GAL+BDS+QZS;CORS;NZL;-45.2300;169.3100;0;0;Trimble Alloy;none;B;N;10400;PositioNZ
STR;LKTA00NZL0;Lake Taylor;RTCM 3.2;1004(1),1012(1),1006(10),1008(10),1013(10),1033(10),1074(1),1084(1),1094(1),1114(1),1124(1);2;GPS+GLO+GAL+BDS+QZS;CORS;NZL;-42.7800;172.2700;0;0;Trimble Alloy;none;B;N;10400;PositioNZ
STR;MAHO00NZL0;Mahoenui;RTCM 3.2;1004(1),1012(1),1006(10),1008(10),1013(10),1033(10),1074(1),1084(1),1094(1),1114(1),1124(1);2;GPS+GLO+GAL+BDS+QZS;CORS;NZL;-38.5100;174.8500;0;0;Trimble Alloy;none;B;N;10400;PositioNZ
STR;MAVL00NZL0;Mavora Lakes;RTCM 3.2;1004(1),1012(1),1006(10),1008(10),1013(10),1033(10),1074(1),1084(1),1094(1),1114(1),1124(1);2;GPS+GLO+GAL+BDS+QZS;CORS;NZL;-45.3700;168.1200;0;0;Trimble Alloy;none;B;N;10400;PositioNZ
STR;METH00NZL0;Methven;RTCM 3.2;1004(1),1012(1),1006(10),1008(10),1013(10),1033(10),1074(1),1084(1),1094(1),1114(1),1124(1);2;GPS+GLO+GAL+BDS+QZS;CORS;NZL;-43.5900;171.5800;0;0;Trimble Alloy;none;B;N;10400;PositioNZ
STR;MQZG00NZL0;McQueens Valley;RTCM 3.2;1004(1),1012(1),1006(10),1008(10),1013(10),1033(10),1074(1),1084(1),1094(1),1114(1),1124(1);2;GPS+GLO+GAL+BDS+QZS;CORS;NZL;-43.7000;172.6500;0;0;Trimble Alloy;none;B;N;10400;PositioNZ
STR;MRBL00NZL0;Marble Point;RTCM 3.2;1004(1),1012(1),1006(10),1008(10),1013(10),1033(10),1074(1),1084(1),1094(1),1114(1),1124(1);2;GPS+GLO+GAL+BDS+QZS;CORS;NZL;-42.6600;172.7800;0;0;Trimble NetR9;none;B;N;9600;PositioNZ
STR;MTJO00NZL0;Mt John Observatory;RTCM 3.2;1004(1),1012(1),1006(10),1008(10),1013(10),1033(10),1074(1),1084(1),1094(1),1114(1),1124(1);2;GPS+GLO+GAL+BDS+QZS;CORS;NZL;-43.9900;170.4600;0;0;Trimble Alloy;none;B;N;10400;PositioNZ
STR;NLSN00NZL0;Nelson;RTCM 3.2;1004(1),1012(1),1006(10),1008(10),1013(10),1033(10),1074(1),1084(1),1094(1),1114(1),1124(1);2;GPS+GLO+GAL+BDS+QZS;CORS;NZL;-41.1800;173.4300;0;0;Trimble Alloy;none;B;N;10400;PositioNZ
STR;NPLY00NZL0;New Plymouth;RTCM 3.2;1004(1),1012(1),1006(10),1008(10),1013(10),1033(10),1074(1),1084(1),1094(1),1114(1),1124(1);2;GPS+GLO+GAL+BDS+QZS;CORS;NZL;-39.1800;174.1200;0;0;Trimble Alloy;none;B;N;1040;PositioNZ
STR;PAEK00NZL0;Paekakariki Hill;RTCM 3;1004(1),1012(1),1006(10),1008(10),1013(10),1033(10);2;GPS+GLONASS;CORS;NZL;-41.0200;174.9500;0;0;Trimble NetR9;none;B;N;9600;PositioNZ
STR;PYGR00NZL0;Puysegur Point;RTCM 3.2;1004(1),1012(1),1006(10),1008(10),1013(10),1033(10),1074(1),1084(1),1094(1),1114(1),1124(1);2;GPS+GLO+GAL+BDS+QZS;CORS;NZL;-46.1700;166.6800;0;0;Trimble Alloy;none;B;N;10400;PositioNZ
STR;RGAR00NZL0;Allen Road;RTCM 3.2;1004(1),1012(1),1006(10),1008(10),1013(10),1033(10);2;GPS+GLONASS;CORS;NZL;-38.5600;176.3400;0;0;Trimble NetR9;none;B;N;9600;PositioNZ
STR;RGUT00NZL0;Utuhina;RTCM 3.2;1004(1),1012(1),1006(10),1008(10),1013(10),1033(10),1074(1),1084(1),1094(1),1114(1),1124(1);2;GPS+GLO+GAL+BDS+QZS;CORS;NZL;-38.1800;176.1900;0;0;Trimble Alloy;none;B;N;10400;PositioNZ
STR;SCTB00ATA0;Scott Base;RTCM 3.2;1004(1),1012(1),1006(10),1008(10),1013(10),1033(10),1074(1),1084(1),1094(1),1114(1),1124(1);2;GPS+GLO+GAL+BDS+QZS;CORS;ATA;-77.8500;166.7600;0;0;Trimble Alloy;none;B;N;10400;PositioNZ
STR;TAUP00NZL0;Taupo Airport;RTCM 3.2;1004(1),1012(1),1006(10),1008(10),1013(10),1033(10),1074(1),1084(1),1094(1),1114(1),1124(1);2;GPS+GLO+GAL+BDS+QZS;CORS;NZL;-38.7400;176.0800;0;0;Trimble Alloy;none;B;N;10400;PositioNZ
STR;TKHL00NZL0;Takaka Hill;RTCM 3.2;1004(1),1012(1),1006(10),1008(10),1013(10),1033(10),1074(1),1084(1),1094(1),1114(1),1124(1);2;GPS+GLO+GAL+BDS+QZS;CORS;NZL;-41.0300;172.9600;0;0;Trimble Alloy;none;B;N;10400;PositioNZ
STR;TRNG00NZL0;Tauranga;RTCM 3.2;1004(1),1012(1),1006(10),1008(10),1013(10),1033(10),1074(1),1084(1),1094(1),1114(1),1124(1);2;GPS+GLO+GAL+BDS+QZS;CORS;NZL;-37.7300;176.2600;0;0;Trimble Alloy;none;B;N;10400;PositioNZ
STR;TRWH00NZL0;Terawhiti;RTCM 3;1004(1),1012(1),1006(10),1008(10),1013(10),1033(10);2;GPS+GLONASS;CORS;NZL;-41.2800;174.6300;0;0;Trimble NetR9;none;B;N;9600;PositioNZ
STR;VGMT00NZL0;Mangateitei;RTCM 3.2;1004(1),1012(1),1006(10),1008(10),1013(10),1033(10),1074(1),1084(1),1094(1),1114(1),1124(1);2;GPS+GLO+GAL+BDS+QZS;CORS;NZL;-39.3800;175.4700;0;0;Trimble Alloy;none;B;N;10400;PositioNZ
STR;WAIM00NZL0;Waimate;RTCM 3.2;1004(1),1012(1),1006(10),1008(10),1013(10),1033(10),1074(1),1084(1),1094(1),1114(1),1124(1);2;GPS+GLO+GAL+BDS+QZS;CORS;NZL;-44.6600;170.9200;0;0;Trimble Alloy;none;B;N;10400;PositioNZ
STR;WANG00NZL0;Wanganui;RTCM 3.2;1004(1),1012(1),1006(10),1008(10),1013(10),1033(10),1074(1),1084(1),1094(1),1114(1),1124(1);2;GPS+GLO+GAL+BDS+QZS;CORS;NZL;-39.7900;174.8200;0;0;Trimble Alloy;none;B;N;10400;PositioNZ
STR;WARK00NZL0;Warkworth;RTCM 3.2;1004(1),1012(1),1006(10),1008(10),1013(10),1033(10),1074(1),1084(1),1094(1),1114(1),1124(1);2;GPS+GLO+GAL+BDS+QZS;CORS;NZL;-36.4300;174.6600;0;0;Trimble Alloy;none;B;N;10400;PositioNZ
STR;WEST00NZL0;Westport;RTCM 3.2;1004(1),1012(1),1006(10),1008(10),1013(10),1033(10),1074(1),1084(1),1094(1),1114(1),1124(1);2;GPS+GLO+GAL+BDS+QZS;CORS;NZL;-41.7400;171.8100;0;0;Trimble Alloy;none;B;N;10400;PositioNZ
STR;WGTN00NZL0;Wellington Airport;RTCM 3.2;1004(1),1012(1),1006(10),1008(10),1013(10),1033(10),1074(1),1084(1),1094(1),1114(1),1124(1);2;GPS+GLO+GAL+BDS+QZS;CORS;NZL;-41.3200;174.8100;0;0;Trimble Alloy;none;B;N;10400;PositioNZ
STR;WHKT00NZL0;Whakatane;RTCM 3.2;1004(1),1012(1),1006(10),1008(10),1013(10),1033(10),1074(1),1084(1),1094(1),1114(1),1124(1);2;GPS+GLO+GAL+BDS+QZS;CORS;NZL;-37.9800;177.0100;0;0;Trimble Alloy;none;B;N;10400;PositioNZ
STR;WHNG00NZL0;Whangarei;RTCM 3.2;1004(1),1012(1),1006(10),1008(10),1013(10),1033(10),1074(1),1084(1),1094(1),1114(1),1124(1);2;GPS+GLO+GAL+BDS+QZS;CORS;NZL;-35.8000;174.3100;0;0;Trimble Alloy;none;B;N;10400;PositioNZ
STR;WRAU00NZL0;Wairau Valley;RTCM 3;1004(1),1012(1),1006(10),1008(10),1013(10),1033(10);2;GPS+GLONASS;CORS;NZL;-41.5900;173.5900;0;0;Trimble NetR9;none;B;N;9600;PositioNZ
STR;WRPA00NZL0;Wairarapa;RTCM 3.2;1004(1),1012(1),1006(10),1008(10),1013(10),1033(10),1074(1),1084(1),1094(1),1114(1),1124(1);2;GPS+GLO+GAL+BDS+QZS;CORS;NZL;-41.0600;175.5800;0;0;Trimble Alloy;none;B;N;10400;PositioNZ
STR;YALD00NZL0;Yaldhurst;RTCM 3.2;1004(1),1012(1),1006(10),1008(10),1013(10),1033(10),1074(1),1084(1),1094(1),1114(1),1124(1);2;GPS+GLO+GAL+BDS+QZS;CORS;NZL;-43.4900;172.4800;0;0;Trimble NetR9;none;B;N;9600;PositioNZ
STR;4GLE00AUS0;Gladstone (QLD);RTCM 3;1005(1),1007(1),1033(1),1230(1),1077(1),1087(1),1097(1),1107(1),1117(1),1127(1);2;GPS+GLO+GAL+SBAS+QZS+BDS;CORS;AUS;-23.8500;151.2300;0;0;TopNET-V;none;B;N;0;Aptella
STR;4GW200AUS0;Goondiwindi (QLD);RTCM 3;1005(1),1007(1),1033(1),1230(1),1077(1),1087(1),1097(1),1107(1),1117(1),1127(1);2;GPS+GLO+GAL+SBAS+QZS+BDS;CORS;AUS;-28.5500;150.3000;0;0;TopNET-V;none;B;N;0;Aptella
STR;4MRB00AUS0;Moranbah (QLD);RTCM 3;1005(1),1007(1),1033(1),1230(1),1077(1),1087(1),1097(1),1107(1),1117(1),1127(1);2;GPS+GLO+GAL+SBAS+QZS+BDS;CORS;AUS;-21.7555;147.9499;0;0;TopNET-V;none;B;N;0;Aptella
STR;4RMA00AUS0;Roma (QLD);RTCM 3;1005(1),1007(1),1033(1),1230(1),1077(1),1087(1),1097(1),1107(1),1117(1),1127(1);2;GPS+GLO+GAL+SBAS+QZS+BDS;CORS;AUS;-26.5800;148.8200;0;0;TopNET-V;none;B;N;0;Aptella
STR;4SPC00AUS0;Spring Creek(QLD);RTCM 3;1005(1),1007(1),1033(1),1230(1),1077(1),1087(1),1097(1),1107(1),1117(1),1127(1);2;GPS+GLO+GAL+SBAS+QZS+BDS;CORS;AUS;-27.9380;152.0170;0;0;TopNET-V;none;B;N;0;Position Partners
STR;5AVR00AUS0;Avenue Range (SA);RTCM 3;1005(1),1007(1),1033(1),1230(1),1077(1),1087(1),1097(1),1107(1),1117(1),1127(1);2;GPS+GLO+GAL+SBAS+QZS+BDS;CORS;AUS;-37.0000;140.1400;0;0;TopNET-V;none;B;N;0;Aptella
STR;5BAL00AUS0;Balaklava (SA);RTCM 3;1005(1),1007(1),1033(1),1230(1),1077(1),1087(1),1097(1),1107(1),1117(1),1127(1);2;GPS+GLO+GAL+SBAS+QZS+BDS;CORS;AUS;-34.1400;138.4400;0;0;TopNET-V;none;B;N;0;Aptella
STR;5CL300AUS0;Clare (SA);RTCM 3;1005(1),1007(1),1033(1),1230(1),1077(1),1087(1),1097(1),1107(1),1117(1),1127(1);2;GPS+GLO+GAL+SBAS+QZS+BDS;CORS;AUS;-33.8354;138.6133;0;0;TopNET-V;none;B;N;0;Aptella
STR;5CLB00AUS0;Culburra (SA);RTCM 3;1005(1),1007(1),1033(1),1230(1),1077(1),1087(1),1097(1),1107(1),1117(1),1127(1);2;GPS+GLO+GAL+SBAS+QZS+BDS;CORS;AUS;-35.8053;139.8387;0;0;TopNET-V;none;B;N;0;Aptella
STR;5CLV00AUS0;Cleve (SA);RTCM 3;1005(1),1007(1),1033(1),1230(1),1077(1),1087(1),1097(1),1107(1),1117(1),1127(1);2;GPS+GLO+GAL+SBAS+QZS+BDS;CORS;AUS;-33.7015;136.5013;0;0;TopNET-V;none;B;N;0;Aptella
STR;5MGB00AUS0;Mount Gambier (SA);RTCM 3;1005(1),1007(1),1033(1),1230(1),1077(1),1087(1),1097(1),1107(1),1117(1),1127(1);2;GPS+GLO+GAL+SBAS+QZS+BDS;CORS;AUS;-37.8300;140.7700;0;0;TopNET-V;none;B;N;0;Aptella
STR;5MTN00AUS0;Minlaton(SA);RTCM 3;1005(1),1007(1),1033(1),1230(1),1077(1),1087(1),1097(1),1107(1),1117(1),1127(1);2;GPS+GLO+GAL+SBAS+QZS+BDS;CORS;AUS;-34.8544;137.5815;0;0;TopNET-V;none;B;N;0;Aptella
STR;5LAR00AUS0;Lameroo (SA);RTCM 3;1005(1),1007(1),1033(1),1230(1),1077(1),1087(1),1097(1),1107(1),1117(1),1127(1);2;GPS+GLO+GAL+QZS+BDS;CORS;AUS;-35.3709;140.4149;0;0;TopNET-V;none;B;N;0;Aptella
STR;5LY200AUS0;Lyndoch (SA);RTCM 3;1005(1),1007(1),1033(1),1230(1),1077(1),1087(1),1097(1),1107(1),1117(1),1127(1);2;GPS+GLO+GAL+SBAS+QZS+BDS;CORS;AUS;-34.6024;138.8895;0;0;TopNET-V;none;B;N;0;Aptella
STR;5MA200AUS0;Mannum (SA);RTCM 3;1005(1),1007(1),1033(1),1230(1),1077(1),1087(1),1097(1),1107(1),1117(1),1127(1);2;GPS+GLO+GAL+SBAS+QZS+BDS;CORS;AUS;-34.9100;139.3100;0;0;TopNET-V;none;B;N;0;Aptella
STR;5MTB00AUS0;Mount Barker (SA);RTCM 3;1005(1),1007(1),1033(1),1230(1),1077(1),1087(1),1097(1),1107(1),1117(1),1127(1);2;GPS+GLO+GAL+SBAS+QZS+BDS;CORS;AUS;-35.0500;138.8500;0;0;TopNET-V;none;B;N;0;Aptella
STR;5PTA00AUS0;Port Augusta (SA);RTCM 3;1005(1),1007(1),1033(1),1230(1),1077(1),1087(1),1097(1),1107(1),1117(1),1127(1);2;GPS+GLO+GAL+SBAS+QZS+BDS;CORS;AUS;-32.4900;137.7600;0;0;TopNET-V;none;B;N;0;Aptella
STR;5REG00AUS0;Regency Park (SA);RTCM 3;1005(1),1007(1),1033(1),1230(1),1077(1),1087(1),1097(1),1107(1),1117(1),1127(1);2;GPS+GLO+GAL+SBAS+QZS+BDS;CORS;AUS;-34.8700;138.5700;0;0;TopNET-V;none;B;N;0;Aptella
STR;5RMK00AUS0;Renmark (SA);RTCM 3;1005(1),1007(1),1033(1),1230(1),1077(1),1087(1),1097(1),1107(1),1117(1),1127(1);2;GPS+GLO+GAL+SBAS+QZS+BDS;CORS;AUS;-34.1800;140.7300;0;0;TopNET-V;none;B;N;0;Aptella
STR;5SLK00AUS0;Sherlock (SA);RTCM 3;1005(1),1007(1),1033(1),1230(1),1077(1),1087(1),1097(1),1107(1),1117(1),1127(1);2;GPS+GLO+GAL+SBAS+QZS+BDS;CORS;AUS;-35.3039;139.7678;0;0;TopNET-V;none;B;N;0;Aptella
STR;5STR00AUS0;Strathalbyn (SA);RTCM 3;1005(1),1007(1),1033(1),1230(1),1077(1),1087(1),1097(1),1107(1),1117(1),1127(1);2;GPS+GLO+GAL+SBAS+QZS+BDS;CORS;AUS;-35.2700;138.9000;0;0;TopNET-V;none;B;N;0;Aptella
STR;5WLT00AUS0;Waraultee (SA);RTCM 3;1005(1),1007(1),1033(1),1230(1),1077(1),1087(1),1097(1),1107(1),1117(1),1127(1);2;GPS+GLO+GAL+SBAS+QZS+BDS;CORS;AUS;-34.5897;137.6298;0;0;TopNET-V;none;B;N;0;Aptella
STR;5YAN00AUS0;Yankalilla (SA);RTCM 3;1005(1),1007(1),1033(1),1230(1),1077(1),1087(1),1097(1),1107(1),1117(1),1127(1);2;GPS+GLO+GAL+SBAS+QZS+BDS;CORS;AUS;-35.4600;138.3500;0;0;TopNET-V;none;B;N;0;Aptella
STR;7GNT00AUS0;Granton (TAS);RTCM 3;1005(1),1007(1),1033(1),1230(1),1077(1),1087(1),1097(1),1107(1),1117(1),1127(1);2;GPS+GLO+GAL+SBAS+QZS+BDS;CORS;AUS;-42.7665;147.2449;0;0;TopNET-V;none;B;N;0;Aptella
STR;7DLN00AUS0;Deloraine (TAS);RTCM 3;1005(1),1007(1),1033(1),1230(1),1077(1),1087(1),1097(1),1107(1),1117(1),1127(1);2;GPS+GLO+GAL+SBAS+QZS+BDS;CORS;AUS;-41.5200;146.6000;0;0;TopNET-V;none;B;N;0;Aptella
STR;7EX200AUS0;Exeter (TAS);RTCM 3;1005(1),1007(1),1033(1),1230(1),1077(1),1087(1),1097(1),1107(1),1117(1),1127(1);2;GPS+GLO+GAL+SBAS+QZS+BDS;CORS;AUS;-41.3001;146.9517;0;0;TopNET-V;none;B;N;0;Aptella
STR;7KNG00AUS0;Kingston (TAS);RTCM 3;1005(1),1007(1),1033(1),1230(1),1077(1),1087(1),1097(1),1107(1),1117(1),1127(1);2;GPS+GLO+GAL+SBAS+QZS+BDS;CORS;AUS;-42.9800;147.3100;0;0;TopNET-V;none;B;N;0;Aptella
STR;7STH00AUS0;St Helens (TAS);RTCM 3;1005(1),1007(1),1033(1),1230(1),1077(1),1087(1),1097(1),1107(1),1117(1),1127(1);2;GPS+GLO+GAL+SBAS+QZS+BDS;CORS;AUS;-41.3300;148.2500;0;0;TopNET-V;none;B;N;0;Aptella
STR;8GRD00AUS0;Geraldton (WA);RTCM 3;1005(1),1007(1),1033(1),1230(1),1077(1),1087(1),1097(1),1107(1),1117(1),1127(1);2;GPS+GLO+GAL+SBAS+QZS+BDS;CORS;AUS;-28.7500;114.6300;0;0;TopNET-V;none;B;N;0;Aptella
STR;3WKB00AUS0;Warracknabeal (VIC);RTCM 3;1005(1),1007(1),1033(1),1230(1),1077(1),1087(1),1097(1),1107(1),1117(1),1127(1);2;GPS+GLO+GAL+SBAS+QZS+BDS;CORS;AUS;-36.2530;142.3930;0;0;TopNET-V;none;B;N;0;Aptella
STR;8KAT00AUS0;Katanning (WA);RTCM 3;1005(1),1007(1),1033(1),1230(1),1077(1),1087(1),1097(1),1107(1),1117(1),1127(1);2;GPS+GLO+GAL+SBAS+QZS+BDS;CORS;AUS;-33.6900;117.5780;0;0;TopNET-V;none;B;N;0;Aptella
STR;8KLN00AUS0;Kulin (WA);RTCM 3;1005(1),1007(1),1033(1),1230(1),1077(1),1087(1),1097(1),1107(1),1117(1),1127(1);2;GPS+GLO+GAL+SBAS+QZS+BDS;CORS;AUS;-32.6700;118.1580;0;0;TopNET-V;none;B;N;0;Aptella
STR;8MR200AUS0;Merredin (WA);RTCM 3;1005(1),1007(1),1033(1),1230(1),1077(1),1087(1),1097(1),1107(1),1117(1),1127(1);2;GPS+GLO+GAL+SBAS+QZS+BDS;CORS;AUS;-31.4830;118.2990;0;0;TopNET-V;none;B;N;0;Aptella
STR;8WHS00AUS0;Wogan Hills (WA);RTCM 3;1005(1),1007(1),1033(1),1230(1),1077(1),1087(1),1097(1),1107(1),1117(1),1127(1);2;GPS+GLO+GAL+SBAS+QZS+BDS;CORS;AUS;-30.9040;116.7250;0;0;TopNET-V;none;B;N;0;Aptella
STR;5BO200AUS0;Booborowie (SA);RTCM 3;1005(1),1007(1),1033(1),1230(1),1077(1),1087(1),1097(1),1107(1),1117(1),1127(1);2;GPS+GLO+GAL+SBAS+QZS+BDS;CORS;AUS;-33.5203;138.7265;0;0;TopNET-V;none;B;N;0;Aptella
STR;5BWH00AUS0;Bowhill (SA);RTCM 3;1005(1),1007(1),1033(1),1230(1),1077(1),1087(1),1097(1),1107(1),1117(1),1127(1);2;GPS+GLO+GAL+SBAS+QZS+BDS;CORS;AUS;-34.8902;139.6366;0;0;TopNET-V;none;B;N;0;Aptella
STR;5DMP00AUS0;Mt Damper (SA);RTCM 3;1005(1),1007(1),1033(1),1230(1),1077(1),1087(1),1097(1),1107(1),1117(1),1127(1);2;GPS+GLO+GAL+SBAS+QZS+BDS;CORS;AUS;-33.1410;135.1080;0;0;TopNET-V;none;B;N;0;Aptella
STR;5FRC00AUS0;Frances (SA);RTCM 3;1005(1),1007(1),1033(1),1230(1),1077(1),1087(1),1097(1),1107(1),1117(1),1127(1);2;GPS+GLO+GAL+SBAS+QZS+BDS;CORS;AUS;-36.7315;140.9142;0;0;TopNET-V;none;B;N;0;Aptella
STR;5GLN00AUS0;Glenroy (SA);RTCM 3;1005(1),1007(1),1033(1),1230(1),1077(1),1087(1),1097(1),1107(1),1117(1),1127(1);2;GPS+GLO+GAL+SBAS+QZS+BDS;CORS;AUS;-37.1965;140.7225;0;0;TopNET-V;none;B;N;0;Aptella
STR;5HPE00AUS0;Mount Hope (SA);RTCM 3;1005(1),1007(1),1033(1),1230(1),1077(1),1087(1),1097(1),1107(1),1117(1),1127(1);2;GPS+GLO+GAL+SBAS+QZS+BDS;CORS;AUS;-34.1380;135.3390;0;0;TopNET-V;none;B;N;0;Aptella
STR;5KMB00AUS0;Kimba (SA);RTCM 3;1005(1),1007(1),1033(1),1230(1),1077(1),1087(1),1097(1),1107(1),1117(1),1127(1);2;GPS+GLO+GAL+SBAS+QZS+BDS;CORS;AUS;-33.1454;136.4185;0;0;TopNET-V;none;B;N;0;Aptella
STR;5KTH00AUS0;Keith (SA);RTCM 3;1005(1),1007(1),1033(1),1230(1),1077(1),1087(1),1097(1),1107(1),1117(1),1127(1);2;GPS+GLO+GAL+SBAS+QZS+BDS;CORS;AUS;-36.1160;140.3510;0;0;TopNET-V;none;B;N;0;Aptella
STR;5LCH00AUS0;Lochiel (SA);RTCM 3;1005(1),1007(1),1033(1),1230(1),1077(1),1087(1),1097(1),1107(1),1117(1),1127(1);2;GPS+GLO+GAL+SBAS+QZS+BDS;CORS;AUS;-33.9682;138.3207;0;0;TopNET-V;none;B;N;0;Aptella
STR;5LOK00AUS0;Lock (SA);RTCM 3;1005(1),1007(1),1033(1),1230(1),1077(1),1087(1),1097(1),1107(1),1117(1),1127(1);2;GPS+GLO+GAL+SBAS+QZS+BDS;CORS;AUS;-33.5830;135.7240;0;0;TopNET-V;none;B;N;0;Aptella
STR;5MAM00AUS0;Marama (SA);RTCM 3;1005(1),1007(1),1033(1),1230(1),1077(1),1087(1),1097(1),1107(1),1117(1),1127(1);2;GPS+GLO+GAL+SBAS+QZS+BDS;CORS;AUS;-35.1610;140.1780;0;0;TopNET-V;none;B;N;0;Aptella
STR;5MIP00AUS0;Minnipa (SA);RTCM 3;1005(1),1007(1),1033(1),1230(1),1077(1),1087(1),1097(1),1107(1),1117(1),1127(1);2;GPS+GLO+GAL+SBAS+QZS+BDS;CORS;AUS;-32.8480;135.1780;0;0;TopNET-V;none;B;N;0;Aptella
STR;5NAR00AUS0;Naracoorte (SA);RTCM 3;1005(10),1007(10),1033(10),1230(10),1077(1),1087(1),1097(1),1107(1),1117(1),1127(1);2;GPS+GLO+GAL+SBAS+QZS+BDS;CORS;AUS;-36.9600;140.7300;0;0;TopNET-V;none;B;N;0;Aptella
STR;5PDY00AUS0;Padthaway (SA);RTCM 3;1005(1),1007(1),1033(1),1230(1),1077(1),1087(1),1097(1),1107(1),1117(1),1127(1);2;GPS+GLO+GAL+SBAS+QZS+BDS;CORS;AUS;-36.6503;140.5298;0;0;TopNET-V;none;B;N;0;Aptella
STR;5RBT00AUS0;Robertstown (SA);RTCM 3;1005(1),1007(1),1033(1),1230(1),1077(1),1087(1),1097(1),1107(1),1117(1),1127(1);2;GPS+GLO+GAL+SBAS+QZS+BDS;CORS;AUS;-34.0330;139.0210;0;0;TopNET-V;none;B;N;0;Aptella
STR;5RVP00AUS0;Reeves Plains (SA);RTCM 3;1005(1),1007(1),1033(1),1230(1),1077(1),1087(1),1097(1),1107(1),1117(1),1127(1);2;GPS+GLO+GAL+SBAS+QZS+BDS;CORS;AUS;-34.4328;138.6394;0;0;TopNET-V;none;B;N;0;Aptella
STR;5WNG00AUS0;Wangary (SA);RTCM 3;1005(1),1007(1),1033(1),1230(1),1077(1),1087(1),1097(1),1107(1),1117(1),1127(1);2;GPS+GLO+GAL+SBAS+QZS+BDS;CORS;AUS;-34.4593;135.5318;0;0;TopNET-V;none;B;N;0;Aptella
STR;5RVT00AUS0;Riverton (SA);RTCM 3;1005(1),1007(1),1033(1),1230(1),1077(1),1087(1),1097(1),1107(1),1117(1),1127(1);2;GPS+GLO+GAL+SBAS+QZS+BDS;CORS;AUS;-34.1683;138.7456;0;0;TopNET-V;none;B;N;0;Aptella
STR;5WRB00AUS0;Warramboo (SA);RTCM 3;1005(1),1007(1),1033(1),1230(1),1077(1),1087(1),1097(1),1107(1),1117(1),1127(1);2;GPS+GLO+GAL+SBAS+QZS+BDS;CORS;AUS;-33.2171;135.5278;0;0;TopNET-V;none;B;N;0;Aptella
STR;BKTN00AUS0;Burketown (QLD);RTCM 3.3;1006(10),1013(10),1019(60),1020(60),1033(10),1042(60),1044(60),1046(60),1077(1),1087(1),1097(1),1117(1),1127(1),1230(10);0;GPS+GLO+GAL+BDS+QZS;CORS;AUS;-17.7334;139.5929;0;0;LEICA GR30;none;B;N;9600;DES
STR;BOWN00AUS0;Bowen (QLD);RTCM 3.3;1006(10),1013(10),1019(60),1020(60),1033(10),1042(60),1044(60),1046(60),1077(1),1087(1),1097(1),1117(1),1127(1),1230(10);0;GPS+GLO+GAL+BDS+QZS;CORS;AUS;-20.0225;148.2514;0;0;SEPT POLARX5;none;B;N;9600;DES
STR;CKTN00AUS0;Cooktown (QLD);RTCM 3.3;1006(10),1013(10),1019(60),1020(60),1033(10),1042(60),1044(60),1046(60),1077(1),1087(1),1097(1),1117(1),1127(1),1230(10);0;GPS+GLO+GAL+BDS+QZS;CORS;AUS;-15.4595;145.2498;0;0;SEPT POLARX5;none;B;N;9600;DES
STR;FGHD00AUS0;Fingal Head (NSW);RTCM 3.3;1006(10),1013(10),1019(60),1020(60),1033(10),1042(60),1044(60),1046(60),1077(1),1087(1),1097(1),1117(1),1127(1),1230(10);0;GPS+GLO+GAL+BDS+QZS;CORS;AUS;-28.1717;153.5588;0;0;SEPT POLARX5;none;B;N;9600;DES
STR;KUBN00AUS0;Kubin(QLD);RTCM 3.3;1006(10),1013(10),1019(60),1020(60),1033(10),1042(60),1044(60),1046(60),1077(1),1087(1),1097(1),1117(1),1127(1),1230(10);0;GPS+GLO+GAL+BDS+QZS;CORS;AUS;-10.2361;142.2145;0;0;SEPT POLARX5;none;B;N;9600;DES
STR;MOSS00AUS0;Mossman(QLD);RTCM 3.3;1006(10),1013(10),1019(60),1020(60),1033(10),1042(60),1044(60),1046(60),1077(1),1087(1),1097(1),1117(1),1127(1),1230(10);0;GPS+GLO+GAL+BDS+QZS;CORS;AUS;-16.4345;145.4036;0;0;LEICA GR30;none;B;N;9600;DES
STR;PTLM00AUS0;Port Alma (QLD);RTCM 3.3;1006(10),1013(10),1019(60),1020(60),1033(10),1042(60),1044(60),1046(60),1077(1),1087(1),1097(1),1117(1),1127(1),1230(10);0;GPS+GLO+GAL+BDS+QZS;CORS;AUS;-23.5841;150.8625;0;0;SEPT POLARX5;none;B;N;9600;DES
STR;WEIA00AUS0;Weipa (QLD);RTCM 3.3;1006(10),1013(10),1019(60),1020(60),1033(10),1042(60),1044(60),1046(60),1077(1),1087(1),1097(1),1117(1),1127(1),1230(10);0;GPS+GLO+GAL+BDS+QZS;CORS;AUS;-12.6683;141.8624;0;0;SEPT POLARX5;none;B;N;9600;DES
STR;KARU00AUS0;Karumba (QLD);RTCM 3.3;1006(10),1013(10),1019(60),1020(60),1033(10),1042(60),1044(60),1046(60),1077(1),1087(1),1097(1),1117(1),1127(1),1230(10);0;GPS+GLO+GAL+BDS+QZS;CORS;AUS;-17.4870;140.8355;0;0;SEPT POLARX5;none;B;N;9600;DES
STR;MNIS00AUS0;Mornington Island(QLD);RTCM 3.3;1006(10),1013(10),1019(60),1020(60),1033(10),1042(60),1044(60),1046(60),1077(1),1087(1),1097(1),1117(1),1127(1),1230(10);0;GPS+GLO+GAL+BDS+QZS;CORS;AUS;-16.6678;139.1706;0;0;;none;B;N;9600;DES
STR;NOSA00AUS0;Noosa Heads(QLD);RTCM 3.3;1006(10),1013(10),1019(60),1020(60),1033(10),1042(60),1044(60),1046(60),1077(1),1087(1),1097(1),1117(1),1127(1),1230(10);0;GPS+GLO+GAL+BDS+QZS;CORS;AUS;-26.3830;153.0802;0;0;LEICA GR30;none;B;N;9600;DES
STR;IAMA00AUS0;Iama Island(QLD);RTCM 3.3;1006(10),1013(10),1019(60),1020(60),1033(10),1042(60),1044(60),1046(60),1077(1),1087(1),1097(1),1117(1),1127(1),1230(10);0;GPS+GLO+GAL+BDS+QZS;CORS;AUS;-9.8992;142.7660;0;0;LEICA GR30;none;B;N;9600;DES
STR;BALI00AUS0;Balingup (WA);RTCM 3.2;1004(1),1005(10),1007(10),1012(1),1033(60),4094(10);2;GPS+GLO;CORS;AUS;-33.7700;115.8400;0;0;Trimble Pivot Platform;none;B;N;150;RTKnetwest
STR;BINN00AUS0;Binningup (WA);RTCM 3.2;1004(1),1005(10),1007(10),1012(1),1033(60),4094(10);2;GPS+GLO;CORS;AUS;-33.1500;115.7000;0;0;Trimble Pivot Platform;none;B;N;150;RTKnetwest
STR;BUSS00AUS0;Busselton (WA);RTCM 3.2;1004(1),1005(10),1007(10),1012(1),1033(60),4094(10);2;GPS+GLO;CORS;AUS;-33.6700;115.3100;0;0;Trimble Pivot Platform;none;B;N;150;RTKnetwest
STR;COLL00AUS0;Collie (WA);RTCM 3.2;1004(1),1005(10),1007(10),1012(1),1033(60),4094(10);2;GPS+GLO;CORS;AUS;-33.2900;116.3000;0;0;Trimble Pivot Platform;none;B;N;150;RTKnetwest
STR;CUND00AUS0;Cunderdin (WA);RTCM 3.2;1004(1),1005(10),1007(10),1012(1),1033(60),4094(10);2;GPS+GLO;CORS;AUS;-31.7300;117.3400;0;0;Trimble Pivot Platform;none;B;N;150;RTKnetwest
STR;DOWE00AUS0;Dowerin (WA);RTCM 3.2;1004(1),1005(10),1007(10),1012(1),1033(60),4094(10);2;GPS+GLO;CORS;AUS;-31.2600;116.9700;0;0;Trimble Pivot Platform;none;B;N;150;RTKnetwest
STR;KDAL00AUS0;Karridale (WA);RTCM 3.2;1004(1),1005(10),1007(10),1012(1),1033(60),4094(10);2;GPS+GLO;CORS;AUS;-34.1600;115.1000;0;0;Trimble Pivot Platform;none;B;N;150;RTKnetwest
STR;LANN00AUS0;Lancelin (WA);RTCM 3.2;1004(1),1005(10),1007(10),1012(1),1033(60),4094(10);2;GPS+GLO;CORS;AUS;-31.0500;115.3500;0;0;Trimble Pivot Platform;none;B;N;150;RTKnetwest
STR;MDAH00AUS0;Mandurah (WA);RTCM 3.2;1004(1),1005(10),1007(10),1012(1),1033(60),4094(10);2;GPS+GLO;CORS;AUS;-32.5400;115.7300;0;0;Trimble Pivot Platform;none;B;N;150;RTKnetwest
STR;PINY00AUS0;Pingelly (WA);RTCM 3.2;1004(1),1005(10),1007(10),1012(1),1033(60),4094(10);2;GPS+GLO;CORS;AUS;-32.4900;116.9800;0;0;Trimble Pivot Platform;none;B;N;150;RTKnetwest
STR;ROTT00AUS0;Rottnest (WA);RTCM 3.2;1004(1),1005(10),1007(10),1012(1),1033(60),4094(10);2;GPS+GLO;CORS;AUS;-31.9900;115.5000;0;0;Trimble Pivot Platform;none;B;N;150;RTKnetwest
STR;NYBG00AUS0;Nyabing (WA);RTCM 3.2;1004(1),1005(10),1007(10),1012(1),1033(60),4094(10);2;GPS+GLO;CORS;AUS;-33.6700;118.1700;0;0;Trimble Pivot Platform;none;B;N;150;RTKnetwest
STR;MURK00AUS0;Muresk (WA);RTCM 3.2;1004(1),1005(10),1007(10),1012(1),1033(60),4094(10);2;GPS+GLO;CORS;AUS;-31.7300;116.6700;0;0;Trimble Pivot Platform;none;B;N;150;RTKnetwest
STR;WHIY00AUS0;Perth (WA);RTCM 3.2;1004(1),1005(10),1007(10),1012(1),1033(60),4094(10);2;GPS+GLO;CORS;AUS;-32.3100;116.0200;0;0;Trimble Pivot Platform;none;B;N;150;RTKnetwest
STR;SALT00AUS0;Salter Point (WA);RTCM 3.3;1006(10),1013(10),1019(60),1020(60),1033(10),1042(60),1044(60),1046(60),1077(1),1087(1),1097(1),1117(1),1127(1),1230(10);2;GPS+GLO+GAL+BDS+QZS;CORS;AUS;-32.0218;115.8707;0;0;TRIMBLE NETR9;none;B;N;9600;RTKnetwest
STR;DWEL00AUS0;Dwellingup (WA);RTCM 3.3;1006(10),1013(10),1019(60),1020(60),1033(10),1042(60),1044(60),1046(60),1077(1),1087(1),1097(1),1117(1),1127(1),1230(10);2;GPS+GLO+GAL+BDS+QZS;CORS;AUS;-32.7136;116.0625;0;0;TRIMBLE NETR5;none;B;N;9600;RTKnetwest
STR;TORK00AUS0;Perth (WA);RTCM 3.3;1006(10),1013(10),1019(60),1020(60),1033(10),1042(60),1044(60),1046(60),1077(1),1087(1),1097(1),1117(1),1127(1),1230(10);2;GPS+GLO+GAL+BDS+QZS;CORS;AUS;-31.4957;115.5843;0;0;TRIMBLE NETR5;none;B;N;9600;RTKnetwest
STR;IPS300AUS0;Ipswich (QLD);RTCM 3.3;1006(10),1013(10),1019(60),1020(60),1033(10),1042(60),1044(60),1046(60),1077(1),1087(1),1097(1),1117(1),1127(1),1230(10);2;GPS+GLO+GAL+BDS+QZS;CORS;AUS;-27.6149;152.7594;0;0;TRIMBLE NETR9;none;B;N;9600;RPS
STR;SFLD00AUS0;Springfield Central (QLD);RTCM 3.3;1006(10),1013(10),1019(60),1020(60),1033(10),1042(60),1044(60),1046(60),1077(1),1087(1),1097(1),1117(1),1127(1),1230(10);2;GPS+GLO+GAL+BDS+QZS;CORS;AUS;-27.6832;152.9078;0;0;TRIMBLE ALLOY;none;B;N;9600;RPS
STR;SRIP00AUS0;South Ripley (QLD);RTCM 3.3;1006(10),1013(10),1019(60),1020(60),1033(10),1042(60),1044(60),1046(60),1077(1),1087(1),1097(1),1117(1),1127(1),1230(10);2;GPS+GLO+GAL+BDS+QZS;CORS;AUS;-27.6919;152.8073;0;0;TRIMBLE SPS855;none;B;N;9600;RPS
STR;ARCD00AUS0;Arcadia Valley (QLD);RTCM 3;1006(10),1013(10),1019(60),1020(60),1033(10),1042(60),1044(60),1046(60),1077(1),1087(1),1097(1),1117(1),1127(1),1230(10);2;GPS+GLO+GAL+BDS+QZS;CORS;AUS;-25.2700;148.8600;0;0;Leica GNSS Spider;none;B;N;9600;SmartNet Aus
STR;BLCH00AUS0;Blanchetown (SA);RTCM 3;1006(10),1013(10),1019(60),1020(60),1033(10),1042(60),1044(60),1046(60),1077(1),1087(1),1097(1),1117(1),1127(1),1230(10);2;GPS+GLO+GAL+BDS+QZS;CORS;AUS;-34.3511;139.6154;0;0;Leica GNSS Spider;none;B;N;9600;SmartNet Aus
STR;CPLA00AUS0;Capella (QLD);RTCM 3;1006(10),1013(10),1019(60),1020(60),1033(10),1042(60),1044(60),1046(60),1077(1),1087(1),1097(1),1117(1),1127(1),1230(10);2;GPS+GLO+GAL+BDS+QZS;CORS;AUS;-23.1200;148.0400;0;0;Leica GNSS Spider;none;B;N;9600;SmartNet Aus
STR;CRCW00AUS0;Cracow (QLD);RTCM 3;1006(10),1013(10),1019(60),1020(60),1033(10),1042(60),1044(60),1046(60),1077(1),1087(1),1097(1),1117(1),1127(1),1230(10);2;GPS+GLO+GAL+BDS+QZS;CORS;AUS;-24.7085;150.2746;0;0;Leica GNSS Spider;none;B;N;9600;SmartNet Aus
STR;CRYB00AUS0;Crystal Brook (SA);RTCM 3;1006(10),1013(10),1019(60),1020(60),1033(10),1042(60),1044(60),1046(60),1077(1),1087(1),1097(1),1117(1),1127(1),1230(10);2;GPS+GLO+GAL+BDS+QZS;CORS;AUS;-33.3538;138.2083;0;0;Leica GNSS Spider;none;B;N;9600;SmartNet Aus
STR;CUDG00AUS0;Cudgee Park (QLD);RTCM 3;1006(10),1013(10),1019(60),1020(60),1033(10),1042(60),1044(60),1046(60),1077(1),1087(1),1097(1),1117(1),1127(1),1230(10);2;GPS+GLO+GAL+BDS+QZS;CORS;AUS;-22.1900;147.2800;0;0;Leica GNSS Spider;none;B;N;9600;SmartNet Aus
STR;DIXL00AUS0;Dixalea (QLD);RTCM 3;1006(10),1013(10),1019(60),1020(60),1033(10),1042(60),1044(60),1046(60),1077(1),1087(1),1097(1),1117(1),1127(1),1230(10);2;GPS+GLO+GAL+BDS+QZS;CORS;AUS;-23.9400;150.2700;0;0;Leica GNSS Spider;none;B;N;9600;SmartNet Aus
STR;DUAR00AUS0;Duaringa (QLD);RTCM 3;1006(10),1013(10),1019(60),1020(60),1033(10),1042(60),1044(60),1046(60),1077(1),1087(1),1097(1),1117(1),1127(1),1230(10);2;GPS+GLO+GAL+BDS+QZS;CORS;AUS;-23.6900;149.8100;0;0;Leica GNSS Spider;none;B;N;9600;SmartNet Aus
STR;DUKE00AUS0;Middleback Range (SA);RTCM 3;1006(10),1013(10),1019(60),1020(60),1033(10),1042(60),1044(60),1046(60),1077(1),1087(1),1097(1),1117(1),1127(1),1230(10);2;GPS+GLO+GAL+BDS+QZS;CORS;AUS;-33.2809;137.1156;0;0;Leica GNSS Spider;none;B;N;9600;SmartNet Aus
STR;DWSN00AUS0;Moura (QLD);RTCM 3;1006(10),1013(10),1019(60),1020(60),1033(10),1042(60),1044(60),1046(60),1077(1),1087(1),1097(1),1117(1),1127(1),1230(10);2;GPS+GLO+GAL+BDS+QZS;CORS;AUS;-23.4404;150.0275;0;0;Leica GNSS Spider;none;B;N;9600;SmartNet Aus
STR;EUNG00AUS0;Eungula (QLD);RTCM 3;1006(10),1013(10),1019(60),1020(60),1033(10),1042(60),1044(60),1046(60),1077(1),1087(1),1097(1),1117(1),1127(1),1230(10);2;GPS+GLO+GAL+BDS+QZS;CORS;AUS;-21.1300;148.4900;0;0;Leica GNSS Spider;none;B;N;9600;SmartNet Aus
STR;HBY200AUS0;Hervey Bay (QLD);RTCM 3;1006(10),1013(10),1019(60),1020(60),1033(10),1042(60),1044(60),1046(60),1077(1),1087(1),1097(1),1117(1),1127(1),1230(10);2;GPS+GLO+GAL+BDS+QZS;CORS;AUS;-25.2900;152.8200;0;0;Leica GNSS Spider;none;B;N;9600;SmartNet Aus
STR;INJN00AUS0;Injune (QLD);RTCM 3;1006(10),1013(10),1019(60),1020(60),1033(10),1042(60),1044(60),1046(60),1077(1),1087(1),1097(1),1117(1),1127(1),1230(10);2;GPS+GLO+GAL+BDS+QZS;CORS;AUS;-25.8400;148.5700;0;0;Leica GNSS Spider;none;B;N;9600;SmartNet Aus
STR;JMTN00AUS0;Jamestown (SA);RTCM 3;1006(10),1013(10),1019(60),1020(60),1033(10),1042(60),1044(60),1046(60),1077(1),1087(1),1097(1),1117(1),1127(1),1230(10);2;GPS+GLO+GAL+BDS+QZS;CORS;AUS;-33.0006;138.6393;0;0;Leica GNSS Spider;none;B;N;9600;SmartNet Aus
STR;KOUM00AUS0;Koulmala (QLD);RTCM 3;1006(10),1013(10),1019(60),1020(60),1033(10),1042(60),1044(60),1046(60),1077(1),1087(1),1097(1),1117(1),1127(1),1230(10);2;GPS+GLO+GAL+BDS+QZS;CORS;AUS;-21.6100;149.2400;0;0;Leica GNSS Spider;none;B;N;9600;SmartNet Aus
STR;LTSP00AUS0;Lotus Park (QLD);RTCM 3;1006(10),1013(10),1019(60),1020(60),1033(10),1042(60),1044(60),1046(60),1077(1),1087(1),1097(1),1117(1),1127(1),1230(10);2;GPS+GLO+GAL+BDS+QZS;CORS;AUS;-22.3000;149.0100;0;0;Leica GNSS Spider;none;B;N;9600;SmartNet Aus
STR;MAMR00AUS0;Marmor (QLD);RTCM 3;1006(10),1013(10),1019(60),1020(60),1033(10),1042(60),1044(60),1046(60),1077(1),1087(1),1097(1),1117(1),1127(1),1230(10);2;GPS+GLO+GAL+BDS+QZS;CORS;AUS;-23.7300;150.7100;0;0;Leica GNSS Spider;none;B;N;9600;SmartNet Aus
STR;MBLL00AUS0;Mt Ball (QLD);RTCM 3;1006(10),1013(10),1019(60),1020(60),1033(10),1042(60),1044(60),1046(60),1077(1),1087(1),1097(1),1117(1),1127(1),1230(10);2;GPS+GLO+GAL+BDS+QZS;CORS;AUS;-23.3200;147.6500;0;0;Leica GNSS Spider;none;B;N;9600;SmartNet Aus
STR;MCNT00AUS0;Millicent (SA);RTCM 3;1006(10),1013(10),1019(60),1020(60),1033(10),1042(60),1044(60),1046(60),1077(1),1087(1),1097(1),1117(1),1127(1),1230(10);2;GPS+GLO+GAL+BDS+QZS;CORS;AUS;-37.6023;140.3557;0;0;Leica GNSS Spider;none;B;N;9600;SmartNet Aus
STR;MCHY00AUS0;Maroochydore (QLD);RTCM 3;1006(10),1013(10),1019(60),1020(60),1033(10),1042(60),1044(60),1046(60),1077(1),1087(1),1097(1),1117(1),1127(1),1230(10);2;GPS+GLO+GAL+BDS+QZS;CORS;AUS;-26.6700;153.0900;0;0;Leica GNSS Spider;none;B;N;9600;SmartNet Aus
STR;MIDG00AUS0;Midege Point (QLD);RTCM 3;1006(10),1013(10),1019(60),1020(60),1033(10),1042(60),1044(60),1046(60),1077(1),1087(1),1097(1),1117(1),1127(1),1230(10);2;GPS+GLO+GAL+BDS+QZS;CORS;AUS;-20.6400;148.7100;0;0;Leica GNSS Spider;none;B;N;9600;SmartNet Aus
STR;MNTO00AUS0;Monto (QLD);RTCM 3;1006(10),1013(10),1019(60),1020(60),1033(10),1042(60),1044(60),1046(60),1077(1),1087(1),1097(1),1117(1),1127(1),1230(10);2;GPS+GLO+GAL+BDS+QZS;CORS;AUS;-24.8700;151.1300;0;0;Leica GNSS Spider;none;B;N;9600;SmartNet Aus
STR;MRGN00AUS0;Morgan (SA);RTCM 3;1006(10),1013(10),1019(60),1020(60),1033(10),1042(60),1044(60),1046(60),1077(1),1087(1),1097(1),1117(1),1127(1),1230(10);2;GPS+GLO+GAL+BDS+QZS;CORS;AUS;-34.0218;139.6859;0;0;Leica GNSS Spider;none;B;N;9600;SmartNet Aus
STR;MRNI00AUS0;Mirani (QLD);RTCM 3;1006(10),1013(10),1019(60),1020(60),1033(10),1042(60),1044(60),1046(60),1077(1),1087(1),1097(1),1117(1),1127(1),1230(10);2;GPS+GLO+GAL+BDS+QZS;CORS;AUS;-21.1600;148.8600;0;0;Leica GNSS Spider;none;B;N;9600;SmartNet Aus
STR;MRNV00AUS0;Miriamvale (QLD);RTCM 3;1006(10),1013(10),1019(60),1020(60),1033(10),1042(60),1044(60),1046(60),1077(1),1087(1),1097(1),1117(1),1127(1),1230(10);2;GPS+GLO+GAL+BDS+QZS;CORS;AUS;-24.3300;151.5600;0;0;Leica GNSS Spider;none;B;N;9600;SmartNet Aus
STR;NAMO00AUS0;Namoi Hills (QLD);RTCM 3;1006(10),1013(10),1019(60),1020(60),1033(10),1042(60),1044(60),1046(60),1077(1),1087(1),1097(1),1117(1),1127(1),1230(10);2;GPS+GLO+GAL+BDS+QZS;CORS;AUS;-23.7400;149.3400;0;0;Leica GNSS Spider;none;B;N;9600;SmartNet Aus
STR;RDG300AUS0;Ridgelands (QLD);RTCM 3;1006(10),1013(10),1019(60),1020(60),1033(10),1042(60),1044(60),1046(60),1077(1),1087(1),1097(1),1117(1),1127(1),1230(10);2;GPS+GLO+GAL+QZS+BDS;CORS;AUS;-23.2879;150.2086;0;0;Leica GNSS Spider;none;B;N;9600;SmartNet Aus
STR;SLAD00AUS0;Slade Point (QLD);RTCM 3;1006(10),1013(10),1019(60),1020(60),1033(10),1042(60),1044(60),1046(60),1077(1),1087(1),1097(1),1117(1),1127(1),1230(10);2;GPS+GLO+GAL+BDS+QZS;CORS;AUS;-21.0700;149.2300;0;0;Leica GNSS Spider;none;B;N;9600;SmartNet Aus
STR;STLW00AUS0;St Lawrence (QLD);RTCM 3;1006(10),1013(10),1019(60),1020(60),1033(10),1042(60),1044(60),1046(60),1077(1),1087(1),1097(1),1117(1),1127(1),1230(10);2;GPS+GLO+GAL+BDS+QZS;CORS;AUS;-22.4800;149.5900;0;0;Leica GNSS Spider;none;B;N;9600;SmartNet Aus
STR;TCBY00AUS0;Tin Can Bay (QLD);RTCM 3;1006(10),1013(10),1019(60),1020(60),1033(10),1042(60),1044(60),1046(60),1077(1),1087(1),1097(1),1117(1),1127(1),1230(10);2;GPS+GLO+GAL+BDS+QZS;CORS;AUS;-25.9188;153.0034;0;0;Leica GNSS Spider;none;B;N;9600;SmartNet Aus
STR;TERG00AUS0;Terang (QLD);RTCM 3;1006(10),1013(10),1019(60),1020(60),1033(10),1042(60),1044(60),1046(60),1077(1),1087(1),1097(1),1117(1),1127(1),1230(10);2;GPS+GLO+GAL+BDS+QZS;CORS;AUS;-23.9600;148.7800;0;0;Leica GNSS Spider;none;B;N;9600;SmartNet Aus
STR;WNDN00AUS0;Wandoan (QLD);RTCM 3;1006(10),1013(10),1019(60),1020(60),1033(10),1042(60),1044(60),1046(60),1077(1),1087(1),1097(1),1117(1),1127(1),1230(10);2;GPS+GLO+GAL+BDS+QZS;CORS;AUS;-26.1200;150.0200;0;0;Leica GNSS Spider;none;B;N;9600;SmartNet Aus
STR;177000AUS0;Seventeen Seventy (QLD);RTCM 3;1006(10),1013(10),1019(60),1020(60),1033(10),1042(60),1044(60),1046(60),1077(1),1087(1),1097(1),1117(1),1127(1),1230(10);2;GPS+GLO+GAL+BDS+QZS;CORS;AUS;-24.1590;151.8870;0;0;Leica GNSS Spider;none;B;N;9600;SmartNet Aus
STR;ATHE00AUS0;Atherton (QLD);RTCM 3;1006(10),1013(10),1019(60),1020(60),1033(10),1042(60),1044(60),1046(60),1077(1),1087(1),1097(1),1117(1),1127(1),1230(10);2;GPS+GLO+GAL+BDS+QZS;CORS;AUS;-17.2675;145.4760;0;0;Leica GNSS Spider;none;B;N;9600;SmartNet Aus
STR;BRBI00AUS0;Bribie Island (QLD);RTCM 3;1006(10),1013(10),1019(60),1020(60),1033(10),1042(60),1044(60),1046(60),1077(1),1087(1),1097(1),1117(1),1127(1),1230(10);2;GPS+GLO+GAL+BDS+QZS;CORS;AUS;-27.0091;153.1632;0;0;Leica GNSS Spider;none;B;N;9600;SmartNet Aus
STR;DAYT00AUS0;Dayton (WA);RTCM 3;1006(10),1013(10),1019(60),1020(60),1033(10),1042(60),1044(60),1046(60),1077(1),1087(1),1097(1),1117(1),1127(1),1230(10);2;GPS+GLO+GAL+BDS+QZS;CORS;AUS;-31.8537;115.9767;0;0;Leica GNSS Spider;none;B;N;9600;SmartNet Aus
STR;ENSH00AUS0;Emerald (QLD);RTCM 3;1006(10),1013(10),1019(60),1020(60),1033(10),1042(60),1044(60),1046(60),1077(1),1087(1),1097(1),1117(1),1127(1),1230(10);2;GPS+GLO+GAL+BDS+QZS;CORS;AUS;-23.4783;148.5202;0;0;Leica GNSS Spider;none;B;N;9600;SmartNet Aus
STR;GPB500AUS0;Gladstone (QLD);RTCM 3;1006(10),1013(10),1019(60),1020(60),1033(10),1042(60),1044(60),1046(60),1077(1),1087(1),1097(1),1117(1),1127(1),1230(10);2;GPS+GLO+GAL+BDS+QZS;CORS;AUS;-23.7862;151.1737;0;0;Leica GNSS Spider;none;B;N;9600;SmartNet Aus
STR;GRGY00AUS0;Gregory River (QLD);RTCM 3;1006(10),1013(10),1019(60),1020(60),1033(10),1042(60),1044(60),1046(60),1077(1),1087(1),1097(1),1117(1),1127(1),1230(10);2;GPS+GLO+GAL+BDS+QZS;CORS;AUS;-20.2334;148.4319;0;0;Leica GNSS Spider;none;B;N;9600;SmartNet Aus
STR;GVNR00AUS0;Grosvenor (QLD);RTCM 3;1006(10),1013(10),1019(60),1020(60),1033(10),1042(60),1044(60),1046(60),1077(1),1087(1),1097(1),1117(1),1127(1),1230(10);2;GPS+GLO+GAL+BDS+QZS;CORS;AUS;-21.9746;148.0109;0;0;Leica GNSS Spider;none;B;N;9600;SmartNet Aus
STR;HMT300AUS0;Hamilton Island (QLD);RTCM 3;1006(10),1013(10),1019(60),1020(60),1033(10),1042(60),1044(60),1046(60),1077(1),1087(1),1097(1),1117(1),1127(1),1230(10);2;GPS+GLO+GAL+BDS+QZS;CORS;AUS;-20.3506;148.9555;0;0;Leica GNSS Spider;none;B;N;9600;SmartNet Aus
STR;NLND00AUS0;Newlands (QLD);RTCM 3;1006(10),1013(10),1019(60),1020(60),1033(10),1042(60),1044(60),1046(60),1077(1),1087(1),1097(1),1117(1),1127(1),1230(10);2;GPS+GLO+GAL+BDS+QZS;CORS;AUS;-21.2126;147.8922;0;0;Leica GNSS Spider;none;B;N;9600;SmartNet Aus
STR;PROT00AUS0;Proston (QLD);RTCM 3;1006(10),1013(10),1019(60),1020(60),1033(10),1042(60),1044(60),1046(60),1077(1),1087(1),1097(1),1117(1),1127(1),1230(10);2;GPS+GLO+GAL+BDS+QZS;CORS;AUS;-26.1576;151.5965;0;0;Leica GNSS Spider;none;B;N;9600;SmartNet Aus
STR;TNGL00AUS0;Thangool (QLD);RTCM 3;1006(10),1013(10),1019(60),1020(60),1033(10),1042(60),1044(60),1046(60),1077(1),1087(1),1097(1),1117(1),1127(1),1230(10);2;GPS+GLO+GAL+BDS+QZS;CORS;AUS;-24.4917;150.5735;0;0;Leica GNSS Spider;none;B;N;9600;SmartNet Aus
STR;YRBE00AUS0;Yarabee (QLD);RTCM 3;1006(10),1013(10),1019(60),1020(60),1033(10),1042(60),1044(60),1046(60),1077(1),1087(1),1097(1),1117(1),1127(1),1230(10);2;GPS+GLO+GAL+BDS+QZS;CORS;AUS;-23.2700;149.0167;0;0;Leica GNSS Spider;none;B;N;9600;SmartNet Aus
STR;GMSD00JPN0;Nakatane town (Kagoshima prefecture(Tanegashima Island));RTCM 3.3;1007(1),1077(1),1087(1),1097(1),1127(1),1006(10),1008(10),1013(10),1019(10),1020(10),1033(10),1042(300),1045(300),1046(300);2;GPS+GLO+GAL+BDS;CORS;JPN;30.5564;131.0156;0;0;TRIMBLE NETR9;none;B;N;2400;JAXA
STR;MSSA00JPN0;Misasa;RTCM 3.3;1007(1),1077(1),1087(1),1097(1),1127(1),1006(10),1008(10),1013(10),1019(10),1020(10),1033(10),1042(300),1045(300),1046(300);2;GPS+GLO+GAL+BDS;CORS;JPN;36.1404;138.3523;0;0;TRIMBLE NETR9;none;B;N;2400;JAXA
STR;TKBG00JPN0;Tsukuba (Ibaraki);RTCM 3.3;1007(1),1077(1),1087(1),1097(1),1127(1),1006(10),1008(10),1013(10),1019(10),1020(10),1033(10),1042(300),1045(300),1046(300);2;GPS+GLO+GAL+BDS;CORS;JPN;36.0675;140.1312;0;0;TRIMBLE ALLOY;none;B;N;2400;JAXA
STR;CHBN00MNG0;Choibalsan;RTCM3.3;1006,1007,1008,1019,1020,1033,1041,1042,1043,1044,1045,1046,1077,1087,1097,1107,1117,1127,1137;2;GPS+GLO+GAL;GFZ;MNG;48.0500;114.5000;0;1;euronet;;B;N;3000;CORS
STR;KBDO00MNG0;Khovd;RTCM3.3;1006,1007,1008,1019,1020,1033,1041,1042,1043,1044,1045,1046,1077,1087,1097,1107,1117,1127,1137;2;GPS+GLO+GAL;GFZ;MNG;48.0000;98.7000;0;1;euronet;;B;N;3000;CORS
STR;GRNB00AUS0;Greenbushes (WA);RTCM 3.3;1006(10),1013(10),1019(60),1020(60),1033(10),1042(60),1044(60),1046(60),1077(1),1087(1),1097(1),1117(1),1127(1),1230(10);2;GPS+GLO+GAL+BDS+QZS;CORS;AUS;-33.5054;116.0419;0;0;TRIMBLE ALLOY;none;B;N;9600;
STR;ALBH00CAN0;Albert Head, BC;RTCM 3.2;1077(1),1087(1),1006(10),1008(10),1013(10),1019,1020,1033;2;GPS;IGS;CAN;48.3900;236.4900;0;0;NRCanRTCM;none;B;N;2400;
STR;AJAC00FRA0;Ajaccio;RTCM 3.1;1004/1012(1),1006/1008/1013/1033(10),1019/1020;2;GPS+GLONASS;IGS;FRA;41.9300;8.7600;0;0;Leica GR25;none;B;N;2400;
STR;BREW00USA0;Brewster;RTCM 3;1076(1);2;GPS;IGS;USA;48.1300;-119.6800;0;0;SEPT POLARX5TR;none;B;N;3400;
STR;BSHM00ISR0;Haifa;RTCM 3;1076(1);2;GPS;IGS;ISR;32.7800;35.0200;0;0;JAVAD TRE_G3TH DELTA;none;B;N;3200;
STR;BUCU00ROU0;Bucharest;RTCM 3.1;1004(1),1006(10),1008(10),1012(1),1019,1020,1033(10);2;GPS+GLO;IGS;ROU;44.4600;26.1300;0;0;LEICA GRX1200GGPRO;none;B;N;3000;
STR;CHPI00BRA0;Cachoeira Paulista;RTCM 3;1076(1);2;GPS;IGS;BRA;-22.6900;-44.9900;0;0;SEPT POLARX5TR;none;B;N;3700;
STR;DJIG00DJI0;Djibouti CNES;RTCM 3.3;1007/1077/1087/1097/1127(1),1006/1008/1013/1019/1020/1033(10),1042/1045/1046(300);2;GPS+GLO+GAL+BDS;REGINA,IGS;DJI;11.5200;43.5600;0;0;TRIMBLE NETR9;none;B;N;2400;
STR;FAIR00USA0;Fairbanks;RTCM 3;1076(1);2;GPS;IGS;USA;64.9800;-147.5000;0;0;JAVAD TRE_G3TH DELTA;none;B;N;3100;
STR;FALK00FLK0;Port Stanley;RTCM 3;1076(1);2;GPS;IGS;FLK;-51.6900;-57.8700;0;0;SEPT POLARX5;none;B;N;2800;
STR;FLIN00CAN0;Flin Flon, SK;RTCM 3.2;1077(1),1087(1),1006(10),1008(10),1013(10),1019,1020,1033;2;GPS;IGS;CA;54.7300;258.0200;0;0;NRCanRTCM;none;B;N;2400;
STR;GANP00SVK0;Ganovce;RTCM 3.2;1004(1),1006(10),1008(10),1012(1),1013(10),1019,1020,1033(10),1230(10);2;GPS+GLO;IGS;SVK;49.0300;20.3200;0;0;TRIMBLE NETR9;none;B;N;4200;
STR;GODE00USA0;Greenbelt;RTCM 3;1076(1);2;GPS;IGS;USA;39.0200;-76.8300;0;0;SEPT POLARX5TR;none;B;N;3300;
STR;GOLD00USA0;Goldstone;RTCM 3;1076(1);2;GPS;IGS;USA;35.4300;-116.8900;0;0;JPS EGGDT;none;B;N;3500;
STR;HLFX00CAN0;Halifax;RTCM 3.2;1077(1),1087(1),1006(10),1008(10),1013(10),1019,1020,1033;2;GPS;IGS;CAN;44.6800;-63.6100;0;0;NRCanRTCM;none;B;N;2400;
STR;IISC00IND0;Bangalore;RTCM 3;1076(1);2;GPS;IGS;IND;13.0200;77.5700;0;0;SEPT POLARX5;none;B;N;3300;
STR;KIRU00SWE0;Kiruna;RTCM 3.2;1006(60),1013(60),1019,1033(60),1077(1);0;GPS;IGS;SWE;67.8600;20.9700;0;1;SEPT POLARX5;none;B;N;5000;
STR;KOUR00GUF0;Kourou;RTCM 3.2;1006(60),1013(60),1019,1033(60),1077(1);0;GPS;IGS;GUF;5.2500;-52.8100;0;1;SEPT POLARX5;none;B;N;5000;
STR;LPGS00ARG0;LaPlata;RTCM3.0;1077,1087,1097,1006(10),1007(10);2;GPS+GLO+GAL;IGS;ARG;-34.7300;-57.9300;0;1;euronet;none;B;N;3000;
STR;MAR600SWE0;Martsbo;RTCM 3.1;1004(1),1012(1),1019,1020;2;GPS+GLO;IGS;SWE;60.6000;17.2600;0;0;JAVAD TRE_G3TH DELTA;none;B;N;2600;
STR;MAS100ESP0;Maspalomas;RTCM 3.2;1006(60),1013(60),1019,1033(60),1077(1);0;GPS;IGS;ESP;27.7600;-15.6300;0;1;SEPT POLARX5;none;B;N;4600;
STR;MBAR00UGA0;Mbarara;RTCM 3;1076(1);2;GPS;IGS;UGA;-0.6000;30.7400;0;0;JAVAD TRE_G3TH DELTA;none;B;N;3900;
STR;MDO100USA0;Ft Davis;RTCM 3;1076(1);2;GPS;IGS;USA;30.6800;-104.0100;0;0;JAVAD TRE_G3TH DELTA;none;B;N;3100;
STR;MGUE00ARG0;Malargue;RTCM 3.2;1006(60),1013(60),1019,1033(60),1077(1);0;GPS;IGS;ARG;-35.7800;-69.4000;0;1;SEPT POLARX5TR;none;B;N;4800;
STR;MIZU00JPN0;Mizusawa;RTCM 3.2;1006(10),1007(10),1008(10),1019,1020,1033(10),1077(1),1087(1),1097(1);2;GPS+GLO+GAL;IGS;JPN;39.1400;141.1300;0;0;euronet;none;B;N;10400;
STR;MKEA00USA0;Mauna Kea;RTCM 3;1076(1);2;GPS;IGS;USA;19.8000;-155.4600;0;0;JAVAD TRE_G3TH DELTA;none;B;N;2800;
STR;NICO00CYP0;Nicosia;RTCM 3.2;1004(1),1006(15),1008(15),1012(1),1013(60),1019,1020,1033(15),1230(15);2;GPS+GLO;IGS;CYP;35.1400;33.4000;0;0;LEICA GR25;none;B;N;2800;
STR;NLIB00USA0;North Liberty;RTCM 3;1076(1);2;GPS;IGS;USA;41.7700;-91.5700;0;0;ASHTECH UZ-12;none;B;N;2500;
STR;NNOR00AUS0;New Norcia;RTCM 3.2;1006(60),1013(60),1019,1033(60),1077(1);0;GPS;IGS;AUS;-31.0500;116.1900;0;1;SEPT POLARX5TR;none;B;N;4000;
STR;PIE100USA0;Pie Town;RTCM 3;1076(1);2;GPS;IGS;USA;34.3000;-108.1200;0;0;JAVAD TRE_G3TH DELTA;none;B;N;3400;
STR;QUIN00USA0;Quincy;RTCM 3;1076(1);2;GPS;IGS;USA;39.9700;-120.9400;0;0;JAVAD TRE_G3TH DELTA;none;B;N;3100;
STR;SCH200CAN0;Schefferville;RTCM 3.2;1077(1),1087(1),1006(10),1008(10),1013(10),1019,1020,1033;2;GPS;IGS;CAN;54.8300;-66.8300;0;0;NRCanRTCM;none;B;N;2400;
STR;STHL00GBR0;Longwood;RTCM 3;1076(1);2;GPS;IGS;GBR;-15.9400;-5.6700;0;0;JAVAD TRE_G3TH DELTA;none;B;N;3700;
STR;VACS00MUS0;Vacoas;RTCM 3;1076(1);2;GPS;IGS;MUS;-20.3000;57.5000;0;0;SEPT POLARX5;none;B;N;3500;
STR;WTZR00DEU0;Wettzell;RTCM 3.2;1004(1),1006(14),1008(14),1012(1),1013(60),1019,1020,1033(14),1045,1230(14);2;GPS+GLO+GAL;IGS;DEU;49.1400;12.8800;0;0;LEICA GR50;none;B;N;3200;
STR;ZIM200CHE0;Zimmerwald;RTCM 3.3;1006(10),1008(10),1013(10),1019,1020,1033(10),1042,1045,1046,1075(1),1085(1),1095(1),1125(1),1230(10);2;GPS+GLO+GAL+BDS;IGS;CHE;46.8800;7.4700;0;0;TRIMBLE NETR9;none;B;N;9800;
STR;ALGO00CAN0;Algonquin Park;RTCM 3.3;1006(10),1008(10),1013(10),1019,1020,1033(10),1077(1),1087(1),1097(1);2;GPS+GLO+GAL;IGS;CAN;45.9600;-78.0700;0;0;JAVAD TRE_G3TH DELTA;none;B;N;8600;
STR;AREG00PER0;Arequipa;RTCM 3.3;1006(30),1007(30),1008(30),1013(30),1019,1020,1029(30),1033(30),1042,1045,1046,1077(1),1087(1),1097(1),1107(1),1127(1),1230(30);2;GPS+GLO+GAL+BDS+SBAS;IGS;PER;-16.4700;-71.4900;0;0;SEPT POLARX5;none;B;N;14600;
STR;ASCG00SHN0;Ascension Island;RTCM 3.3;1006(10),1008(10),1013(10),1019,1020,1033(10),1042,1045,1046,1077(1),1087(1),1097(1),1127(1),1230(10);2;GPS+GLO+GAL+BDS;IGS;SHN;-7.9200;-14.3300;0;0;TRIMBLE NETR9;none;B;N;11000;
STR;BRUX00BEL0;Brussels;RTCM 3.3;1006(10),1008(10),1019,1020,1033(10),1045,1077(1),1087(1),1097(1),1127(1);2;GPS+GLO+GAL+BDS;IGS;BEL;50.8000;4.3600;0;0;SEPT POLARX4TR;none;B;N;8400;
STR;CHPG00BRA0;Cachoera;RTCM 3.3;1006(10),1008(10),1013(10),1019,1020,1033(10),1042,1045,1046,1077(1),1087(1),1097(1),1127(1),1230(10);2;GPS+GLO+GAL+BDS;IGS;BRA;-22.6800;-45.0000;0;0;TRIMBLE NETR9;none;B;N;10200;
STR;CHUR00CAN0;Churchill;RTCM 3.3;1006(10),1008(10),1013(10),1019,1020,1033(10),1077(1),1087(1);2;GPS+GLO;IGS;CAN;58.7600;-94.0900;0;0;NRCanRTCM;none;B;N;7400;
STR;CPVG00CPV0;Espargos;RTCM 3.3;1006(10),1008(10),1013(10),1019,1020,1033(10),1042,1045,1046,1077(1),1087(1),1097(1),1127(1),1230(10);2;GPS+GLO+GAL+BDS;IGS;CPV;16.7300;-22.9300;0;0;TRIMBLE NETR9;none;B;N;11600;
STR;CUT000AUS0;Perth;RTCM 3.3;1006(10),1008(10),1013(10),1019,1020,1033(10),1042,1044,1045,1046,1077(1),1087(1),1097(1),1117(1),1127(1),1230(10);2;GPS+GLO+GAL+BDS+QZS;IGS;AUS;-32.0000;115.8900;0;0;TRIMBLE NETR9;none;B;N;16400;
STR;CZTG00ATF0;Crozet;RTCM 3.3;1006(10),1008(10),1013(10),1019,1020,1033(10),1045,1046,1077(1),1087(1),1097(1),1230(10);2;GPS+GLO+GAL;IGS;ATF;-46.4300;51.8600;0;0;TRIMBLE NETR9;none;B;N;8800;
STR;DLF100NLD0;Delft;RTCM 3.3;1004(1),1006(10),1008(10),1012(1),1013(10),1033(10),1230(10);2;GPS+GLO;IGS;NLD;51.9900;4.3900;0;0;TRIMBLE NETR9;none;B;N;3200;
STR;DRAO00CAN0;Penticton;RTCM 3.3;1006(10),1008(10),1013(60),1019,1020,1033(10),1077(1),1087(1),1097(1);2;GPS+GLO+GAL;IGS;CAN;49.3200;-119.6200;0;0;SEPT POLARX5;none;B;N;9200;
STR;DYNG00GRC0;Dionysos;RTCM 3.3;1006(10),1008(10),1013(10),1019,1020,1033(10),1042,1045,1046,1077(1),1087(1),1097(1),1127(1),1230(10);2;GPS+GLO+GAL+BDS;IGS;GRC;38.0800;23.9300;0;0;TRIMBLE NETR9;none;B;N;12200;
STR;ENAO00PRT0;SantaCruz;RTCM 3.3;1006(10),1007(10),1008(10),1019,1020,1033(10),1042,1043,1045,1046,1077(1),1087(1),1097(1),1107(1),1127(1);2;GPS+GLO+GAL+BDS+SBAS;IGS;POR;39.0900;-28.0300;0;1;euronet;none;B;N;13000;
STR;FTNA00WLF0;Futuna CNES;RTCM 3.3;1006(10),1008(10),1013(10),1019,1020,1033(11),1042,1044,1045,1046,1077(1),1087(1),1097(1),1117(1),1127(1),1230(10);2;GPS+GLO+GAL+BDS+QZS;IGS;WLF;-14.3100;-178.1200;0;0;TRIMBLE NETR9;none;B;N;8200;
STR;GAMB00PYF0;Rikitea;RTCM 3.3;1006(10),1008(10),1013(10),1019,1020,1033(10),1042,1045,1046,1077(1),1087(1),1097(1),1127(1),1230(10);2;GPS+GLO+GAL+BDS;IGS;PYF;-23.1300;-134.9600;0;0;TRIMBLE NETR9;none;B;N;10800;
STR;GOP600CZE0;Pecny;RTCM 3.3;1006(30),1007(30),1008(30),1013(30),1019,1020,1033(30),1042,1045,1046,1077(1),1087(1),1097(1),1107(1),1117(1),1127(1),1230(30);2;GPS+GLO+GAL+BDS+QZS+SBAS;IGS;CZE;49.9100;14.7900;0;0;SEPT POLARX5;none;B;N;10800;
STR;GRAC00FRA0;Grasse IGN;RTCM 3.3;1004(1),1006(10),1008(10),1012(1),1013(10),1019,1020,1033(10),1045,1230(10);2;GPS+GLO+GAL;IGS;FRA;43.7500;6.9200;0;1;LEICA GR25;none;B;N;2600;
STR;HARB00ZAF0;Hartebeesthoek;RTCM 3.3;1006(30),1007(30),1008(30),1013(30),1019,1020,1029(30),1033(30),1042,1045,1046,1077(1),1087(1),1097(1),1107(1),1127(1),1230(30);2;GPS+GLO+GAL+BDS+SBAS;IGS;ZAF;-25.8900;27.7100;0;0;SEPT POLARX5TR;none;B;N;17000;
STR;HOFN00ISL0;Hoefn;RTCM 3.3;1006(15),1008(15),1013(60),1019,1020,1033(15),1042,1045,1075(1),1085(1),1095(1),1125(1),1230(15);2;GPS+GLO+GAL+BDS;IGS;ISL;64.2700;-15.2000;0;0;LEICA GR50;none;B;N;10000;
STR;IQAL00CAN0;Iqaluit;RTCM 3.3;1006(10),1008(10),1013(10),1019,1020,1033(10),1077(1),1087(1);2;GPS+GLO;IGS;CAN;63.7600;-68.5100;0;0;NRCanRTCM;none;B;N;7600;
STR;JOG200IDN0;Yogyakarta;RTCM 3.3;1006(10),1007(10),1008(10),1019,1020,1033(10),1077(1),1087(1),1097(1);2;GPS+GLO+GAL;IGS;IDN;-7.7600;110.3700;0;1;euronet;none;B;N;9400;
STR;KITG00UZB0;Kitab;RTCM 3.3;1006(30),1007(30),1008(30),1013(30),1019,1020,1029(30),1033(30),1042,1043,1044,1045,1046,1077(1),1087(1),1097(1),1107(1),1117(1),1127(1),1230(30);2;GPS+GLO+GAL+BDS+QZS+SBAS;IGS;UZB;39.1300;66.8900;0;0;SEPT POLARX5;none;B;N;18200;
STR;KIR800SWE0;Kiruna_Mast;RTCM 3.3;1006(10),1008(10),1013(10),1019,1020,1033(10),1042,1045,1046,1075(1),1085(1),1095(1),1125(1),1230(10);2;GPS+GLO+GAL+BDS;IGS;SWE;67.8800;21.0600;0;0;TRIMBLE ALLOY;none;B;N;12400;
STR;KOUC00NCL0;Koumac;RTCM 3.1;1004(1),1005(5),1007(5),1012(1),1019,1020,1033(5),4094(5);2;GPS+GLO;IGS;NCL;-20.5600;164.2900;0;0;TRIMBLE NETR9;none;B;N;3400;
STR;KOUG00GUF0;Kourou;RTCM 3.3;1006(48),1007(48),1008(48),1013(48),1019,1020,1029(48),1033(48),1042,1045,1046,1077(1),1087(1),1097(1),1107(1),1127(1),1230(48);2;GPS+GLO+GAL+BDS+SBAS;IGS;GUF;5.1000;-52.6400;0;0;SEPT POLARX5TR;none;B;N;9200;
STR;KRGG00ATF0;Kerguelen;RTCM 3.3;1006(10),1008(10),1013(10),1019,1020,1033(10),1042,1044,1045,1046,1077(1),1087(1),1097(1),1117(1),1127(1),1230(10);2;GPS+GLO+GAL+BDS+QZS;IGS;ATF;-49.3500;70.2600;0;0;TRIMBLE ALLOY;none;B;N;17000;
STR;LMMF00MTQ0;Le-Lamentin;RTCM 3.3;1006(10),1008(10),1013(10),1019,1020,1033(10),1042,1045,1046,1077(1),1087(1),1097(1),1127(1),1230(10);2;GPS+GLO+GAL+BDS;IGS;MTQ;14.5900;-61.0000;0;0;TRIMBLE ALLOY;none;B;N;13400;
STR;M0SE00ITA0;Rome;RTCM 3.3;1004(1),1006(5),1008(5),1012(1),1013(5),1019,1020,1033(5),1230(5);2;GPS+GLO;IGS;ITA;41.8900;12.4900;0;0;LEICA GR25;none;B;N;3200;
STR;MAO000USA0;Maui;RTCM 3.3;1006(30),1008(30),1013(60),1019,1020,1033(30),1042,1043,1044,1045,1046,1077(1),1087(1),1097(1),1107(1),1117(1),1127(1);2;GPS+GLO+GAL+BDS+QZS+SBAS;IGS;USA;20.7100;-156.2600;0;0;SEPT POLARX5;none;B;N;16400;
STR;MAR700SWE0;Martsbo_Mast;RTCM 3.3;1006(10),1008(10),1013(10),1019,1020,1033(10),1042,1045,1046,1075(1),1085(1),1095(1),1125(1),1230(10);2;GPS+GLO+GAL+BDS;IGS;SWE;60.6000;17.2600;0;0;TRIMBLE ALLOY;none;B;N;11600;
STR;MATG00ITA0;Matera;RTCM 3.3;1006(108),1008(107),1019,1020,1033(107),1042,1045,1077(2),1087(2),1097(2),1127(2),1230(107);2;GPS+GLO+GAL+BDS;IGS;ITA;40.6500;16.7000;0;0;LEICA GR10;none;B;N;5000;
STR;METG00FIN0;Metsahovi;RTCM 3.3;1006(10),1008(10),1013(10),1019,1020,1033(10),1042,1045,1046,1077(1),1087(1),1097(1),1127(1),1230(10);2;GPS+GLO+GAL+BDS;IGS;FIN;60.2400;24.3800;0;0;TRIMBLE NETR9;none;B;N;13400;
STR;NKLG00GAB0;Libreville;RTCM 3.3;1006(30),1007(30),1008(30),1013(30),1019,1020,1029(30),1033(30),1042,1045,1046,1077(1),1087(1),1097(1),1107(1),1127(1),1230(30);2;GPS+GLO+GAL+BDS+SBAS;IGS;GAB;0.3500;9.6700;0;0;SEPT POLARX5;none;B;N;16200;
STR;NRC100CAN0;Ottawa;RTCM 3.3;1006(10),1008(10),1013(10),1019,1020,1033(10),1077(1),1087(1),1097(1);2;GPS+GLO+GAL;IGS;CAN;45.4500;-75.6200;0;0;JAVAD TRE_G3TH DELTA;none;B;N;9200;
STR;NYA200NOR0;Ny-Alesund;RTCM 3.3;1006(10),1007(10),1008(10),1019,1020,1033(10),1077(1),1087(1),1097(1);2;GPS+GLO+GAL;IGS;NOR;78.9300;11.8600;0;1;euronet;none;B;N;13600;
STR;OBE400DEU0;Oberpfaffenhofen;RTCM 3.3;1006(10),1007(10),1008(10),1019,1020,1033(10),1077(1),1087(1),1097(1);2;GPS+GLO+GAL;IGS;DEU;48.0800;11.2800;0;1;euronet;none;B;N;10200;
STR;ONS100SWE0;Onsala_Mast;RTCM 3.3;1006(10),1008(10),1013(10),1019,1020,1033(10),1042,1045,1046,1075(1),1085(1),1095(1),1125(1),1230(10);2;GPS+GLO+GAL+BDS;IGS;SWE;57.4000;11.9200;0;0;TRIMBLE NETR9;none;B;N;9000;
STR;OUS200NZL0;Dunedin;RTCM 3.3;1006(10),1007(10),1008(10),1019,1020,1033(10),1077(1),1087(1),1097(1);2;GPS+GLO+GAL;IGS;NZL;-45.8700;170.5100;0;0;euronet;none;B;N;10400;
STR;OWMG00NZL0;Owenga;RTCM 3.3;1006(10),1008(10),1013(10),1019,1020,1033(10),1042,1044,1045,1046,1077(1),1087(1),1097(1),1117(1),1127(1),1230(10);2;GPS+GLO+GAL+BDS+QZS;IGS;NZL;-44.0200;-176.3700;0;0;TRIMBLE NETR9;none;B;N;12000;
STR;POTS00DEU0;Potsdam;RTCM 3.3;1006(10),1007(10),1008(10),1019,1020,1033(10),1077(1),1087(1),1097(1);2;GPS+GLO+GAL;IGS;DEU;52.3800;13.0700;0;0;euronet;none;B;N;12200;
STR;PRDS00CAN0;Priddiss;RTCM 3.3;1006(10),1008(10),1013(10),1019,1020,1033(10),1077(1),1087(1),1097(1);2;GPS+GLO+GAL;IGS;CAN;50.8700;-114.2900;0;0;JAVAD TRE_3N DELTA;none;B;N;8800;
STR;PTGG00PHL0;Manille;RTCM 3.3;1006(30),1007(30),1008(30),1013(30),1019,1020,1029(30),1033(30),1042,1044,1045,1046,1077(1),1087(1),1097(1),1107(1),1117(1),1127(1),1230(30);2;GPS+GLO+GAL+BDS+QZS+SBAS;IGS;PHL;14.5400;121.0400;0;0;SEPT POLARX5;none;B;N;19200;
STR;REUN00REU0;La-Reunion;RTCM 3.3;1004(1),1006(10),1008(10),1012(1),1013(10),1019,1020,1033(10),1230(10);2;GPS+GLO;IGS;REU;-21.2100;55.5700;0;0;TRIMBLE NETR9;none;B;N;3000;
STR;REYK00ISL0;Reykjavik;RTCM 3.3;1006(15),1008(15),1013(60),1019,1020,1033(15),1045,1075(1),1085(1),1095(1),1125(1),1230(15);2;GPS+GLO+GAL+BDS;IGS;ISL;64.1400;-21.9600;0;0;LEICA GR50;none;B;N;10000;
STR;RGDG00ARG0;RioGrande;RTCM 3.3;1006(10),1008(10),1013(10),1019,1020,1033(10),1042,1045,1046,1077(1),1087(1),1097(1),1127(1),1230(10);2;GPS+GLO+GAL+BDS;IGS;ARG;-53.7900;-67.7500;0;0;TRIMBLE ALLOY;none;B;N;15000;
STR;RIO200ARG0;RioGrande;RTCM 3.3;1006(10),1007(10),1008(10),1019,1020,1033(10),1077(1),1087(1),1097(1);2;GPS+GLO+GAL;IGS;ARG;-53.7900;-67.7500;0;0;euronet;none;B;N;5000;
STR;SEYG00SYC0;Mahe;RTCM 3.3;1006(10),1008(10),1013(10),1019,1020,1033(10),1042,1045,1046,1077(1),1087(1),1097(1),1127(1),1230(10);2;GPS+GLO+GAL+BDS;IGS;SYC;-4.6800;55.5300;0;0;TRIMBLE NETR9;none;B;N;10400;
STR;SGOC00LKA0;Colombo;RTCM 3.3;1006(10),1007(10),1008(10),1019,1020,1033(10),1077(1),1087(1),1097(1);2;GPS+GLO+GAL;IGS;LKA;6.8900;79.8700;0;1;euronet;none;B;N;12800;
STR;SIN100SGP0;Singapore;RTCM 3.3;1006(10),1008(10),1013(10),1019,1020,1033(10),1042,1044,1045,1046,1077(1),1087(1),1097(1),1117(1),1127(1),1230(10);2;GPS+GLO+GAL+BDS+QZS;IGS;SGP;1.3400;103.6800;0;0;TRIMBLE NETR9;none;B;N;16200;
STR;STJO00CAN0;St-Johns;RTCM 3.3;1006(10),1008(10),1013(10),1019,1020,1033(10),1077(1),1087(1),1097(1);2;GPS+GLO+GAL;IGS;CAN;47.6000;-52.6800;0;0;NRCanRTCM;none;B;N;10200;
STR;SUTM00ZAF0;Sutherland;RTCM 3.3;1006(10),1007(10),1008(10),1019,1020,1033(10),1077(1),1087(1),1097(1);2;GPS+GLO+GAL;IGS;ZAF;-32.3800;20.8100;0;0;euronet;none;B;N;13800;
STR;TASH00UZB0;Tashkent;RTCM 3.1;1006(10),1007(10),1008(10),1019,1020,1033(10);2;GPS+GLO;IGS;UZB;41.3300;69.3000;0;1;euronet;none;B;N;2000;
STR;THTG00PYF0;Papeete;RTCM 3.3;1006(36),1007(36),1008(36),1013(36),1019,1020,1029(36),1033(36),1042,1044,1045,1046,1077(1),1087(1),1097(1),1107(1),1117(1),1127(1),1230(36);2;GPS+GLO+GAL+BDS+QZS+SBAS;IGS;PYF;-17.5800;-149.6100;0;0;SEPT POLARX5TR;none;B;N;13600;
STR;TLSE00FRA0;Toulouse;RTCM 3.3;1006(10),1008(10),1013(10),1019,1020,1033(10),1042,1045,1046,1077(1),1087(1),1097(1),1127(1),1230(10);2;GPS+GLO+GAL+BDS;IGS;FRA;43.5600;1.4800;0;1;TRIMBLE NETR9;none;B;N;12400;
STR;TOPL00BRA0;Palmas;RTCM 3.3;1006(11),1008(11),1013(15),1019,1020,1033(14),1042,1045,1046,1074(2),1084(2),1094(1),1124(1),1230(11);2;GPS+GLO+GAL+BDS;IGS;BRA;-10.1700;-48.3300;0;0;TRIMBLE NETR9;none;B;N;28600;
STR;UCAL00CAN0;Calgary;RTCM 3.3;1006(10),1008(10),1013(10),1019,1020,1033(10),1042,1044,1045,1046,1077(1),1087(1),1097(1),1117(1),1127(1),1230(10);2;GPS+GLO+GAL+BDS+QZS;IGS;CAN;51.0800;-114.1300;0;0;TRIMBLE NETR9;none;B;N;13200;
STR;WHIT00CAN0;Whitehorse;RTCM 3.3;1006(10),1008(10),1013(10),1019,1020,1033(10),1077(1),1087(1);2;GPS+GLO;IGS;CAN;60.7500;-135.2200;0;0;TPS NET-G3A;none;B;N;7200;
STR;WUH200CHN0;Wuhan;RTCM 3.3;1006(10),1007(10),1008(10),1019,1020,1033(10),1077(1),1087(1),1097(1);2;GPS+GLO+GAL;IGS;CHN;30.5300;114.3600;0;1;euronet;none;B;N;10200;
STR;SGPO00USA0;Billings;RTCM 3.3;1006(10),1007(10),1008(10),1019,1020,1033(10),1042,1045,1046,1077(1),1087(1),1097(1),1127(1);2;GPS+GLO+GAL+BDS;IGS;USA;36.6000;-97.4800;0;1;euronet;none;B;N;15200;
STR;DUBO00CAN0;Lake-Dubonette;RTCM 3.2;1006(10),1008(10),1013(60),1019,1020,1033(10),1077(1),1087(1),1097(1);2;GPS+GLO+GAL;IGS;CAN;50.2600;-95.8700;0;0;NRCanRTCM;none;B;N;9800;
STR;UTQI00USA0;Utqiagvik;RTCM 3.3;1006(10),1007(10),1008(10),1019,1020,1033(10),1045,1046,1077(1),1087(1),1097(1);2;GPS+GLO+GAL;IGS;USA;71.3200;-156.6200;0;1;euronet;none;B;N;9800;
STR;UNSA00ARG0;SaltaUnsa;RTCM 3.3;1006(10),1007(10),1008(10),1019,1020,1033(10),1042,1043,1045,1046,1077(1),1087(1),1097(1),1107(1),1127(1);2;GPS+GLO+GAL+BDS+SBAS;IGS;ARG;-24.7300;-65.4100;0;0;euronet;none;B;N;12400;
STR;POAL00BRA0;Porto Alegre;RTCM 3.3;1006(10),1008(10),1013(10),1019,1020,1033(10),1042,1045,1046,1074(1),1084(1),1094(1),1124(1),1230(10);2;GPS+GLO+GAL+BDS;IGS;BRA;-30.0700;-51.1200;0;0;TRIMBLE NETR9;none;B;N;6800;
STR;SALU00BRA0;Sao_Luiz;RTCM 3.3;1006(10),1008(10),1013(11),1019,1020,1033(11),1042,1045,1046,1077(1),1087(1),1097(1),1127(1),1230(10);2;GPS+GLO+GAL+BDS;IGS;BRA;-2.5900;-44.2100;0;0;TRIMBLE NETR9;none;B;N;10800;
STR;POVE00BRA0;Porto_Velho;RTCM 3.3;1006(10),1008(10),1013(10),1019,1020,1033(10),1042,1045,1046,1074(1),1084(1),1094(1),1124(1),1230(10);2;GPS+GLO+GAL+BDS;IGS;BRA;-8.7100;-63.9000;0;0;TRIMBLE NETR9;none;B;N;9000;
STR;BOAV00BRA0;Boa Vista;RTCM 3.3;1006(10),1008(10),1013(10),1019,1020,1033(10),1042,1045,1046,1074(1),1084(1),1094(1),1124(1),1230(10);2;GPS+GLO+GAL+BDS;IGS;BRA;2.8500;-60.7000;0;0;TRIMBLE NETR9;none;B;N;8200;
STR;MATE00ITA0;Matera;RTCM 3.3;1006(60),1008(60),1013(60),1019,1020,1033(60),1042,1045,1077(1),1087(1),1097(1),1127(1),1230(60);2;GPS+GLO+GAL+BDS;IGS;ITA;40.6500;16.7000;0;0;LEICA GR30;none;B;N;10400;
STR;KZN200RUS0;Kazan;RTCM 3.3;1006(10),1008(10),1013(10),1019,1020,1033(10),1042,1044,1045,1046,1077(1),1087(1),1097(1),1117(1),1127(1),1230(10);2;GPS+GLO+GAL+BDS+QZS;IGS;RUS;55.7900;49.1200;0;1;TRIMBLE ALLOY;none;B;N;13800;
STR;CUUT00THA0;Bangkok;RTCM 3.3;1006(10),1008(10),1013(10),1019,1020,1033(10),1045,1046,1077(1),1087(1),1097(1),1117(1),1127(1),1230(10);2;GPS+GLO+GAL+BDS+QZS;IGS;THA;13.7400;100.5300;0;0;TRIMBLE NETR9;none;B;N;10600;
STR;CCJ200JPN0;Ogasawara;RTCM 3.3;1019,1020,1044,1045,1046,1077(1),1087(1),1097(1),1117(1);2;GPS+GLO+GAL+QZS;IGS;JPN;27.0700;142.2000;0;1;RTKLIB;none;B;N;11200;
STR;ULAB00MNG0;UlaanBataar;RTCM 3.3;1006(10),1007(10),1008(10),1019,1020,1033(10),1041,1042,1043,1045,1046,1077(1),1087(1),1097(1),1107(1),1127(1),1137(1);2;GPS+GLO+GAL+BDS+IRS+SBAS;IGS;MNG;47.8700;107.0500;0;0;JAVAD TRE_3;none;B;N;5600;
STR;STK200JPN0;Shintotsukawa;RTCM 3.3;1019,1020,1044,1045,1046,1077(1),1087(1),1097(1),1117(1);2;GPS+GLO+GAL+QZS;IGS;JPN;43.5300;141.8400;0;1;RTKLIB;none;B;N;11800;
STR;PDEL00PRT0;Ponta-Delgada;RTCM 3.2;1004(1),1006(5),1008(5),1012(1),1013(5),1033(5),1230(5);2;GPS+GLO;IGS;PRT;37.7500;-25.6600;0;0;LEICA GRX1200GGPRO;none;B;N;2800;
STR;GLPS00ECU0;Puerto Ayora;RTCM 3;1076(1);2;GPS;IGS;ECU;-0.7400;-90.3000;0;0;JAVAD TRE_G3TH DELTA;none;B;N;2400;
STR;DGAR00GBR0;Diego Garcia Island;RTCM 3;1076(1);2;GPS;IGS;GBR;-7.2700;72.3700;0;0;JAVAD TRE_G3TH DELTA;none;B;N;3100;
STR;BCEP00BKG0;Assisted-GNSS;RTCM 3.3;1019,1020,1042,1043,1044,1045,1046;0;GPS+GLO+GAL+BDS+QZS+SBAS;IGS;DEU;50.0900;8.6600;0;1;BNC;none;B;N;16800;
STR;SSRA02IGS0;RTCM-SSR APC;RTCM 3.1;1057(60),1058(10),1063(60),1064(10),1240(60),1241(10),1258(60),1259(10);0;GPS+GLO+GAL+BDS;IGS;DEU;50.0900;8.6600;0;1;BNC;none;B;N;1000;
STR;SSRA03IGS0;RTCM-SSR APC;RTCM 3.1;1057(60),1058(10),1063(60),1064(10),1240(60),1241(10),1258(60),1259(10);0;GPS+GLO+GAL+BDS;IGS;DEU;50.0900;8.6600;0;1;BNC;none;B;N;1000;
STR;SSRC00BKG0;RTCM-SSR CoM;RTCM 3.1;1057(60),1058(5),1059(60);0;GPS;IGS;DEU;50.0900;8.6600;0;1;RTNet;none;B;N;600;
STR;SSRA00BKG0;RTCM-SSR APC;RTCM 3.1;1057(60),1058(5),1059(60);0;GPS;IGS;DEU;50.0900;8.6600;0;1;RTNet;none;B;N;600;
STR;SSRC00WHU0;RTCM-SSR CoM;RTCM 3.1;1060(5),1066(5),1243(5),1261(5);0;GPS+GLO+GAL+BDS;IGS;CHN;30.5200;114.3500;0;1;PANDA;none;B;N;4600;
STR;SSRA00WHU0;RTCM-SSR APC;RTCM 3.1;1060(5),1066(5),1243(5),1261(5);0;GPS+GLO+GAL+BDS;IGS;CHN;30.5200;114.3500;0;1;PANDA;none;B;N;4600;
STR;SSRA00GMV0;RTCM-SSR APC;RTCM 3.1;1059(5),1060(5),1065(5),1066(5),1242(5),1243(5),1260(5),1261(5);0;GPS+GLO+GAL+BDS;IGS;ESP;40.5900;356.2900;0;1;magicGNSS;none;B;N;5000;
STR;SSRC00GMV0;RTCM-SSR CoM;RTCM 3.1;1059(5),1060(5),1065(5),1066(5),1242(5),1243(5),1260(5),1261(5);0;GPS+GLO+GAL+BDS;IGS;ESP;40.5900;356.2900;0;1;magicGNSS;none;B;N;5000;
STR;SSRC00CNE0;RTCM-SSR CoM;RTCM 3.1;1059(5),1060(5),1065(5),1066(5),1242(5),1243(5),1260(5),1261(5),1264(60),1265(5),1266(5),1267(5),1270(5);0;GPS+GLO+GAL+BDS;IGS;FRA;43.5600;1.4800;0;1;PPP-WIZARD;none;B;N;9000;
STR;SSRA00CNE0;RTCM-SSR APC;RTCM 3.1;1059(5),1060(5),1065(5),1066(5),1242(5),1243(5),1260(5),1261(5),1264(60),1265(5),1266(5),1267(5),1270(5);0;GPS+GLO+GAL+BDS;IGS;FRA;43.5600;1.4800;0;1;PPP-WIZARD;none;B;N;9000;
STR;SSRA00CAS0;RTCM-SSR APC;RTCM 3.1;1057(5),1058(5),1063(5),1064(5),1240(5),1241(5),1258(5),1259(7),1264(76);0;GPS+GLO+GAL+BDS;MISC;CHN;30.5000;114.2800;0;1;none;none;B;N;5400;
STR;SSRC00CAS0;RTCM-SSR CoM;RTCM 3.1;1057(5),1058(5),1063(5),1064(5),1240(5),1241(5),1258(5),1259(6),1264(71);0;GPS+GLO+GAL+BDS;MISC;CHN;30.5000;114.2800;0;1;none;none;B;N;5400;
STR;SSRA01CAS0;RTCM-SSR APC;RTCM 3.1;1060,1066,1243,1261;0;GPS+GLO+GAL+BDS;MISC;CHN;40.0700;116.2800;0;0;none;none;B;N;500;
STR;SSRC01CAS0;RTCM-SSR CoM;RTCM 3.3;1060,1066,1243,1261;0;GPS+GLO+GAL+BDS;MISC;CHN;40.0700;116.2800;0;0;none;none;B;N;500;
STR;SSRA01CAS1;IGS-SSR--APC;RTCM 3.1;1057(60),1058(5),1059(5),1060(5);0;GPS+GLO+GAL+BDS;MISC;CHN;40.0700;116.2800;0;1;none;none;B;N;4400;
STR;SSRC01CAS1;IGS-SSR--COM;RTCM 3.1;1057(60),1058(5),1059(5),1261(5);0;GPS+GLO+GAL+BDS;MISC;CHN;40.0700;116.2800;0;1;none;none;B;N;4400;
STR;SSRA00GFZ0;RTCM-SSR APC;RTCM 3.1;1057(60),1058(5),1059(60),1063(60),1064(5),1065(60),1240(60),1241(5),1242(60),1265(60),1266(60),1267(60);0;GPS+GLO+GAL;MISC;DEU;50.0900;8.6600;0;1;RETICLE;none;B;N;1600;
STR;SSRC00GFZ0;RTCM-SSR CoM;RTCM 3.1;1057(60),1058(5),1059(60),1063(60),1064(5),1065(60),1240(60),1241(5),1242(60),1265(60),1266(60),1267(60);0;GPS+GLO+GAL;MISC;DEU;50.0900;8.6600;0;1;RETICLE;none;B;N;1600;
STR;SSRA00GAA0;Ginan SSR Beta --- Not for operational use --- 0;RTCM 3.3;1059(10),1060(10);0;GPS;GA Products;AUS;0.0000;0.0000;0;1;Ginan;none;B;N;0;
STR;SSRA00GAA1;Ginan SSR Beta --- Not for operational use --- 1;RTCM 3.3;1059(10),1060(10);0;GPS;GA Products;AUS;0.0000;0.0000;0;1;Ginan;none;B;N;0;
STR;SSRA00GAA2;Ginan SSR Beta --- Not for operational use --- 2;RTCM 3.3;1059(10),1060(10);0;GPS;GA Products;AUS;0.0000;0.0000;0;1;Ginan;none;B;N;0;
ENDSOURCETABLE
