# RTCM Message Log (ephemeris only)
# Generated: 2025-08-22T23:39:21.021911+00:00
# mountpoint: PPLOUT
# Allowed types: [1005, 1033, 1230, 107x, 109x, 112x]
# GPS Week: 0
# GPS TOW: 0ms
# Format: [timestamp_ms] [msg_type] [sat_prn] [length] [hex_data]
# ----------------------------------------
3566:0 1005 0 25 d300133ed00103c2293629c3348b69d299092b9418da008a6a
3566:0 1033 0 32 d3001a40900100000530303030300007504e545052465405303030303037f85e
3566:0 1230 0 14 d300084ce0010a00000000464ff4
3566:0 1074 0 224 d300da432001790d13200024e020006980000000204101007e7ffff7a7a82423a7a2232285badc17a411679417c5872e0bbe17ac374f9d7f03e4c5c8f991f323627334dd51bd237e40d5017402f805eb8f8f10ae223c62e1bf829205440bf0126c25e847905249015e1c05789c1627ffec753fd0230a69742ba900b3c4c2f92f109fa04665f11998c473f40301400f12503c4940fb56f539c7d9df2f677e7dafde0598881aacc066da0157a506386818e1e066bd400000000000000000000000000000000000134d34d34d6db6db6db6db34d34dbefbef6db6efbefb80c3d4d7
3743:0 1005 0 25 d300133ed00103c2293629c3348b69d299092b9418da008a6a
3743:0 1033 0 32 d3001a40900100000530303030300007504e545052465405303030303037f85e
3743:0 1230 0 14 d300084ce0010a00000000464ff4
3743:0 1074 0 224 d300da432001790d61400024e020006980000000204101007e7ffff7a7a82423a7a2232285bb0429a58fe78c09c6e206c16f830f0e0f15cdf4847e886b10d621284e58939929c2577932322e646bc8d219a824d84aa0b3c35d85ce0bbced13d4b7aa7750af2908bcb91af2e493cbd7dfa89a3ec0b709daf8296f10aadcc2d5900c045c33f8e0cfe4434d23f3bb03d1f95f47e57d29c7067d201eec907bb40200b408d488279cc09a9a3f69d3fe8127fa04dfeb48c00000222222222222222222222220000000134d34d34d6db6db6db6db34d34dbefbef6db6efbefb80ca9eb0
4045:0 1005 0 25 d300133ed00103c2293629c3348b69d299092b9418da008a6a
4045:0 1033 0 32 d3001a40900100000530303030300007504e545052465405303030303037f85e
4045:0 1230 0 14 d300084ce0010a00000000464ff4
4045:0 1074 0 224 d300da432001790e4ba20024e020006980000000204101007e7ffff7a7a82423a7a22322857b745faa0b2783e1c9764ee9ffd42fb049a2e30ec460482e905d2035f15fd9a7b5cf6f826ec4a7895e12b9c36b7866f1be01f8e970e661eb13e0224c45a8871fcb48ff421bfd0897f467e0ef29c3daf6099e5c287ca0a71302c6690064940579c015e800653106347c1bdf406f7d01c826fbb587f3ce2fcf3a7f4ecdf3ec57d3fbef4c16c1d6ae08348c20d270867f4000002aaaaaaaaaaaaaaaaaa80000000000134d34d34d6db6db6db6db34d34dbefbef6db6efbefb80916aa4
4045:0 1094 0 48 d3002a446001790e4ba000248000002000000000200101007565b85af8b6816d40a8ad82aa2e0ac068000aaaa8f09eb4
4196:0 1005 0 25 d300133ed00103c2293629c3348b69d299092b9418da008a6a
4196:0 1033 0 32 d3001a40900100000530303030300007504e545052465405303030303037f85e
4196:0 1230 0 14 d300084ce0010a00000000464ff4
4196:0 1094 0 48 d3002a446001790ee7e000248000002000000000200101007565d3f9f7f47fe93fe69dffa1effe9f6ccc8aaaa86f4331
4464:0 1005 0 25 d300133ed00103c2293629c3348b69d299092b9418da008a6a
4464:0 1033 0 32 d3001a40900100000530303030300007504e545052465405303030303037f85e
4464:0 1230 0 14 d300084ce0010a00000000464ff4
4464:0 1074 0 224 d300da432001790f36020024e020006980000000204101007e7ffff7a7a82423a7a22322853bec95ae868773b7cb90371dd03bd07f9066109525548a17142e27d9aeb35456ab2d5a5be57794ef39de6e7e58ee41dd63d97f80be14fc483fc87a20f549e6509a8fc27f3609fd042839a050c24161580b8704301f40c59d834093f80f73e4253f9095fe4fe8f921dfe794cf9e533e837d1313685145b14518852646011ad808b5f01efec49535132eac4cbae136214000002eeeeeeeeeeeeeeeeeec0000000000134d34d34d6db6db6db6db34d34dbefbef6db6efbefb8089b71c
4464:0 1094 0 48 d3002a446001790f360000248000002000000000200101007565dfcf179ecf3dbf90e9fe4b1ff94434cc8aaaa8eb7bbb
4763:0 1005 0 25 d300133ed00103c2293629c3348b69d299092b9418da008a6a
4763:0 1033 0 32 d3001a40900100000530303030300007504e545052465405303030303037f85e
4763:0 1230 0 14 d300084ce0010a00000000464ff4
4763:0 1074 0 224 d300da432001790f84220024e020006980000000204101007e7ffff7a7a82423a7a22322853c14a7b004e773a9ccef70dc41b8b77950087fd9e5e30b3396672c4b9e57339669acd7446f48a8916122be15d01d283b409501ee82f0860024e4445489b90f2f94553e664bf9995be6aaf021f700a62b0ca3bc349210d7690387c0f603cbdbf69f6fdb3dccfe0a35cc2be480af9202c87906021c1d0070740381e1f305f6a01c25206cbb82e6df0c755031d580ca8bc000002eeeeeeeeeeeeeeeeeee2220000000134d34d34d6db6db6db6db34d34dbefbef6db6efbefb804741ea
4763:0 1094 0 48 d3002a446001790f842000248000002000000000200101007565eba80750aea17f42c17d1279f46195550aaaa8f6c9d9
4986:0 1005 0 25 d300133ed00103c2293629c3348b69d299092b9418da008a6a
4986:0 1033 0 32 d3001a40900100000530303030300007504e545052465405303030303037f85e
4986:0 1230 0 14 d300084ce0010a00000000464ff4
4986:0 1074 0 224 d300da432001790fd2420024e020006980000000204101007e7ffff7a7a82423a7a22322851c3cb9b18367739bcd8f481bf23814781fb0df2aa68fcc8d991b31b190e318b633ec6bdcfff9c9f3a3e743af2f4fe6a0bd5fe47a0807902e0a900fac20603c809318c2615a098594265beff626fff6ea0dfd4839f850ed01c3de24f45583d53d7f54f6fd616cfb56dbf068afc1a2bf10bcf92da7e9aeafa6bc7eacd50b0ddc308210be2f41419b05e040178140613ac000002eeeeeeeeeeeeeeeeeee6664000000134d34d34d6db6db6db6db34d34dbefbef6db6efbefb802d2fe3
4986:0 1094 0 48 d3002a446001790fd24200248000002000000000200101007565f784b70a0e143efc247bf807eff7cd550aaaa8cda399
4986:0 1124 0 131 d3007d464001790ef78000248000062008040000200001017fff4a4a524d488990de9da1d9334666e5cd17da97b5176a5c84d96c32191eda42b07b78ed49ceb3bb9e73a0f9d665e73897dab11f6af0fdab0de560f797c6be55e38862fc21d6808616a1faba084fe41fa6f0000000000000000000df7dedb6daaaaadb6ddf7dc0a791aa
5187:0 1005 0 25 d300133ed00103c2293629c3348b69d299092b9418da008a6a
5187:0 1033 0 32 d3001a40900100000530303030300007504e545052465405303030303037f85e
5187:0 1230 0 14 d300084ce0010a00000000464ff4
5187:0 1074 0 224 d300da432001791020620024e020006980000000204101007e7ffff7a7a82423a7a22322851c64cbb301c76b8dceefc1dce5b9fb7bdf5f3e87675b0e239c47380b865f03a609cc1785970af815ff2bfa4a7086690dc23a07238d5a1ad4f0cddc27b95f6e7f96de7e7070f9c1efe74d4fcd51bf53950f93a04051a106674443baf304c7cffa8f3feb3d0d3d0c850c352170d485c35c490c962c3750c0dd44c386f710608445ccb11359ffa571ff6f9bfdbeaffa300000002eeeeeeeeeeeeeeeeeee6664000000134d34d34d6db6db6db6db34d34dbefbef6db6efbefb80aa34e4
5187:0 1094 0 48 d3002a446001791020620024800000200000000020010100756603652ecafd961ebd11fafbbbec06a5550aaaa89198a7
5187:0 1124 0 131 d3007d464001790f45a000248000062008040000200001017fff4a4a524d4888512e71a8d882ac85b30ab384b7095612d1de441f477f974233825d1c2c104c30b6a060788189c406061784d09e136ef84d04102dc042f9e102b0867d1c1a3f0067b8a0783e0245f6077f34444444444444440000df7dedb6daaaaadb6ddf7dc037c79d
5345:0 1005 0 25 d300133ed00103c2293629c3348b69d299092b9418da008a6a
5345:0 1033 0 32 d3001a40900100000530303030300007504e545052465405303030303037f85e
5345:0 1230 0 14 d300084ce0010a00000000464ff4
5345:0 1074 0 224 d300da4320017910bca20024e020006980000000204101007e7ffff7a7a82423a722232284fcb4f1b5fea76b73d07292e285c53f9266cdbd64994c7206e40dc7967a14eb11d8b3b546d94d7c9b08360d86aefeedfebc1bfccf78b271833efc7884f211dfefad653eca8cfb2a5beceeff8498be30b1f3767bcfdd1f4494fd3c70117bd449d6c1275c04ab010f09843f3350fccd43fd67f41dd7d56f6f55bf7d68e1fbb84ff32bdfc8d644885c12fb484bed5132eb0000002eeeeeeeeeeeeeeeeeeeaaa8000000134d34d34d6db6db6db6db34d34dbefbef6db6efbefb80b61d42
5345:0 1094 0 48 d3002a4460017910bca0002480000020000000002001010075661b316e636cc6fe5588795d95e58e0ddd8aaaa8bcc67d
5497:0 1005 0 25 d300133ed00103c2293629c3348b69d299092b9418da008a6a
5497:0 1033 0 32 d3001a40900100000530303030300007504e545052465405303030303037f85e
5497:0 1230 0 14 d300084ce0010a00000000464ff4
5497:0 1074 0 224 d300da432001791158e20024e020006980000000204101007e7ffff7a7a82423a722232284dd0515b8fba76357d277e3ed27da83bcee542c715bb736dc6db8daea797ce9e1d653b098367036e07dc0f7ca8b869f0e2e3ac2f244f80a0f0f70197033e8639fd7ebff74a7fdd2c7f790af47c9fd3d77f84be3e332bf91ebbe71ca1168e0498af1262cc4a644f1c3c7ca1c6f2871bcabf8fc991ff75c8fdd73ff87b307fe502443e08d36818fb40718a41c62d074c100000033333333333333333332eeec000000134d34d34d6db6db6db6db34d34dbefbef6db6efbefb80f82325
5497:0 1094 0 48 d3002a446001791158e200248000002000000000200101007566330cb61a0c343e0c1df837ebe0f765dd8aaaa884b556
5497:0 1124 0 131 d3007d46400179107e2000248000062008040000200001017fff4a4a524d4883d24dcdc4d641ce03f507363c0477f0f01f845f6b7e17fc96fe2bf26f525e98dd4fc0449d811a580448603c21e0f0b403c21bfd5d77f7b8bfd5ac7fd211ff92d7fd07fec4d4fb7851ec489d555555555555550000df7dedb6daaaaadb6ddf7dc0e2b66a
5636:0 1005 0 25 d300133ed00103c2293629c3348b69d299092b9418da008a6a
5636:0 1033 0 32 d3001a40900100000530303030300007504e545052465405303030303037f85e
5636:0 1230 0 14 d300084ce0010a00000000464ff4
5636:0 1074 0 224 d300da4320017911a7000024e020006980000000204101007e7ffff7a7a82423a722232284bd2d27ba7a075b49d31b7b345668e0d9ae203c097d19f9a1f343e6027d90f211e6a3d140ef01a8036006ba6f4cd029a1436106308b741708f887eb9bd847ac40f4ac43e7a80f9ecc3ec0cf2dd47cd5a0fb116fee48efbe443f232d11eb804b95712e5684c6ec0335340fe2103f884108531131f849bfe1270184adea0e7a703e3460f4f8802108015df40578101915c0000033333333333333333332eeec000000134d34d34d6db6db6db6db34d34dbefbef6db6efbefb80fef896
5704:0 1005 0 25 d300133ed00103c2293629c3348b69d299092b9418da008a6a
5704:0 1033 0 32 d3001a40900100000530303030300007504e545052465405303030303037f85e
5704:0 1230 0 14 d300084ce0010a00000000464ff4
5704:0 1094 0 48 d3002a4460017911f5220024800000200000000020010100756644f709eea3dd61e0c7878a941e4205dd8aaaa8cc5a9a
5704:0 1124 0 131 d3007d46400179111a6000248000062008040000200001017fff4a4a524d488192ed79d2d5024904ec0925a097410e82527d655d89fc7176e7ebc5efff77f300042054060157f8053ee7a0af5e82ea7a0af015268856dd01523dfd0a25f47327d089201f0500e11201eba5dddddddddddddd8000df7dedb6daaaaadb6ddf7dc0751d08
5905:0 1005 0 25 d300133ed00103c2293629c3348b69d299092b9418da008a6a
5905:0 1033 0 32 d3001a40900100000530303030300007504e545052465405303030303037f85e
5905:0 1230 0 14 d300084ce0010a00000000464ff4
5905:0 1074 0 224 d300da432001791291620024e020006980000000204101007e7ffff7a7a82423a7222322849d9d5dbf75675321d58a02116622fc4de9a8031901f7835d06ba0cef9b572d965dacbf5b42764eecadd9546908c3a188232ec09d804e00bc373068ecd2e9a19068ea81b8a106e2b01bd050f1bc03e53f04ccd415368059fac19207f5a3bbda765f69da3db4faf7dbc7e27c6f89f1be31f8106940469d111a76047bbc03546c119c504298440bb11108984422a113c0400000333333333333333333300000000000134d34d34d6db6db55555534d34dbefbef6db6efbefb8057e9cc
5905:0 1094 0 48 d3002a44600179129162002480000020000000002001010075665cf061e163c2e1d38587558a1d6de6660aaaa88dc041
5905:0 1124 0 131 d3007d4640017911b6a000248000062008040000200001017fff4a4a524d487f537d29e0d3c361071b0d840b1016002c4d903b82f646e7cfd49d9f50bdd96fd2fdc0770401e3f0076ec00b2ae02cd800b2abedbc4fb9341edb997aa077eacc77a9ee619bd086d44019b85ddddddddddddddd8000df7dedb6daaaaadb6ddf7dc0a8aa02
6081:0 1005 0 25 d300133ed00103c2293629c3348b69d299092b9418da008a6a
6081:0 1033 0 32 d3001a40900100000530303030300007504e545052465405303030303037f85e
6081:0 1230 0 14 d300084ce0010a00000000464ff4
6081:0 1074 0 224 d300da4320017912df820024e020006980000000204101007e7ffff7a7a82423a7222322849dc56fc0f3c75313d6f01add95bb5f7ea18bc2e083d347140e281bcdab174d169cbd3d441687f70ffd1ff615681c5839a091c45287b88f90228c3fa88058fc7f99a53e7b8bf9ee5be7fef0e39c83acc1088410241370956e427fd6f79bcfe256af895b7e32ff098420291dd0a477429c0e05f5241ccca0733441deb50abed82f45f0b93f02c1760bdfac2f7ef0c131800000333333333333333333322220000000134d34d34d6db6db55555534d34dbefbef6db6efbefb8027729c
6081:0 1094 0 48 d3002a4460017912df820024800000200000000020010100756668f2b9e603cc41d82a07681c1db826660aaaa85497a2
6081:0 1124 0 131 d3007d464001791204c000248000062008040000200001017fff4a4a524d487e53ccfde7d37428e8aad0a5c28f85070a332206a70c8f6392cc238e5c23803b30949e8ff4fa47ade8fdd7c2a7df0acc7c2a781a4b786b6fe1a48af99097e68c5f98f0c06720820172066d45dddddddddddddd8000df7dedb6daaaaadb6ddf7dc07bc44b
6286:0 1005 0 25 d300133ed00103c2293629c3348b69d299092b9418da008a6a
6286:0 1033 0 32 d3001a40900100000530303030300007504e545052465405303030303037f85e
6286:0 1230 0 14 d300084ce0010a00000000464ff4
6286:0 1074 0 224 d300da43200179132da20024e020006980000000204101007e7ffff7a7a82423a7222322847ded81c272475307d796d12b045638b4597562b3e5cd0b07960f2b9bbdc3726ee75dd2bcf1b9ad736ae6d1c3af78e6f2be03f825ef5ededd0e7c178430105be0cf5dc3526e0d49e4356d20d87003800f0c779833e190d4a6c37cb8f9f123ebabffaeb0bec854fb3a77eff72fbfdcbf09a4fbbdb3f3eecfcfbcff50d8f264f3cdde6f33a081805e06db4c1b6d7070eb800000333333333333333333326664000000134d34d34d6db6db55555534d34dbefbef6db6efbefb80e1ded2
6286:0 1094 0 48 d3002a44600179132da20024800000200000000020010100756674f8c9f233e481e44c8798a61e7a56660aaaa8e59a49
6286:0 1124 0 131 d3007d464001791252e000248000062008040000200001017fff4a4a524d487d140cd5edd2c5170a87145c7b7cf6e1edf0bb61d9c2f49faa44507ebf8d870f3e3ca0adbe02bed20ada607b9a21ee9587b99e0716c01e9d00713f08967a22a3e8894f1f3b2afd519bf3ade5dddddddddddddd8000df7dedb6daaaaadb6ddf7dc0a8d1b9
6493:0 1005 0 25 d300133ed00103c2293629c3348b69d299092b9418da008a6a
6493:0 1033 0 32 d3001a40900100000530303030300007504e545052465405303030303037f85e
6493:0 1230 0 14 d300084ce0010a00000000464ff4
6493:0 1074 0 224 d300da43200179137bc20024e020006980000000204101007e7ffff7a7a82423a7222322847e1593c3f0a74af9d8fe28f9b3f397ef1165029307e4cf379e6f3c59d3579d973dbe7f65d3cb7196f32de273d4d939b363855c16b740eea0fafdf087e21fbff00a16803d5100f570041b50d03a035f3710a76044a0a117a34488a9fca3ebf6770fd9dd3f75060cfed83708a0dc22837abc11c2f44c03d1301144d229fa46cbed65cfb1be00486201fb6007edb022ec800000333333333333333333326664000000134d34d34d6db6db55555534d34dbefbef6db6efbefb80467877
6493:0 1094 0 48 d3002a44600179137bc20024800000200000000020010100756687029e05dc0bddf7f477e745dfb4c6660aaaa87e4542
6493:0 1124 0 131 d3007d4640017912a10000248000062008040000200001017fff4a4a524d487c145cadf4d2362cecb2d8b435ec6bc0d7be5b5d19b9741c1f3d3c7090fbd9ebe3f61ed0737b49a7ed05b03608a0d84f036087f415afd298bf412d87b3c61f19187b23c217da88c4582178dddddddddddddddd8000df7dedb6daaaaadb6ddf7dc006751f
6683:0 1005 0 25 d300133ed00103c2293629c3348b69d299092b9418da008a6a
6683:0 1033 0 32 d3001a40900100000530303030300007504e545052465405303030303037f85e
6683:0 1230 0 14 d300084ce0010a00000000464ff4
6683:0 1074 0 224 d300da432001791418000024e020006980000000204101007e7ffff7a7a82423a7222322845e65b9c6ed874addda8eb81ad235d8739155f2751c6f384bf097e0aa074005700d601f27ad4f251e5a3cafd9d7a53f4b5eb50451c7b70f8cd5b1a5f74cf695908e8d824f1f093c8c2538a0c8b2034113f9bbbbe8f21fa8e8fecdc003201c10665041994113e410b06445cd811736046703fe8367ff064ffc1a0002570abd582f3fc0b927fdf3ddf8a95be2a56f8dcc26666673333333333333333332aaa8000000134d34d34d6db6db55555534d34dbefbef6db6efbefb808229c0
6867:0 1005 0 25 d300133ed00103c2293629c3348b69d299092b9418da008a6a
6867:0 1033 0 32 d3001a40900100000530303030300007504e545052465405303030303037f85e
6867:0 1230 0 14 d300084ce0010a00000000464ff4
6867:0 1094 0 48 d3002a4460017914b44200248000002000000000200101007566b74f6e9f7d3f1e918b7a4da1e94e3e660aaaa8d298f1
6867:0 1124 0 131 d3007d4640017913d98000248000062008040000200001017fff4a4a524d4877958c0a10cffc0df875f0382e785cd8b9ed1b3a993473119c28344684e081b533889f8c977e3a37f8c7f82e9560ba8202e953ea1427aa929ea1158512f61495d85116c1e12807e9901e0db6666666666666660000df7dedb6daaaaadb6ddf7dc09be69e
7254:0 1005 0 25 d300133ed00103c2293629c3348b69d299092b9418da008a6a
7254:0 1033 0 32 d3001a40900100000530303030300007504e545052465405303030303037f85e
7254:0 1230 0 14 d300084ce0010a00000000464ff4
7254:0 1094 0 48 d3002a44600179159ea200248000002000000000200101007566dbb05f615ec2ff53467d5459f568fe660aaaa891c15a
7254:0 1124 0 131 d3007d4640017914c3e000248000062008040000200001017fff4a4a524d4874566b8e25ce7215e485c8587874f0d1e1de6f1d4139c30d8d2016364b7976e71dec5e4d98793e3be4d8007891e1e27407891bf4b3a7d5109f4b0d040f3e1086f840db5f13047cb0fff12b76666666666666660000df7dedb6daaaaadb6ddf7dc021ae93
7621:0 1005 0 25 d300133ed00103c2293629c3348b69d299092b9418da008a6a
7621:0 1033 0 32 d3001a40900100000530303030300007504e545052465405303030303037f85e
7621:0 1230 0 14 d300084ce0010a00000000464ff4
7621:0 1094 0 151 d300914460017915ecc20024a184002200000000200101007fffea6a2a0b0acaa3620f484d8dca7385230a4e14df741ef87ded15e52b5256886a30e351c93ec17d887b1117c230e461c78b141e3c15f8f801fa506feafcbfad46058e70149ec85142a09baf81852205fa7fe8ba9fa4bc7e98ce0c9d0835d3a0d8b4000000000000666000000016db6db6db6db6d55555555555547c3f0a
7621:0 1124 0 131 d3007d4640017915120000248000062008040000200001017fff4a4a524d487316bb662ccdc4680929119e3ec47d70fb1c42b8e871120cee1edc33cf0a6e090c302097de02675a097c603ee120fbb183ee0fe350cf8f853e34e303e7820fe7b83e5f3e34f47938b9e34a7e666666666666660000df7dedb6daaaaadb6ddf7dc0528cb9
7962:0 1005 0 25 d300133ed00103c2293629c3348b69d299092b9418da008a6a
7962:0 1033 0 32 d3001a40900100000530303030300007504e545052465405303030303037f85e
7962:0 1230 0 14 d300084ce0010a00000000464ff4
7962:0 1094 0 151 d3009144600179163ae00024a184002200000000200101007fffea6a2a0b0acaa3520749ceade2627060e0c1c1c13dc28b8513f75fee45dc70bac184630b401d80400082ce6b9e373c60765201e90d87abe0089dc8243240921c7dece1f6188fd729a13cc204096c100ba7fe7d5ffbc77ff4fbe7f0efa3233e8df2444444444444666444000016db6db6db6db6d55555555555540791c9
8454:0 1005 0 25 d300133ed00103c2293629c3348b69d299092b9418da008a6a
8454:0 1033 0 32 d3001a40900100000530303030300007504e545052465405303030303037f85e
8454:0 1230 0 14 d300084ce0010a00000000464ff4
8454:0 1074 0 224 d300da432001791689020024e020006980000000204101007e7ffff7a7a82423a7222322841fae4bd361273a73e269d9d10ba24b4c7603dbd0e34745fc0bf8176c4b488d611d523ea02b40190043007bbd7b6c66d9add199e672dbe5d5d75fa9435396a2af68017db581f6d607dba05f1f973c9c94076c8c1fb5e083f80239ff0ba56c3281a0ca074335b301c5d00a43b0290ec0aed6fafeeff0fd9fc3f67f21ecf5f0ffdc1cef6c9d7e1014f91c07e4705f94ffaeeeeef7777777400037777776eeec000000134d34d34d6db6db555555555555befbef6db6efbefb80a7561c
8454:0 1094 0 151 d30091446001791689000024a184002200000000200101007fffea6a2a0b0acaa349ff4acfedfa505d98bb3176b30a4624cc4618fa317a62db0c3e276c5141978334066a05820c6418c0638be19df4867f7c1702705dc4e1786686539217b3505d94dddfbdf6955dda3b60161da05a48816f00037cd81152e046b14ccccccccccceeeccc800016db6db6db6db6d5555555555554133c1b
8763:0 1005 0 25 d300133ed00103c2293629c3348b69d299092b9418da008a6a
8763:0 1033 0 32 d3001a40900100000530303030300007504e545052465405303030303037f85e
8763:0 1230 0 14 d300084ce0010a00000000464ff4
8763:0 1074 0 224 d300da4320017916d7220024e020006980000000204101007e7ffff7a7a82423a722232283ffd65dd55fa73a65e3180c2d705b14be0e33dc30e6a8ccbf997f327980e2f89df3bbeb795cf27c6508ca058276f655ed8bf95f1fbd4efabaca2b8ed71ebe3900d999837be30def8c38067f37973cfc950e2fd03ac2f0f02c43ead0f258a7cd4e8f353b3ce281f428abd3cf0f4f3c3d478bf39e1bd37a4f4de93d49b70063a805e78013c7fd3cbaf5ce9fd73abf60292eeeeef77777776222377777773330000000134d34d34d6db6db555555555555befbef6db6efbefb80c47643
8763:0 1094 0 151 d300914460017916d7200024a184002200000000200101007fffea6a2a0b0acaa341f94c510e123e4ccc99a1338cd9d9c3b3847ab5f4f3e9cb5eaecc4d9b032f46640cc93d0a7b74f6e052c0a15ac78572c9e57e2797b3be6021fec285f96f1fe483fe849f7928e3e489782f9c00c0418306e61f40d08062c202f0cccccccccccceeeccc800016db6db6db6db6d5555555555554214fe5
9087:0 1005 0 25 d300133ed00103c2293629c3348b69d299092b9418da008a6a
9087:0 1033 0 32 d3001a40900100000530303030300007504e545052465405303030303037f85e
9087:0 1230 0 14 d300084ce0010a00000000464ff4
9087:0 1074 0 224 d300da432001791773620024e020006980000000204101007e7ffff7a7a8a423a722232283e02683d85c87324be4f650e9f9d42bb02ea54d13ddc5baf8f5f1eb5ff4cfe06fc36f8adbd6376e6eedddce121015882bf07639ec32e7e5ec31765d70bbe9736fcbbdbf4472fd11cbf48f6f704dbddf6efc6947f3a8bfd3c3bf792c00d5ec0743a01d0f4081d3f91aefe7982f9e60be841d0591941b48206d2081c695f5fcb3dc4baf6d5843b1880fa1d43e8780fd5caeeeeef77777776666777777773330000000134d34d34d6db6db555555555555befbef6db6efbefb80828909
9087:0 1094 0 151 d30091446001791773620024a184002200000000200101007fffea6a2a0b0acaa331e94ed34e421c31286258c4f0816112c222fe90fca9f93406681bb039e6b8cd771aef2d6c5c38b868371d80ec3b03b89602bb080ca74033f07fb933fd49d7f3eebfd4157e66b9f980d0683201a29a0690461771e06127018601d555555555556eed55000016db6db6db6db6d5555555555554e58bb0
9087:0 1124 0 131 d3007d464001791698a000248000062008040000200001017fff4a4a524d486d983a964fcb025505010952348068e8d211c5e3ec871f0f3d237c3d0b201e344c86e055e4016008055cb0349f00d2a98349ec0f80804065e0f7db047b36123638479a5e60a479e7f7e60566666666666666660000df7dedb6daaaaadb6ddf7dc07340c8
9357:0 1005 0 25 d300133ed00103c2293629c3348b69d299092b9418da008a6a
9357:0 1033 0 32 d3001a40900100000530303030300007504e545052465405303030303037f85e
9357:0 1230 0 14 d300084ce0010a00000000464ff4
9357:0 1074 0 224 d300da43200179180fa20024e020006980000000204101007e7ffff7a7a8a423a722232283c076a7db5967322fe697122b7c5730b63f2dde24e5598a20944127fc7454df79c183871e6d3c9c7949f287a93743de889d2f6530497012fd1b0e30a06248c020d1ce035cb50d72d436139fb4947ef08a0b90ec304760c63e43431710c6e44707811c1ec47e11fe48effc501ff1407fcf9cf87673e6dbaf9b6ebe7fcc0c8548366e00d5e1c24b090a07d4281f90a3bcf33333377777776aaab77777773330000000134d34d34d6db6db555555555555befbef6db6efbefb804f870b
9357:0 1094 0 151 d3009144600179180fa20024a184002200000000200101007fffea6a2a0b0acaa321db51558e79fa1d743ae8762c34b87970ef02ef05660ab0b1e972b2e7fab9b5786af11f90408081002367e09d64827d3fe054d7830e7e0d8c80d0f001a8c8056a812b1203c2ac0ef0a7a83cdea2c4fa90f0108460457121172a5dddddddddddeeeddd800016db6db6db6db6d55555555555547a7c01
9357:0 1124 0 131 d3007d464001791734e000248000062008040000200001017fff4a4a524d486b58da465dc9c8fe925423fbd467a8b7519dc27be5f71112b12a624ad87a48e8a1efa12b1884b4da12afffd4803f522e7d47ffef651fbff85ef62485583215aa28556a01150b04b992114bdeeeeeeeeeeeeeee8000df7dedb6daaaaadb6ddf7dc036e52d
9556:0 1005 0 25 d300133ed00103c2293629c3348b69d299092b9418da008a6a
9556:0 1033 0 32 d3001a40900100000530303030300007504e545052465405303030303037f85e
9556:0 1230 0 14 d300084ce0010a00000000464ff4
9556:0 1074 0 224 d300da43200179185dc20024e020006980000000204101007e7ffff7a7a8a423a722232283c09ebbdd57c72a23e788620e1c1c7040bf7acebed950320de41bc7b3b87367bed1fda7e7c3cf499ea43d3c779ce0a1c233a2baffb50e6a3910b61bf038e86d605c4e8186b7061adc18b3bfdb10bf8a7af37dfbcffb9f450f3d3e5af94ac3e916efa45cbe9f0810f68c4706911c1a447b041243544e0f21383c84f305f8236be4e68f8fc3c1a58f0771ec1dc7f07a5e333333377777776aaab77777773330000000134d34d34d6db6db555555555555befbef6db6efbefb80b436bf
9556:0 1094 0 151 d3009144600179185dc20024a184002200000000200101007fffea6a2a0b0acaa319d352d6ce91ea16942d285a9e129c3578676550ca299437090e210c449ce6b9d273a6d94fb3fb67f01c86a081df820f2bef4477beccfefc86f96937e409e78eef1dd95ef67be1d9d56fcb0d1f2e05fcbdf5ed62b7b8ea5ee50eddddddddddddeeeddd800016db6db6db6db6d555555555555457515d
9556:0 1124 0 131 d3007d4640017917830000248000062008040000200001017fff4a4a524d486a592a1a64c97c8ff976f23da68f4d069a33caa7f60f3214f62eec53ec2de04fd0be3f9d33fe7d49f9d1b7a6aa7e9ad77a6aa21fa69080fe21fa3c85e94e17ee985e7bc07c3c82565807bef6eeeeeeeeeeeeee8000df7dedb6daaaaadb6ddf7dc0ad81d3
9866:0 1005 0 25 d300133ed00103c2293629c3348b69d299092b9418da008a6a
9866:0 1033 0 32 d3001a40900100000530303030300007504e545052465405303030303037f85e
9866:0 1230 0 14 d300084ce0010a00000000464ff4
9866:0 1074 0 224 d300da4320017918abe20024e020006980000000204101007e7ffff7a7a8a423a722232283c0c6cdded6472a15e8fa52f1fde42fd03fcd8f645d647a36746ce853ff7bf5c7ee1fe021224206841e083047e48139035224e0ec80e801ed06f2086411d81f4febc9ffc4a4ff1293fc9280046f002ff5fba66ff09d6fc7967f4877022b780c99c0326800d73603b36811fa0047e8012a3b0c4c7c3633d0d8cf43755003fd60144e604d634109440500c0140340534bb33333377777776eeef77777773330000000134d34d34d6db6db555555555555befbef6db6efbefb80c82e03
9866:0 1094 0 151 d300914460017918abe20024a184002200000000200101007fffea6a2a0b0acaa311cb53d7eea9d811a8235046eff35ff6bfea07d20f2c1e3f614ed1ada5ff31fe697cd413742840507817a5e06e6981c159fe4c37faee1fed0c0209c4068c1818f7fe8943f93aabe4d03fefb4ffc094ff08280a7c802d5a00b6d25dddddddddddeeeddd800016db6db6db6db6d555555555555448a36a
9866:0 1124 0 131 d3007d4640017917d12000248000062008040000200001017fff4a4a524d48695969f26bc8f04860e7c1207a34f451e8d1d96413876d1796342c5e6fe5d7bfbf9dde144df859b1e143487a5081e96f07a502101ce042d76101a186916a1a8f1068fdbfec128015affebc4eeeeeeeeeeeeeee8000df7dedb6daaaaadb6ddf7dc03c1991
10053:0 1005 0 25 d300133ed00103c2293629c3348b69d299092b9418da008a6a
10053:0 1033 0 32 d3001a40900100000530303030300007504e545052465405303030303037f85e
10053:0 1230 0 14 d300084ce0010a00000000464ff4
10053:0 1074 0 224 d300da432001791948220024e020006980000000204101007e7ffff7a7a8a423a722232283c116f1e2532729fbeae00ebd777b22fe188440d1c5e58b3916722c5f96372346490c9603f5c7ae0f6c1ecdee1fcdaf9c3f56bd20795072bdf523e4c7ca9f90cf19b0bc7c3ff1f0ffc80c305fd1019d7c0ca95834a910d7c4c38932f50337d7f8bf5fe3fd8d25095ab4289740a25d02940f011378094fc0253f00a70ffc650ff5ed1fd3de3fec39008c940232900c08b33333377777776eeef77777773330000000134d34d34d6db6db555555555555befbef6db6efbefb808842da
10053:0 1094 0 151 d30091446001791948220024a184002200000000200101007fffea6a2a0b0acaa301bb565a2ed9b60dd41ba03783bdc78b8f138d3a19fc33dc1438379071a420c8471090092613a0274013cfa05f108183f41c9ff0743d01d2480363b80bf3e02e971fef2d7ed253fb2ed03ea5e0fc5883f7380554f818bc006459ddddddddddddeeeddd800016db6db6db6db6d5555555555554eb9d44
10053:0 1124 0 131 d3007d46400179186d6000248000062008040000200001017fff4a4a524d48671a09a279c7f83270bbe0c825f44bc897de0afc76b8331deb40d677c362a6b95d911f1185fc4e91f116d0260fe0986d0260fbf1a86fc9059f1a5a0826a220e3e882511ee5b7fbfc45ee56a6eeeeeeeeeeeeee8000df7dedb6daaaaadb6ddf7dc0fb205a
10224:0 1005 0 25 d300133ed00103c2293629c3348b69d299092b9418da008a6a
10224:0 1033 0 32 d3001a40900100000530303030300007504e545052465405303030303037f85e
10224:0 1230 0 14 d300084ce0010a00000000464ff4
10224:0 1094 0 151 d300914460017919e4620024a184002200000000200101007fffea6a2a0b0acaa2f1ad58dc6f119411ec23d047ff93ff37fe6c132625d44b8ccae1a4d34c5986f313e628009e0294052017e8606f7381c581fb5097eeff9fbd5204dece11e0404648815c7484877012034f95065e55da795d3e01114807ad20201eddddddddddddeeeddd800016db6db6db6db6d5555555555554fc163e
10224:0 1124 0 131 d3007d464001791909a000248000062008040000200001017fff4a4a524d4864daa94e88c680bc81d002f1d7a3af2f5e8256e50e896365afd06196d0f0c9d5a3c9a022d20093c2022b9fd7be9f5f27fd7be41408505285214058fa17bbe8a857a162a20200886d68201b36eeeeeeeeeeeeee8000df7dedb6daaaaadb6ddf7dc0fa0ef8
10436:0 1005 0 25 d300133ed00103c2293629c3348b69d299092b9418da008a6a
10436:0 1033 0 32 d3001a40900100000530303030300007504e545052465405303030303037f85e
10436:0 1230 0 14 d300084ce0010a00000000464ff4
10436:0 1074 0 224 d300da432001791a32820024e020006980000000204101007e7ffff7a7a8a423a722232283a18f29e74e8721d3edfd55f803f03be851c1a34c8385c6790cf219618e1b1306289c55206d409d014b028a758cdc81b9f392004f3fad7f77deb9b7f770fedd7003e34025090094240298d0fe7cc4182c07e9b821aa908bcb02594af3ff6fd3e99f4fa77d4c330249d80c53d0314f40cfd81201244d0661341984e27902c25c0f625039b33e85b3faf27febca3fb267733333377777776eeef77777773330000000134d34d34d6db6db555555555555befbef6db6efbefb80488fbe
10436:0 1124 0 110 d30068464001791957c000248000060008040000200001017ffa52526a431ed7d1f8c6a79d59fa9e76566ca9d95ba86f64e6a202f925c24bfefacc6deb5527acc07ecb387b2d8fecb377b327bed1307b30ea19d3406da7e19ce66eeeeeeeeeee8006fbef6db6db6dbbefb8aad773
10679:0 1005 0 25 d300133ed00103c2293629c3348b69d299092b9418da008a6a
10679:0 1033 0 32 d3001a40900100000530303030300007504e545052465405303030303037f85e
10679:0 1230 0 14 d300084ce0010a00000000464ff4
10679:0 1074 0 224 d300da432001791acec20024e020006980000000204101007e7ffff7a7a8a423a722232283a1e74fea4b6721b9efe94bcfefa0134806b1ed2d1d2f79cc7398e6ac41d47a80f781f3038ec6e00dd01b942e904e889e015a5daeba6cf4f6d2a99fd740be7cff6391fda3c3f68f0fda847f769bbdf8a7fb3c83eef5bfc0f77f2dfb0a77342dc8c0b723c2ea25088cb8255f50957d4260900921b42988b0a622c2aa9dfd81a7fa5f7fe5a7bdc4b4f7ee87dfba5f8227b33333377777777333377777777774000000134d34d34d6db6db555555555555befbef6db6efbefb80031cee
10679:0 1094 0 151 d30091446001791acec20024a184002200000000200101007fffea6a2a0b0acaa2d9975cdfef596026f44de09c0d6adae5b5c7fd02f98bf2fbe3afd67faf627e85028a07372c6fb0df582cef40c38f0315efea07afa9dbfea8c3ff5595fbbb5fedb4df8e0cfd4dd1f51cc82481a093c80254f61c583074c8e1d48de666666666666eee66000016db6db6db6db6d5555555555554dff600
10679:0 1124 0 110 d300684640017919f40000248000060008040000200001017ffa52526a430cdc53b8a7d71fb8df5c0da91b4f36a5d017b42f40a19983030680ff8a4bfe4c9ff89e41b58e06d6e81b58d7dace7f6fcbfdab560ed6b041b5a0ed1d6eeeeeeeeeee8006fbef6db6db6dbbefb86ff8b3
10896:0 1005 0 25 d300133ed00103c2293629c3348b69d299092b9418da008a6a
10896:0 1033 0 32 d3001a40900100000530303030300007504e545052465405303030303037f85e
10896:0 1230 0 14 d300084ce0010a00000000464ff4
10896:0 1074 0 224 d300da432001791b1ce20024e020006980000000204101007e7ffff7a7a8a423a722232283a20f61ec49e721abf0e034bdc17bbaff4f329e2e623043ce079c0eb5a00f36f6706ce4dd2b7a197442e8780de40d301b4054c48b88261069cd7f95832c0e53af1ade3c80f5f203d7c8579fb6f73efa14053e7016fd70611681ae78f63e1bdce44f73923ddbdefbc5b7f2434fc90d3f2ecf050c1c19325064c941a5380b3b54314630c142bd7205f6a3c7da8f5f6d7bf33333377777777333377777777774000000134d34d34d6db6db555555555555befbef6db6efbefb80f184f5
10896:0 1094 0 151 d30091446001791b1ce20024a184002200000000200101007fffea6a2a0b0acaa2d18f5e610f715031ec63d8c7ff62fed5fda8608dc0a38128431095412d25b70b7416e9f4edeb2fd65837ea80ef7c03c5a3f9c8a7e8dfdfa4d3783875df46df7be2e04ce1804924010a18580c2161f1858d9dfb37fff0481fc28a6666666666666eee66000016db6db6db6db6d555555555555480a04a
10896:0 1124 0 110 d30068464001791a422000248000060008040000200001017ffa52526a4304ded49896765cf779d9499993302667e60fe01f988103c1d784297a076be84117a0704133a084cf321339fff0c69fc7ac7f0ad80a28282efb80a234eeeeeeeeeeee8006fbef6db6db6dbbefb8140b8f
11164:0 1005 0 25 d300133ed00103c2293629c3348b69d299092b9418da008a6a
11164:0 1033 0 32 d3001a40900100000530303030300007504e545052465405303030303037f85e
11164:0 1230 0 14 d300084ce0010a00000000464ff4
11164:0 1074 0 224 d300da432001791bb9220024e020006980000000204101007e7ffff7a7a8a423a722232283825f87ef46c72191f28fe41d223a787cc84520539c8ab882f105e1866528c12984d30da07c00ba018502ffd22f95c72c6e77029f044d88b8c4e3844b099e0ec098604276fe09dbf827b820403f811f37f9f307e9cfcfac5ffedb9d0ee1b43f72b0fdcbc404c50267100cc8a0332280d726fd9517fb563fed58ffc77507629421e33083b6bce84df47cebd1f3df4b0df77777777777777333377777777774000000134d34d34d6db6db555555555555befbef6db6efbefb8058ede6
11164:0 1094 0 151 d30091446001791bb9220024a184002200000000200101007fffea6a2a0b0acaa2c17f60e36fa92e4dd89bb137a35be6c7cd8c6808cf979f1704a6186c335c81b908f213f1c7e4e3c9b853d6215f2a85845c1990a067ffc1a153fa1723e6c19799cdbdcff776557bd93b77c4b1bf1487fc57f5f9a4a7e9fa9fa9546666666666666eee66000016db6db6db6db6d555555555555426d22c
11164:0 1124 0 110 d30068464001791ade6000248000060008040000200001017ffa52526a42f2e3d65877c41f92df100209040f08241644408859500c1fe8004a7f3e45fd1c87f3de0041938106fc04192820fce08885820e3e026a98100540265beeeeeeeeeeee8006fbef6db6db6dbbefb82e2553
11455:0 1005 0 25 d300133ed00103c2293629c3348b69d299092b9418da008a6a
11455:0 1033 0 32 d3001a40900100000530303030300007504e545052465405303030303037f85e
11455:0 1230 0 14 d300084ce0010a00000000464ff4
11455:0 1094 0 151 d30091446001791c07420024a184002200000000200101007fffea6a2a0b0acaa2b97961e48fc11c5eccbd917b6d5cdac9b58f8bf717762ed366bedc9dbbc013002c005930e06314c62064c721a2ee86936de997cfa81c7ea1c60312f00ab0c8298a9e9432796667e57f27fdcc5ff8f27fe99e193190682e41a2236666666666666eee66000016db6db6db6db6d5555555555554916ebb
11455:0 1124 0 110 d30068464001791b2c8000248000060008040000200001017ffa52526a42eae6573866727cefb9c9fe887d0dfa2030807500c25faa3f247ec2f9f805e8037f9f79ffd1747f4681fd17303b3a80f17b83b217ff5b9003c93ff56b6eeeeeeeeeee8006fbef6db6db6dbbefb8c57372
11686:0 1005 0 25 d300133ed00103c2293629c3348b69d299092b9418da008a6a
11686:0 1033 0 32 d3001a40900100000530303030300007504e545052465405303030303037f85e
11686:0 1230 0 14 d300084ce0010a00000000464ff4
11686:0 1074 0 224 d300da432001791cf1a20024e020006980000000204101007e7ffff7a7a8a423a7222322838307d1f64087195df676b9eacbd5cfb376ae9d2662a004ad895b123212141b00388075077d8ebd1d8b3b0a7138d3d9a8a36f802eff6cfef63a966fb0e069bc6fcf06ff5197fd465ff561bf74f7fdf218061e181a7c106f1101e662047f1815e85057a2016c1e1069e844d41113504457dc1176dc4add512b7544bfe80281ec0e60a035ac44438f11e9f047a7f121de777777777777777333377777777774000000134d34d34d6db6db555555555555befbef6db6efbefb800b7836
11686:0 1094 0 151 d30091446001791cf1a20024a184002200000000200101007fffea6a2a0b0acaa2a96165e7f010eb9d873b06764370c6f10ddf788cf0a1e124929134726b9b7a36faedf6f0dde30bc60fa386be9df57a7f8a1a3a486aaa81ac00fe3843f74617dbdfa0eb4382c1de0aec9fb42e1ed2677b4f6bf935ffe847dfa28d6666666666666eee66000016db6db6db6db6d555555555555401cae5
11686:0 1124 0 110 d30068464001791c16e000248000060008040000200001017ffa52526a42d0edd9f8369c3d431a70b5226a41d48987c323861f5eec7da8fbcbfa9ec7ea9e8fa9e61ea4b37a937dea4b2792797e4e77f92607f96d97ec113f968b6eeeeeeeeeee8006fbef6db6db6dbbefb80b9068
11845:0 1005 0 25 d300133ed00103c2293629c3348b69d299092b9418da008a6a
11845:0 1033 0 32 d3001a40900100000530303030300007504e545052465405303030303037f85e
11845:0 1230 0 14 d300084ce0010a00000000464ff4
11845:0 1094 0 151 d30091446001791d3fc20024a184002200000000200101007fffea6a2a0b0acaa2a15b66e91028d9b6736cdeda1d7d5b0ab6119d01398872f8f85a000402bf827f0b7e1631c864e0c9bfbc623f014d7c0cddea9f1fac3cfeb24b8755681bbaa86db201b6ca05efea17a4aff4b2bfd479ff57bc19a9986a13a1a9bce666666666666eee66000016db6db6db6db6d55555555555544052a5
11845:0 1124 0 110 d30068464001791c650000248000060008040000200001017ffa52526a42c6f05ad8215ee2c8857bf25f64bbc97da7bb636e9f1ecfdd6f7b5885a99416c9685a929e4c4d7931e5e4c4c7b26cbece42fb2533f888b7e87ebf88416eeeeeeeeeee8006fbef6db6db6dbbefb803256c
12104:0 1005 0 25 d300133ed00103c2293629c3348b69d299092b9418da008a6a
12104:0 1033 0 32 d3001a40900100000530303030300007504e545052465405303030303037f85e
12104:0 1230 0 14 d300084ce0010a00000000464ff4
12104:0 1094 0 151 d30091446001791ddc020024a184002200000000200101007fffea6a2a0b0acaa2914b69eb7058b7ee2fdc57b9019f234e4699664ecc23982bc6579bff3a87eb0fdc9fb934f86b40d67ff41e9fe03f7f88a20bae28307900c33c79a893e5074f92e4bf52b1fc5f87f163187b3ea1eea987c07c1b41987073c1c33d6666666666666eee66000016db6db6db6db6d5555555555554a8d59d
12104:0 1124 0 110 d30068464001791d014000248000060008040000200001017ffa52526a42b6f4dc9806f38df1dbce4d679acb359febcfeb97af6eca9d64bb43fbfc11f0135fbfba41ad5986b6161ad58ff6805fde917f666ff85dffe7d3bf85956eeeeeeeeeee8006fbef6db6db6dbbefb8ac080c
12454:0 1005 0 25 d300133ed00103c2293629c3348b69d299092b9418da008a6a
12454:0 1033 0 32 d3001a40900100000530303030300007504e545052465405303030303037f85e
12454:0 1230 0 14 d300084ce0010a00000000464ff4
12454:0 1094 0 151 d30091446001791e2a220024a184002200000000200101007fffea6a2a0b0acaa289436aec9078a60d081a083463b487790eee0b2615d22b8c2e986c80dbbc4bf89e713cf741efcfdf9012f8005ba501763a1c58d07323c1cde702dea609dfa026460023467fa1d9fe6c6fc1497f06d57c2129fc653ff5023fd576eeeeeeeeeeeeeeeeee800016db6db6db6db6d5555555555554472d8b
12454:0 1124 0 110 d30068464001791d4f6000248000060008040000200001017ffa52526a42acf75d77f1c57395a7160b3296622cca0ff033e0400ee1dd937ba08743d61d32707436a166c7059bcc166c601aa8406f3101a8edf9184feabcff913a6eeeeeeeeeee8006fbef6db6db6dbbefb8542fd5
12814:0 1005 0 25 d300133ed00103c2293629c3348b69d299092b9418da008a6a
12814:0 1033 0 32 d3001a40900100000530303030300007504e545052465405303030303037f85e
12814:0 1230 0 14 d300084ce0010a00000000464ff4
12814:0 1094 0 151 d30091446001791e78420024a184002200000000200101007fffea6a2a0b0acaa2813d6c6db090942ddc5bb8b7cdccdba9b74f7020dfc7bf7097c13ed28040ca019a833539fc7544ea8033cee0df008383abed1ad7b62bdeda077c1d13eed957ba2cc0f59582eb160b9158092d802665809f6a1dc3487a7a81eb586eeeeeeeeeeef776ee800016db6db6db6db6d5555555555554103bc0
12814:0 1124 0 110 d30068464001791d9d8000248000060008040000200001017ffa52526a42a4f9de57e09c8143c272492d925824b635847f00d65f0a7de4bc4302a00a0aa34029f9e12624849940126238403aa1057a840213fa5d57efd11fa58aeeeeeeeeeeee8006fbef6db6db6dbbefb8341132
13145:0 1005 0 25 d300133ed00103c2293629c3348b69d299092b9418da008a6a
13145:0 1033 0 32 d3001a40900100000530303030300007504e545052465405303030303037f85e
13145:0 1230 0 14 d300084ce0010a00000000464ff4
13145:0 1094 0 151 d30091446001791ec6620024a184002200000000200101007fffea6a2a0b0acaa279356d6ef0a88450b0a159431fe81fe03fbc153b29fc53df01ce12ec284565cad195a4fd2ffbabf74856a1e16a4c85b0d9fdf45ff991ffe79f8563d613f4604e98fdc99ff63b3fd8d20052e8814d51853b1bff5bf800dd2004e2eeeeeeeeeeeef776ee800016db6db6db6db6d55555555555545c1dc5
13145:0 1124 0 110 d30068464001791deba000248000060008040000200001017ffa52526a429cfc5f37d778aefc1de2c7580ead1d605c80ccf9724f445e587d2afe1095f86567e10260eb7103ae740eb700673541a1650671bdfc2c9ff70e3fc27feeeeeeeeeeee8006fbef6db6db6dbbefb830e497
13583:0 1005 0 25 d300133ed00103c2293629c3348b69d299092b9418da008a6a
13583:0 1033 0 32 d3001a40900100000530303030300007504e545052465405303030303037f85e
13583:0 1230 0 14 d300084ce0010a00000000464ff4
13583:0 1094 0 151 d30091446001791f62a20024a184002200000000200101007fffea6a2a0b0acaa271276ff130e0639c53389e718c27385e70b89fd53f307e4bd867c01f82def5bdf1fbe404f00b30165fa23f9e98c37a6ab3dfeda781771e0734080a681e8ea079021f76dc7cf031f3a5c7ebe77fb14d7ecb08033d681062e042f9eeeeeeeeeeeef776ee800016db6db6db6db6d5555555555554462203
13583:0 1124 0 110 d30068464001791e87e000248000060008040000200001017ffa52526a428b016117b140328b4501043b887310efaeaf7156baffec1fa7ffca052ef814def852e8c087da022016087d97b962feea1bfb9498016ae00c07401663eeeeeeeeeeee8006fbef6db6db6dbbefb8beb73a
13917:0 1005 0 25 d300133ed00103c2293629c3348b69d299092b9418da008a6a
13917:0 1033 0 32 d3001a40900100000530303030300007504e545052465405303030303037f85e
13917:0 1230 0 14 d300084ce0010a00000000464ff4
13917:0 1074 0 224 d300da432001791fb0c20024e020006980000000204101007e7ffff7a7a8a4a4272223228384707a0632a718e9ffe554cbad97572f019693319bc3b7dd6fa7dd098bc31d263c0c5d01d3444988970f22105420a8415082ba4a748be926cb27984731264e4f1dd37c673df19d07c654b0c09482f6abf6d0f7db1a4f6c6a3db155f0b983c2d1af0b477c2dd901f51404d5d0172e4025be020b00082c9020b24082caf48f7bd222cf488b3c910ef23137c8c4df232e800000000000000000000000000000000000134d34d34d6db6db555555555555befbef6db6efbefb808999b1
13917:0 1094 0 151 d30091446001791fb0c20024a184002200000000200101007fffea6a2a0b0acaa2691f717250f853c51b8a2f14be4b3ca6794885540a30144444f899413523e9c7da0fb4c9839453289fcb0a5f3bedfcf75ff10d87c5f69f1932016a36040de00eff00500e0054fa0138e83b2a80ee5903bf39e5864799867e6787eeeeeeeeeeeef776ee800016db6db6db6db6d55555555555549067bf
13917:0 1124 0 110 d30068464001791ed60000248000060008040000200001017ffa52526a428303e1f7a02bb06220af02f405e50bd1d9e3c7bf67c059e083818180dcd20396600dc6405ef6017c8605ef57e495bf96e6fe47c204d9d019c3004d52eeeeeeeeeeee8006fbef6db6db6dbbefb87f0e36
14003:0 1005 0 25 d300133ed00103c2293629c3348b69d299092b9418da008a6a
14003:0 1033 0 32 d3001a40900100000530303030300007504e545052465405303030303037f85e
14003:0 1230 0 14 d300084ce0010a00000000464ff4
14003:0 1124 0 131 d3007d464001791f242000248000062008040000200001017fff4a4a524d484f60c61f16bcb8e17217e3860ee81dc03ba312e683cc52819f083e068c36386050df7f27e57ca8b9f27c980efcc03c1380efc81a04f86aa341a01b0112bc0493501112608d42829afc08cf7f777777777777770000df7dedb6daaaaaaaaadf7dc0312685
14124:0 1005 0 25 d300133ed00103c2293629c3348b69d299092b9418da008a6a
14124:0 1033 0 32 d3001a40900100000530303030300007504e545052465405303030303037f85e
14124:0 1230 0 14 d300084ce0010a00000000464ff4
14124:0 1074 0 224 d300da43200179209b200024e020006980000000204101007e7ffff7a7a8a4a4272223230384f0b20b2e0718c002e9b6d471a8df5210391076809b418c830603c639a478e8f391cc004a4137827302d80db41b6836d06da4de09b31374d91db43368febdff40e6fcf38bf3ce3bcf198011d5003bad00809801d8d00764401d3e0675e419c330670d819cf2fee2f7f88d4fe60c3f613501b6e406dc201b70806dc409b6b826bfd09aff7d706ff5aebbd6baef5b06e66666666640002666666666666664000000134d34d34d6db6db555555555555befbef6db6efbefb802ab2a0
14376:0 1005 0 25 d300133ed00103c2293629c3348b69d299092b9418da008a6a
14376:0 1033 0 32 d3001a40900100000530303030300007504e545052465405303030303037f85e
14376:0 1230 0 14 d300084ce0010a00000000464ff4
14376:0 1074 0 224 d300da4320017920e9420024e020006980000000204101007e7ffff7a7a8a4a427222323038518c40d2c8718b403ec68d9d5b3a3679924f24e47c78fe51fb53d25cebba30747de74ba8275a86b54d49c108c21184230847df5fbe377d5deedbfd3803eec6f567a3d49dff5278bd47ec087cd4213990ed95c3b3cd0ecf403b381f917bfe44a9f91297e4565f352ebca4cdf2d09bc7d2b0212180848f02123c08491fbe733ef81efbe07bdcd6af722b7dc8a9f7245aaaaaaaaaaa2222aaaaaaaaaaaaaa8000000134d34d34d6db6db555555555555befbef6db6efbefb800fba89
14376:0 1094 0 151 d300914460017920e9420024a184002200000000200101007fffea6a2a0b0acaa249017676f1680e7c24f839f0def85e007bfd1ca038c67173fff80f8021b8e171c9e394e05bc1ff83f0821a42183488687df67907dba7ff6ff5873d141b59586c2cdfc58ffe2a47f88db78a97de2bfef8b5bff0faffc763ff1f03eeeeeeeeeeeef776ee800016db6db6db6db6d5555555555554bd0f71
14376:0 1124 0 131 d3007d46400179200e8000248000062008040000200001017fff4a4a524d484c21b5a72cbb0065011f0197fd9bfb1ff66f4d1ef83d3ae52ccf5b94c4af995322c4e01861806aa801847ffdac3ff6d17fdabffbd37ff1da3fbd03f9f643e8218f9f4ac17ff70665c817facf777777777777770000df7dedb6daaaaaaaaadf7dc029c9af
14615:0 1005 0 25 d300133ed00103c2293629c3348b69d299092b9418da008a6a
14615:0 1033 0 32 d3001a40900100000530303030300007504e545052465405303030303037f85e
14615:0 1230 0 14 d300084ce0010a00000000464ff4
14615:0 1074 0 224 d300da432001792137620024e020006980000000204101007e7ffff7a7a8a4a427222323038548d80eaae718a604efb9e077c0eb822e168c317f117e787cdcf77266a8d2e1a7933424c38a2a945926a615442a885510aa272c4e501caee551cc9b99cf1f8f7108fdb41af6d07bdb228f0098bbf6c6fd6cbff58a4fd62a3f58580c1598304200c1074304dc07d5601c56b07531019dc902a8e40aa4202a9080aa440e53c4393430e4d0fe33b5f8bbdfe2ef4f8bd86aaaaaaaaaa6666aaaaaaaaaaaaaa8000000134d34d34d6db6db555555555555befbef6db6efbefb804b3022
14615:0 1094 0 151 d30091446001792137620024a184002200000000200101007fffea6a2a0b0aca8248f977f81187fdaee35dbebbc12b026584c782c605140a0c70c8f121e4fe68fcd8f9b1273c4fbc9f77b4d79ee329fb9452080e5821fd60894b80c6b4017fd004c6c0a73101b0ce06a7cfe30c7f8dd17e3d08146ba8552681560e6eeeeeeeeeeef776ee800016db6db6db6db6d5555555555554ff6012
14615:0 1124 0 131 d3007d46400179205ca000248000062008040000200001017fff4a4a524d484b22057f33bab88df170e239facbf587eb3e18dc8ff869f1b9e875c6f8e0b1b553895f1d78fc7f07f1d5f7fadedfeb9bffade9f231f7cb53ff22eafd1971f4ae3fd17d81e22a87ee941e1dff777777777777770000df7dedb6daaaaaaaaadf7dc04bb879
14886:0 1005 0 25 d300133ed00103c2293629c3348b69d299092b9418da008a6a
14886:0 1033 0 32 d3001a40900100000530303030300007504e545052465405303030303037f85e
14886:0 1230 0 14 d300084ce0010a00000000464ff4
14886:0 1074 0 224 d300da432001792185820024e020006980000000204101007e7ffff7a7a8a4a427222323038570ea10a967189a05f3aae859d0afa1af0dbe1fc677cd459a7732a60178088012d00abf0d7ebe7d80f8f61bd837b06f60dec08080f88200ec4bda8fb5b7575f908bfe3226f8c8abe3034f7c2bbde5120c39f830bf40c2fdc30ba8ff6f7ffda98ff6a57fdb54fc690feea57fbe6c3ec2b5037b400ded9037b640dedb00fc8803d7400f5d3ea348fa7a2fe9e87fa7bd2aaaaaaaaaa6666aaaaaaaaaaaaaa8000000134d34d34d6db6db555555555555befbef6db6efbefb80b09125
14886:0 1094 0 151 d30091446001792185820024a184002200000000200101007fffea6a2a0b0aca8240f17979319fede39fc72f8eb360a6d0cd9e690ed1a5a32ce271d473ab840d48219044ee95de73bcd7e991ffb6137edff819bb4068b101a419fa58b3e7c7d79de6a18a80053e0814dcb03d5720f6fc03e1b5f817c7e3d6ff90cfeeeeeeeeeeeef776ee800016db6db6db6db6d555555555555442981a
14886:0 1124 0 131 d3007d4640017920aac000248000062008040000200001017fff4a4a524d484a2255573aba70dfe214c381f97bf2e7e5eceb9a3533b4fe9f0241fa931626203c5f1e27b678a7fbe279c7f98d5fe655ff98d3e8c79fa5aabe8c458052f801946005163e4d05799a01e4cbaf777777777777770000df7dedb6daaaaaaaaadf7dc071d47f
15125:0 1005 0 25 d300133ed00103c2293629c3348b69d299092b9418da008a6a
15125:0 1033 0 32 d3001a40900100000530303030300007504e545052465405303030303037f85e
15125:0 1230 0 14 d300084ce0010a00000000464ff4
15125:0 1074 0 224 d300da4320017921d3a20024e020006980000000204101007e7ffff7a7a8a4a427222323038598fe12a7e7188e06f838f175e2e7c6200a60193dfb7c4cf885eec59f2743e6899cf8195ff36366cacb8a2444488891112239f333dde7caf3d9e9abd3ef93cfb500fec3fafb0ff7ec207ffa847fde75fb411becdbbfb36ffecd70f32567cc813f3203fcc8cff10dfbc1391f08bafbebef0489241225104894412253f3e1abcf6bcf3daf3f1c26fc5da7f1765fc5f4aeeeeeeeeeeaaaaeeeeeeeeeeeeeec000000134d34d34d6db6db555555555555befbef6db6efbefb80808768
15125:0 1094 0 151 d300914460017921d3a20024a184002200000000200101007fffea6a2a0b0aca8238eb7a7a71bfda1a543498699d993b41f6800f781e763cd354f6b96d7579cfb3a5e74c36646e0cdc10204a2090f4024b7deb7f9fafc25ec05f03f3120e3148378cbe6f76f8d1e3e32c279977de677ef9a3be1bff707375c1cf4b6eeeeeeeeeeef776ee800016db6db6db6db6d555555555555405920b
15125:0 1124 0 131 d3007d4640017920f8e000248000062008040000200001017fff4a4a524d4848e2a52b41b9c95a930a256df9a7f337e693c527e84f1b0bde1cbe2f8f4fe693bd4601371484e574136faff9b7dfe7007f9b7a1f944880dd61f91003a2ba0ed3683a125ec087fb6809ec03cf777777777777770000df7dedb6daaaaaaaaadf7dc0a548f8
15376:0 1005 0 25 d300133ed00103c2293629c3348b69d299092b9418da008a6a
15376:0 1033 0 32 d3001a40900100000530303030300007504e545052465405303030303037f85e
15376:0 1230 0 14 d300084ce0010a00000000464ff4
15376:0 1074 0 224 d300da432001792221c20024e020006980000000204101007e7ffff7a7a8a4a4272223230385c110142647188007fd66fbd1f79bef890ca21da59bcb8d97072bc83fb485010bd1fc83bb081910371e622e905d20ba41748383c6ff0e0dfbfbf9eff477d4dfde6a7f699ffda68ff67ad07ba2c1e2ef0a820829df80a77ec29dac0737501cc8e07322c1cd4a05c43c141230541f01198005d288174ab05d2ac174ac0703081bf1406fc53f9e4ffe664bf998efe67eeeeeeeeeeeeaaaaeeeeeeeeeeeeeec000000134d34d34d6db6db555555555555befbef6db6efbefb80790b0e
15376:0 1094 0 151 d30091446001792221c20024a184002200000000200101007fffea6a2a0b0aca8230e37bfb91d7ca5308a6094c6fd4bfb8ff6e7603eb8dd6ffc847a00f42bfaeff64fecafeabfe9bfd2859000173cb85d6dbfd5b97f7325fde1efd95d3f4bc57d1b8bf56177c6c65f1962ff76e9fdf59ff832a002290040220117ceeeeeeeeeeeef776ee800016db6db6db6db6d5555555555554fe0aa4
15376:0 1124 0 131 d3007d4640017921470000248000062008040000200001017fff4a4a524d4847e2f50348b941fe845307fdfb4bf687ed22a5a5a94a9d197637ee65ef8df70fde3e604b9b81379004b81ffb5e5fed99ffb5e01698505ced8169510708d21c6bc87073df3cb17d58aff3c667777777777777770000df7dedb6daaaaaaaaadf7dc002fd24
15666:0 1005 0 25 d300133ed00103c2293629c3348b69d299092b9418da008a6a
15666:0 1033 0 32 d3001a40900100000530303030300007504e545052465405303030303037f85e
15666:0 1230 0 14 d300084ce0010a00000000464ff4
15666:0 1074 0 224 d300da4320017922be020024e020006980000000204101007e7ffff7a7a8a4a42722232303861936182347186609899c1438286c513721be47a532cabb1563287f8977187e32dc4a988ab1b7e373c4de48b8917122e245c6ffcdf69bfb0dfe1df43c8064f04011c0f03a03c0f80ee48f862cfe0d1e09b08c269a709a69c2695bf06f47c1a88f06a23c1b44ef63ebba91ceee203b817a0917ac245f40917d0245f60dfaf437d130df44c0be7e02e6f40b9c002e89aeeeeeeeeeeeeeeeeeeeeeeeeeeeec000000134d34d34d6db6db555555555555befbef6db6efbefb80e69633
15666:0 1094 0 151 d300914460017922be000024a184002200000000200101007fffea6a2a0b0aca8228d57e7dd20fa9ca6f94df29fc5498b8b16d837d06820ce8b1517232e71bc5b7926f24109e22844507d063df515afd4d17e15a4f872e1e1e0880f47a0236f007a341285503b5640eba9fb8dd1ee517fb9a30091bf827e6e0a10feeeeeeeeeeeef776ee800016db6db6db6db6d55555555555547ca38f
15894:0 1005 0 25 d300133ed00103c2293629c3348b69d299092b9418da008a6a
15894:0 1033 0 32 d3001a40900100000530303030300007504e545052465405303030303037f85e
15894:0 1230 0 14 d300084ce0010a00000000464ff4
15894:0 1074 0 224 d300da43200179230c220024e020006980000000204101007e7ffff7a7a8a4a4272223230386414a19a1a7185a0a90a4224a4490897834906d7d29faa9753fe83832a46ad8d7819402ffc6a28d48188a5898b1316262c4c0eac1cc83a817de31b46400b400785441d1440745201cf5200f9b8032d9f99ebbe6532f994cbe64e605951c163fd058ff4164b9044eb80e3d003ccd00bc2e0b13702c4e50b13942c4e601d130072a101ca8415c8d055f30157d00560d6eeeeeeeeeeeeeeeeeeeeeeeeeeeec000000134d34d34d6db6db555555555555befbef6db6efbefb80ba7c1d
15894:0 1124 0 131 d3007d4640017922316000248000062008040000200001017fff4a4a524d4844a3e48b5eb7cce31a1b338e09241238249f70bf3f7dc904550dac11686228b8418f21a82286a9ac1a80880939402505809391fcf0bff64f3fced781c07e074a781bee80e51683fa460e4cc7777777777777770000df7dedb6daaaaaaaaadf7dc09c907f
16114:0 1005 0 25 d300133ed00103c2293629c3348b69d299092b9418da008a6a
16114:0 1033 0 32 d3001a40900100000530303030300007504e545052465405303030303037f85e
16114:0 1230 0 14 d300084ce0010a00000000464ff4
16114:0 1074 0 224 d300da432001792444a20024e020006980000000204101007e7ffff7a7a8a4a42722232303a6e996211b8720280f72f4e6e9cdcf9bf0b721727e25fca1792ff019f417edbfdd4f9f9d2e3afef601e9fbaaa35546aa8d5519c57381e711c5358c63195e1ebf8ad1fe1b3af86cfbe1948050e24137f4fb96bfee332fb8ccbee2e7fdc303f6f76fdbddbf7032f8aaf3dfadef8290bdd33cf55447d551af5546bd551cf385ebcdfcff37f3fc31e1f0b483c2d24f0b62b3333333332eeef333333333333330000000134d34d34d6db6db555555555555befbef6db6efbefb80fb351b
16114:0 1094 0 151 d30091446001792444a20024a184002200000000200101007fffea6a2a0b2aca8208af8483b2975417c02f805f4fc7bf9eff3a877b0e7e1ce306561c3c3b1bff3805700b05b20cac19481db82086ab82225bfcf3c7f593dfd79f81f402063508179bbdd254f65d63d95a97bc77fef3837bd3de03a5c0120e0049ac6eeeeeeeeeeef776ee800016db6db6db6db6d55555555555547b0db0
16114:0 1124 0 131 d3007d464001792369e000248000062008040000200001017fff4a4a524d4840a523e77bb633016657cc06306460b8c1938b6774ce34025809b20977b9af674eed3e6be679b8bde6bcc83079a0c2070307981dc66879a5e1dc32814136054d5813fa1f941b7eb657f93d07777777777777770000df7dedb6daaaaaaaaadf7dc05a8a08
16314:0 1005 0 25 d300133ed00103c2293629c3348b69d299092b9418da008a6a
16314:0 1033 0 32 d3001a40900100000530303030300007504e545052465405303030303037f85e
16314:0 1230 0 14 d300084ce0010a00000000464ff4
16314:0 1074 0 224 d300da432001792492c20024e020006980000000204101007e7ffff7a7a8a4a42722232303a711a82319e7201a107d12fb29f64fece9e593cf46ac8dae1b49344dab9f5ccebb6d5bc7cfd041a0873f09c3c7878f0f1e1e244748859119d1ffa5f74c86850fdbcbbf5f25fd7ca3f5d360e8118394a70ca3e4326790c99e432631f4b417d2bbbf4aeefd2c7b0ded5034b6c0d6b3c323c2f878c3e1e39f878e7e1e3a0889fc220d808836fcfe7ff3e707cf9c1f3e89f3333333332eeef333333333333330000000134d34d34d6db6db555555555555befbef6db6efbefb80426754
16314:0 1094 0 151 d30091446001792492c00024a184002200000000200101007fffea6a2a0b2aca8200a78604d2af446064c0c181e21ae4450887ef13ddafbb43803f0ffe22a2c905988b32d1b9a4bb4960665a61a93706ac800f8c983ff6c1012dfbd9f3edccd7b5fabec602fa2c0de894c0291460a5f7029da7e9a8c7aa19bea9daeeeeeeeeeeeef776ee800016db6db6db6db6d55555555555540dc4da
16557:0 1005 0 25 d300133ed00103c2293629c3348b69d299092b9418da008a6a
16557:0 1033 0 32 d3001a40900100000530303030300007504e545052465405303030303037f85e
16557:0 1230 0 14 d300084ce0010a00000000464ff4
16557:0 1074 0 224 d300da4320017924e0e20024e020006980000000204101007e7ffff7a7a8a4a42722232303a741bc249867200e1107cf10a2214042df197e373f503ef57dd7f9686600d191a4f32ee27a85978b321461dec3bd877b0ef61ee7bdc67b9bdf5dc0b381feeff031b800b6d702db6c0b4e8f8203fdfc70fdeae3f7838fde0e3f77f00c00b42fee30bfb8c2ffa30342f40a0d402c0e00792bfbd893ef62dfbd8b7ef62efdca87f70fafdc3fbdd473f73ed7dcfb5f7406f33333333333333333333333333330000000134d34d34d6db6db555555555555befbef6db6efbefb80d55e65
16557:0 1094 0 151 d300914460017924e0e20024a184002200000000200101007fffea6a2a0b2aca8200a18705f2cf33ab075606ac6c7118f171df96cc2d205a27fad805300d39aff366e6ce1e383db87b67b0fcbed3bffb56a3e23d378ab93e2c3705c84415861854dfffbb3ffe0101f7e89797843e5fb5f984a20fe8b84319810dda6eeeeeeeeeeef776ee800016db6db6db6db6d5555555555554fcc206
16557:0 1124 0 131 d3007d4640017924062000248000062008040000200001017fff4a4a524d483e65c3978ab507090e671c264cec99c933b1c2a3e34711636ccbdb8dc47f60f2b20400ece503bcb60eccb04d0181342684d0140f8078408e00f7d379863be6616f984a411f8504e40011f3af777777777777770000df7dedb6daaaaaaaaadf7dc0767477
16807:0 1005 0 25 d300133ed00103c2293629c3348b69d299092b9418da008a6a
16807:0 1033 0 32 d3001a40900100000530303030300007504e545052465405303030303037f85e
16807:0 1230 0 14 d300084ce0010a00000000464ff4
16807:0 1074 0 224 d300da43200179252f020024e020006980000000204101007e7ffff7a7a8a4a42722232303a769d02696e7200212132c275c4eb49dc05310aad811707960dfbf7a23484c289a21193d2bfaf6f5f0e9dbfb9bf737ee6fdcd9a5b3416691ed55dca7b9e75fc08c928222370888ec2204601e92406e51ef68e3bd759ef5d67bd6fc03a8a80e8cd03a3340e988f8afd3dfce0f83113dd567ff73a3fdcf1ff73c7fdcf2f348cfcd0bdf34303eb38dfabacbeaeb2fabc4b33333333333333333333333333330000000134d34d34d6db6db555555555555befbef6db6efbefb807598b2
16807:0 1094 0 151 d3009144600179252f020024a184002200000000200101007fffea6a2a0b2aca81f899888712e723f7a7ef47deeeca1da37b43fea7fcd7f9907640fc01fac0b4016f02deeb33d7abaf4ffd9cc006400020a5f5053fd5d95f58b7ffbf03fd610ff44ba0b21001dc4207559807c64020be0088c3f66547dd0b9f75a26eeeeeeeeeeef776ee800016db6db6db6db6d55555555555546b2b1d
16807:0 1124 0 131 d3007d4640017924544000248000062008040000200001017fff4a4a524d483d66136f91b4814b02ec052e5d6cbac175b0e8c22f83a9f47aedf7d1fce8b9c563a960352d00ddd60351305d7f41761d85d7f208b1582551a08ae1fdc9c7f76f9fdc8301f234882ebc1f1e9f777777777777770000df7dedb6daaaaaaaaadf7dc010b65d
17038:0 1005 0 25 d300133ed00103c2293629c3348b69d299092b9418da008a6a
17038:0 1033 0 32 d3001a40900100000530303030300007504e545052465405303030303037f85e
17038:0 1230 0 14 d300084ce0010a00000000464ff4
17038:0 1074 0 224 d300da43200179257d220024e020006980000000204101007e7ffff7a7a8a4a4272222a303a791e228954727f4131f253f507e9cfd9191f32860ee023304530661e36bcc6f9aaf1a47e8d070a0e43fc01a4c34986930d2648248fa9204fbdff9bbf40fd410ec6183a1730e85dc39f820bdfe02ec01012288045c301170c04566fbacdbee9d9fba767eea940e29a035b550daae4333dc0349e80d283034a0c0d28509026423f2308fc9bf9c2afe5d3ff974ffe5ebb33333333333333333333333333330000000134d34d34d6db6db555555555555befbef6db6efbefb8072dfba
17038:0 1094 0 151 d3009144600179257d220024a184002200000000200101007fffea6a2a0b2aca81f0918a0832ff1046408c71194125c25a84b266a4cccf9984f2a9f513ed07d5cfb31f67389a726ce4d04c3f2140d5050b0007e67821624086ddf9be2be55daf943e21aa1185bb2c16d0b879d461e8e307a94e1d2308780fe1e1ba6eeeeeeeeeeef776ee800016db6db6db6db6d5555555555554ac18aa
17038:0 1124 0 131 d3007d4640017924a26000248000062008040000200001017fff4a4a524d483c66634798b47bb777c4eede6f64deb9bd9015e089c05e05e110c417975666a0bd601f82ac7e13d5f829286f7901be0486f78c021a980af6a0217582236408d610221cfecd8c7b9c1becd417777777777777770000df7dedb6daaaaaaaaadf7dc0777198
17308:0 1005 0 25 d300133ed00103c2293629c3348b69d299092b9418da008a6a
17308:0 1033 0 32 d3001a40900100000530303030300007504e545052465405303030303037f85e
17308:0 1230 0 14 d300084ce0010a00000000464ff4
17308:0 1074 0 224 d300da4320017925cb420024e020006980000000204101007e7ffff7a7a8a4a4272222a303c7c1f62a93c727e8146bbdd881b0ff624ed64db119e7b425e838ce2da6675266a6ad3222aec5fc8bfc15f03ad875b0eb61d6df7d7ef17df00afc17f430804d0f51213d3471f4d1d3d327ff60257d749ef3155bcc277f309dfcc21af40c93d01c8f40723d028303b5b80be5b0336f8096e1075b681d6e3075b8c1d6e5fef89ffbcb1fef2d408e1d0225080894202268733333333333333333333333333330000000134d34d34d6db6db555555555555befbef6db6efbefb802ea184
17308:0 1094 0 151 d300914460017925cb420024a184002200000000200101007fffea6a2a0b2aca81f0898b09731f0196df2dae5bb384c7188e2e0ec21d0c39ff6fa6ef0de0ff147e307c6106860e441c7f9cdb9e8346fa14c61adde06d3fe1b65403c5be0d7bf834b77ea40af9a313e6704fedbc7fb8837ee7ce0418b013e6605114eeeeeeeeeeeef776ee800016db6db6db6db6d5555555555554ef8419
17308:0 1124 0 131 d3007d4640017924f08000248000062008040000200001017fff4a4a524d483b66c31f9fb3f64cecefd93582db05a60b7f4a1ef27d2e979f34405e93c86784bf281ed55d7b5e97ed543782eebe0bdb782ee9fbbbfff17c1fbb8b0692f21a94486915dfb1887f2c0dfb13df777777777777770000df7dedb6daaaaaaaaadf7dc00cae8b
17537:0 1005 0 25 d300133ed00103c2293629c3348b69d299092b9418da008a6a
17537:0 1033 0 32 d3001a40900100000530303030300007504e545052465405303030303037f85e
17537:0 1230 0 14 d300084ce0010a00000000464ff4
17537:0 1074 0 224 d300da432001792619620024e020006980000000204101007e7ffff7a7a8a4a4272222a303c7ea082c124727dc1578f3f2ede5d7cbf8200044a2fd86518c9016dc6c40de19be03611d7e3b9af739ec6a5d3cba7974f2e9fa96f523ea561ab237606f58cabfbad17edb32fb6cd7ed9410050800082805414014d710535c414d130cc7dc3309b0cc26c33156f95407e25eef8d547dfe740ba8142ea0d0ba8342ea0ff52b5fd4961f525941896606122c1848b0613ab33333333333333333333333333330000000134d34d34d6db6db555555555555befbef6db6efbefb8034b2ca
17537:0 1094 0 151 d30091446001792619620024a184002200000000200101007fffea6a2a0b2aca81e8838c8a9336f1e97bd2e7a62de6bbdc77b5f702ed8ddaffed6fea9fd806700ce799d0d4ebab135617ef75bfcdaf7f3e69eded07b97c7ee745fdd5bff5bbffd5b77f9f95fd913ff628f86377218f6e064379eb4b47b0b0bec43df77777777777777777000016db6db6db6db6d5555555555554007118
17537:0 1124 0 131 d3007d46400179253ea000248000062008040000200001017fff4a4a524d483a6712f7a7b3710c626dc43397cf2f865f3e855d68ba1be9b5d86da6e83eb07151015e2d47f8be43e2d2e797e05e5fa1f97e01f5959fd8e2bf59257b1887ecaa9fb16f009e2b02de9609de07777777777777770000df7dedb6daaaaaaaaadf7dc08cdf4b
17734:0 1005 0 25 d300133ed00103c2293629c3348b69d299092b9418da008a6a
17734:0 1033 0 32 d3001a40900100000530303030300007504e545052465405303030303037f85e
17734:0 1230 0 14 d300084ce0010a00000000464ff4
17734:0 1094 0 151 d30091446001792667820024a184002200000000200101007fffea6a2a0b2aca81e07b8d8bb356de3e107c08f8804b80a601491f643e507c846bf8e7a1d23de93bd977b423ca48d09190440d61200e0487e401141006184019b507ee2c1e1db8773e409cbf0185f805fbcfdb057f6da57dbc4012ba084e6ae13b24f77777777777777777000016db6db6db6db6d555555555555493781b
17734:0 1124 0 131 d3007d46400179258cc000248000062008040000200001017fff4a4a524d48392762cfaeb2cbf598402fd7ae3b5c66b8edc6dbebb722fc24fd49f0a0b9596692ebc18a660632ac18a4afae4cbeb953fae4c9efa527c124defa237fb43dff19c7fb2a61937706b3ce1932af777777777777770000df7dedb6daaaaaaaaadf7dc0231453
17985:0 1005 0 25 d300133ed00103c2293629c3348b69d299092b9418da008a6a
17985:0 1033 0 32 d3001a40900100000530303030300007504e545052465405303030303037f85e
17985:0 1230 0 14 d300084ce0010a00000000464ff4
17985:0 1074 0 224 d300da432001792751e20024e020006980000000204101007e7ffff7a7a8a4a4272222a303e89256340c272faa19f3f6e8f3d1dfa4117d82ff9872b13be264c285a04b462e8e2d015916b2cc659bc931f94ff29fe53fca782af04be0a6df5bc0b381feefff92e83e3b8df8ee43e399c0b3c682c323f02b5bc07f7f01fdfc079af348fbcd0e1f34387cd19df0854bbf23ff0068bbcac5ff29fffca88ff2a23fca89f05343c135bf04d7bdd3fef73c93dcf24f73e0f33333333333333333333333333330000000134d34d34d555555555555555555befbef6db6efbefb803e54aa
17985:0 1094 0 151 d30091446001792751e00024a184002200000000200101007fffea6a2a0b2aca81d065918f33a6ac47d08f891f8f8bff26fe4a9954322e6443ec4fe85fd385024a0b9419134427c04f784dcd61470e0523e5fb1717ee243fb9e5066a12180d485efcbf9d62fd8887f606004c98e133f304d5780a76d82d5e20b6f1f77777777777777777000016db6db6db6db6d55555555555542a23b1
18376:0 1005 0 25 d300133ed00103c2293629c3348b69d299092b9418da008a6a
18376:0 1033 0 32 d3001a40900100000530303030300007504e545052465405303030303037f85e
18376:0 1230 0 14 d300084ce0010a00000000464ff4
18376:0 1074 0 224 d300da4320017927a0020024e020006980000000204101007e7ffff7a7a8a4a4272222a303e8c268358a872f9c1a84420988130c2676e26dc96217048488f60fa87470ee79dec3a28413c8c69191211a24ec49d893b12763db47ad0f68f1fde5f7cc87850015438044fb0113f80430af663a3d8cf00374500da350368d40d9d80dce04372250dc894372e0067ff0170e90601341496f049e2412792049e481279407b4841ebab07aebbefe06fbe4afef92bfbe62b33333333333333333333333333330000000134d34d34d555555555555555555befbef6db6efbefb803548f4
18376:0 1094 0 151 d300914460017927a0000024a184002200000000200101007fffea6a2a0b2aca81d05d931053c69da46348b691c1fca408480d823c040007e46df0eb91da1cefb9e673cee40dc953929faa5ffeb958faed0c0e9d183c3c40f24580a43e00f600029f80a0ae8195b6063abfcb6d1f2f447cc2bdf2dae7ceee5f3d32777777777777777777000016db6db6db6db6d5555555555554d9e781
18635:0 1005 0 25 d300133ed00103c2293629c3348b69d299092b9418da008a6a
18635:0 1033 0 32 d3001a40900100000530303030300007504e545052465405303030303037f85e
18635:0 1230 0 14 d300084ce0010a00000000464ff4
18635:0 1074 0 224 d300da4320017927ee220024e020006980000000204101007e7ffff7a7a8a4a4272222a303e8ea7c3789072f901b952b2b5a56b0adb84cb09e1bd7f806effaddae4b749c813ad25abf1abed47dabf9505268a4d149a2935faa7f4b7ea405320c6019581eb09c8d4262220988982603101b64006198f6f607dbaa2f6ea8bdba4408ae7022a4008a90022afbfc8d5bef443fc0e9feccca0a4d502935d0a4d742935fff526ffd325ff4ca40316900b23c02c8f00b3bb77777777773333777777777777774000000134d34d34d555555555555555555befbef6db6efbefb80b367c9
18635:0 1094 0 151 d300914460017927ee200024a184002200000000200101007fffea6a2a0b2aca81c857949173de8a02f005d00c0c7058efb1dceb47d615ac10f059f063e3a4fa09fb13f835506bd8d7a008f000339880d60de23aaf8ab2be2c1efae6dfea0087a6c961a57f85a8fc1687d04c12e131db04cd181b7c487173e1c748f77777777777777777000016db6db6db6db6d5555555555554dc03f1
18864:0 1005 0 25 d300133ed00103c2293629c3348b69d299092b9418da008a6a
18864:0 1033 0 32 d3001a40900100000530303030300007504e545052465405303030303037f85e
18864:0 1230 0 14 d300084ce0010a00000000464ff4
18864:0 1094 0 151 d3009144600179283c400024a184002200000000200101007fffea6a2a0b2aca81c04f9592b3fe7a6380c6f18e3ee6fddd3bb69473286e50c3738ef6edf09d217a49f494070e0f541ea0697e01b5d206def5f5f04fd9899f677c0531f8132ce84b7b3eabe5f9c277e6ee37ce8aff3bc0fcf4b4045ab014ec40552a777777777777777777000016db6db6db6db6d55555555555543d0ddf
19236:0 1005 0 25 d300133ed00103c2293629c3348b69d299092b9418da008a6a
19236:0 1033 0 32 d3001a40900100000530303030300007504e545052465405303030303037f85e
19236:0 1230 0 14 d300084ce0010a00000000464ff4
19236:0 1074 0 224 d300da432001792974c20024e020006980000000204101007e7ffff7a7a8a4a4272222a30429c2dc41814737522172f7e6f3cde39c1fb15f673e45bce1f9b0f11da95f5856b27d49c6c98e321c6736c65168a2d145a28b5c7b38ec71e7ee09de0fbcb7656f8aea7e1b96f86e6be19a5fcdadff2ac0fbd133ef16cfbc5b3ef10ff46b2bd196ef465bbd1a290beb282cbb70b6c6c2a43e0a2da028b700a2dc028b72f8f3ebe3b84f8ee23ebed9fae7fbeb9fefae97b77777777777777777777777777774000000134d34d34d555555555555555555befbef6db6efbefb8011e1c0
19236:0 1094 0 151 d30091446001792974c20024a184002200000000200101007fffea6a2a0b2aca81b0319b17546e39f9aff34fe6e0df61ce0398fa77f475e8cf87cf1f6e419ee13dc97b94d2d7a6eb4dc7ffab400e870041c805b44818998063bc7eb2d5f93057e388ded4637a646de9760fea895fabbafeb49dea3ef7ac7d3eb36df77777777777777777000016db6db6db6db6d5555555555554623003
19236:0 1124 0 131 d3007d46400179289a0000248000062008040000200001017fff4a4a524d482eea913bf7ae820e046f083be023c03f808fe1201dbf8b873713701cec7188d6e1cca04dd08140ea04db67e02dff80cc7e02dc0092e00504a008f40278360a2840276a810426847702103dcf777777777777770000df7dedb6daaaaaaaaadf7dc0d63a6b
19446:0 1005 0 25 d300133ed00103c2293629c3348b69d299092b9418da008a6a
19446:0 1033 0 32 d3001a40900100000530303030300007504e545052465405303030303037f85e
19446:0 1230 0 14 d300084ce0010a00000000464ff4
19446:0 1074 0 224 d300da4320017929c2e20024e020006980000000204101007e7ffff7a7a8a4a426a222a30429eaf043ffc73f462207921028204c40f13bf27c98b071b7635bc47391832896530c8ae20904b1096510c389f313e627cc4f98fff1f5e3fa04c20b8017981b302fc440aefe02bc080ad0d092ffc24008f0a6c7c26d2f09b4bc2674f16f9bc5a8af16a2bc5b45026a2806b7701eb6c043fef13e63c4fa1f13e87c4fa3f1fd2fc7dd5f1f76402a770096700259c0097ef77777777777777777777777777774000000134d34d34d555555555555555555befbef6db6efbefb80382876
19446:0 1094 0 151 d300914460017929c2e20024a184002200000000200101007fffea6a2a0b2aca81a8299c987486266434c859910364e6d94daf644cc82190240eb82d405d27998f3a1e7626fe4f349e586a3301b8a686ea4619e0c8694b81a684792835e305d78adedfe23f7e9bddfa53c8761141d9da076d1a14528054cb8154a7777777777777777777000016db6db6db6db6d5555555555554b47bcd
19446:0 1124 0 131 d3007d4640017928e82000248000062008040000200001017fff4a4a524d482deae113feae7ec4fddcfb1406e00db81b8f719f3e7dcd1d643fca75a31bbe2b4c757fe4a27f9c2ffe487006ee201bcd006ee1fd15dff7109fd12388036e205520801e3e588d79c89fe5843f777777777777770000df7dedb6daaaaaaaaadf7dc05f6434
19643:0 1005 0 25 d300133ed00103c2293629c3348b69d299092b9418da008a6a
19643:0 1033 0 32 d3001a40900100000530303030300007504e545052465405303030303037f85e
19643:0 1230 0 14 d300084ce0010a00000000464ff4
19643:0 1074 0 224 d300da432001792a11020024e020006980000000204101007e7ffff7a7a8a4a426a222a3042a1b02457e473f38231ccb3a9a7530eabecbed9c433686c38d7418a47c7cfe91fef3e2fd507b40f683eb03c44f889f113e2265a24b3b16851c103a1c74d8d5a0d98a0356180d587035424f5afebd600905b3dc16a2305a88c169c20ecf703b2830eca0c3b33bf8f953e0f41f87a87de7bdf889dfe227ff889ffe22810b43202cf5a0b3d5819f71066a6419a99066bf377777777777777777777777777774000000134d34d34d555555555555555555befbef6db6efbefb80a35606
19643:0 1124 0 131 d3007d4640017929364000248000062008040000200001017fff4a4a524e482ceb30e806adfba4f79dee942f1c5e30bc7f091e6dbc2b73e8ecd5cfb7ca47884f2f7f80bcfe0ca3f80a202f29c0bcbb82f29df9d1e7ea005f9ce5fda471f6d8f7da2e3fb59fff3ce7fb5547777777777777770000df7dedb6daaaaaaaaadf7dc0a1b170
19886:0 1005 0 25 d300133ed00103c2293629c3348b69d299092b9418da008a6a
19886:0 1033 0 32 d3001a40900100000530303030300007504e545052465405303030303037f85e
19886:0 1230 0 14 d300084ce0010a00000000464ff4
19886:0 1074 0 224 d300da432001792a5f220024e020006980000000204101007e7ffff7a7a8a4a426a222a3044a4316477cc73f2c2472a1e647cc8b99686130c71dd9fc0a7801edbe6a54da41b65351b8a331e663cec59800800100020004026384bd898b33f669e8d47194df883bbe10def8438be0eea025acc08ac2fafa57ebbc0faef03ebb5f0c8a583213d0c84f4321f5ef9ec7bb89eef1ffbb911a0010440041a0010680041b04c5a812ffc04bfe031dd40c63f0318fc0c657f77777777777777777777777777774000000134d34d34d555555555555555555befbef6db6efbefb80a395eb
19886:0 1094 0 151 d30091446001792a5f220024a184002200000000200101007fffea6a2a0b2aca81a01b9f1ad4c6063f407e70fd3079010141ff785df041e06b1ece4d6c9d9961b2ca6595d0c1a2bf4568453ee124d6049b020281700bce20308efe2c5df7167fdb215e0268f71c83dc5667928e7e4bcf7934efe933ffa8515ea2be777777777777777777000016db6db6db6db6d55555555555541379c3
19886:0 1124 0 131 d3007d4640017929846000248000062008040000200001017fff4a4a524e482beb80c00dad78aff1b3e2c058d4b1a1635ea7ddab3aa58ac21a8a2b1c7d18edf1faff221d7c9223f2202858e1c1639b858e1bf6c77fddd6bf6c3f835af60db3083596a11b5284d3b211b06f777777777777770000df7dedb6daaaaaaaaadf7dc05074e4
20138:0 1005 0 25 d300133ed00103c2293629c3348b69d299092b9418da008a6a
20138:0 1033 0 32 d3001a40900100000530303030300007504e545052465405303030303037f85e
20138:0 1230 0 14 d300084ce0010a00000000464ff4
20138:0 1074 0 224 d300da432001792aad420024e020006980000000204101007e7ffff7a7a8a4a426a222a3044a6b2a497b273f20258914132e26544d01fbf3fc9899318962ffc3b85b04bba17912d723ff889f1140207a3e887d10fa21f45f437e7cfd09cc739ae3366658b03bd880df53037d5c0dd5e0f30903c034f07927c1b74f06dd3c1b130aa0482a6b90a9ae42a77106579c166d305d8cc13f4f07d1741f46607d1981f468fe84dbf9fc7fe7f13ca59ef2831fca0c7f284ab77777777777777777777777777774000000134d34d34d555555555555555555befbef6db6efbefb80623492
20138:0 1094 0 151 d30091446001792aad420024a184002200000000200101007fffea6a2a0b2aca81a013a09bf4ddf5afc75f7ebf4307861e8c39e298c4b78957a7f75fbec22270c4e889d3265c4df49bdfb5c37ee6e87ba34c16f5c05d9f6177d478bb29e151af840e1f14b27b65a9ed7af82384208fa582444a1402005389614f9ef77777777777777777000016db6db6db6db6d55555555555541fc774
20138:0 1124 0 131 d3007d4640017929d28000248000062008040000200001017fff4a4a524e482aebe09815ad35e56c1ed797840b080e102e4dbcf6f93d61f3c8eb87df344e5c5cd79ec8c47b2cc1ec8a9f84159e106af84159f3f6afd2935f3f3279270be4e35f9257de89a8fa8d0be895d7777777777777770000df7dedb6daaaaaaaaadf7dc03d26bc
20386:0 1005 0 25 d300133ed00103c2293629c3348b69d299092b9418da008a6a
20386:0 1033 0 32 d3001a40900100000530303030300007504e545052465405303030303037f85e
20386:0 1230 0 14 d300084ce0010a00000000464ff4
20386:0 1074 0 224 d300da432001792b49820024e020006980000000204101007e7ffff7a7a8a4a426a222a3046ac3504d7827470827f7d4f0ade157c3014162877e6c7d2ffa4cf25244ec8f7120b2267ad5764aec98d72bc01f803f007e00f95d32b0e571ff2e00580157ee9fb1d7feb74ffadd4feb55a095c2824b1afc1fa3f0513fc144ff04b207dd7c1f60607d8181f6bef4037fcd1ccf384b3caa48f8041fe010ff8043fe0111f2b8a7cacbbf2b2dffd158ff3203fcc80ff338f77777777777777777777777777774000000134d34d34d555555555555555555befbef6db6efbefb8066d891
20386:0 1094 0 151 d30091446001792b49820024a184002200000000200101007fffea6a2a0b2aca819805a31e3515d596c72d765b302d606980cff774ee71dcc4bca189531584e649d413a9d303a7374e5f9ccc9e8319fa14160027a0026c200b097df233f62dd7d77ea13d3e0406b20ffe884ad8a12cf184b977ea5cd7ad001eb57ef77777777777777777000016db6db6db6db6d55555555555541d223e
20386:0 1124 0 131 d3007d464001792a6ec000248000062008040000200001017fff4a4a524e4828ec804823ac30cee1f1c33ddee7bdbf7b9daf1bb9b6c2915727b2456caf9952f2c4de25f678a189e25dbfdef0bf7bd77def09ef019fbebf3eefe105000a1447504fe7c1804a06679217ffef777777777777770000df7dedb6daaaaaaaaadf7dc0f88aa5
20627:0 1005 0 25 d300133ed00103c2293629c3348b69d299092b9418da008a6a
20627:0 1033 0 32 d3001a40900100000530303030300007504e545052465405303030303037f85e
20627:0 1230 0 14 d300084ce0010a00000000464ff4
20627:0 1074 0 224 d300da432001792b97a20024e020006980000000204101007e7ffff7a7a8a4a426a222a3046af3644f768746fa289020214442848566ec1ddcd9803357669bcaf03e2881e905a1f0464f0d3e1a7e32f803a807500ea01d46978d259a5b196e34d86a50c090743701c0cd0703441bed8f6b1d3da084f24733c8ef8f23be3c8e960704c01bfd706ff5c1c08f0af6bc28e9c0a77f02671800758001d690075a401d6a0d2dac349fd0d27e41755005c1e41707905c36f77777777777777777777777777774000000134d34d34d555555555555555555befbef6db6efbefb80798c20
20627:0 1094 0 151 d30091446001792b97a20024a184002200000000200101007fffea6a0a0b2aca8197fda49f7535c20d441a703532c4c5988b2de215c3b3874b47f6a00d42de4cbca079422a145558aaa0134d205d1b817c2014e378555b6156c6f89a73e0ced78202be53e5f86151e16907e13a7f8678fe1f9215e6085b24e16e12777777777777777777000016db6db6db6db6d55555555555545e06d3
20627:0 1124 0 131 d3007d464001792abce000248000062008040000200001017fff4a4a524e4827acd0202babce831d5a3a0e0e8c1d083a3d6a9b30b5b0e98ad819a63b73bedb3dd541dc80077bae1dc6580e97e03a7400e97decdd8fb62efecda07b0ccdec7a67b0b3ff088efc88a3f08437777777777777770000df7dedb6daaaaaaaaadf7dc0b0fabb
20868:0 1005 0 25 d300133ed00103c2293629c3348b69d299092b9418da008a6a
20868:0 1033 0 32 d3001a40900100000530303030300007504e545052465405303030303037f85e
20868:0 1230 0 14 d300084ce0010a00000000464ff4
20868:0 1074 0 224 d300da432001792be5c20024e020006980000000204101007e7ffff7a7a8a4a426a222a3048b1b7651750746ee29e909d319a62f4ca09c213cc4af89b61359246e3a3c7a18f601d0e1d20444088b0f0c4908921124224843f087d70fbd34466a88d5a9975f3b81bcddf6f377dbcdc050431f41009408a6a8226dd089b802267c0687201a0680681a01a11f01fcb80501b017dfc028a20921842486a0921a82486c07df741f67207d9c8322ac0c773431dd10c78d377777777777777777777777777774000000134d34d34d555555555555555555befbef6db6efbefb802cf0e0
20868:0 1094 0 151 d30091446001792be5c20024a184002200000000200101007fffea6a0a0b2aca8197f7a5a0954db385cb0b86175d5f9acdb5980cd819383257d40fb83f7347d00fa71f5101a6048008f78bcabe3f097903dde9b797a8ab7ea406034b300b91c82d0e9f6c167cc213f2ebf0796b81e73287a26c01aca00a3c802a6d777777777777777777000016db6db6db6db6d555555555555446ef25
20868:0 1124 0 131 d3007d464001792b0b0000248000062008040000200001017fff4a4a514e4826ad2ff832ab4c61991731883fac7f50febd2d1ab5b4bc0214092a08603c306c30f7419855866b061983b03fba60fefe03fba7eaf2d7ae84feaef8012f2405038812d960997a02cc48099307777777777777770000df7dedb6daaaaaaaaadf7dc01f977e
21152:0 1005 0 25 d300133ed00103c2293629c3348b69d299092b9418da008a6a
21152:0 1033 0 32 d3001a40900100000530303030300007504e545052465405303030303037f85e
21152:0 1230 0 14 d300084ce0010a00000000464ff4
21152:0 1094 0 151 d30091446001792c33e20024a184002200000000200101007fffea6a0a0b2aca818fefa721b56da200440080015ffce008800e77bdef03dde860d0d1b1a6616fc2e705d1d9b5b49b6920064920290280abc3fea34ffc5a5ff2c1fe046ff676bfd8a26085a081283a0484901368a04f2701423fedb2ffba55feead2f77777777777777777000016db6db6db6db6d5555555555554398202
21152:0 1124 0 131 d3007d464001792b592000248000062008040000200001017fff4a4a514e4825ad7fd039ab0a6a952929ac724ce491c93cf71a49b3e39af33ae86bdf08fe05cc2a61597b856f9c159608725941c979872593e94237a7c27e93ee8766ea1de2a07655de3308f93285e32bf7777777777777770000df7dedb6daaaaaaaaadf7dc03f17fe
21574:0 1005 0 25 d300133ed00103c2293629c3348b69d299092b9418da008a6a
21574:0 1033 0 32 d3001a40900100000530303030300007504e545052465405303030303037f85e
21574:0 1230 0 14 d300084ce0010a00000000464ff4
21574:0 1094 0 151 d30091446001792d6c620024a184002200000000200101007fffea6a0a0b2aca817fd1aca655e55ffe37fc57f8f290c5300a5d64a5c8d191889b0946428f990fb226e4503ecc7ec4fd78043b2020d1808b021342804ed8813cbbf93e67e35e9f8c41e0f9d402f8a80bc6178d5f9e36fe78e19620424884972213da777777777777777777000016db6db6db6db6d5555555555554f8218a
21574:0 1124 0 131 d3007d464001792c91a000248000062008040000200001017fff4a4a514e4821aecf3057a9443808c310e24ba097392e8c66792771a181c9089407306740c241a380934b0257180933004ba7e12ead04ba7fe4c91795eefe4c5a811c2804b76011a9c0efbc84258a0ef72f777777777777770000df7dedb6daaaaaaaaadf7dc0aba8b2
21854:0 1005 0 25 d300133ed00103c2293629c3348b69d299092b9418da008a6a
21854:0 1033 0 32 d3001a40900100000530303030300007504e545052465405303030303037f85e
21854:0 1230 0 14 d300084ce0010a00000000464ff4
21854:0 1124 0 131 d3007d464001792cdfc000248000062008040000200001017fff4a4a514e4820af2f085ea90316067f0c5b85ab0b4e16ac54b903b15a9c533dac716349a6870d2ce06f0e81c62606ef3f85b1be16d4785b19e43abf93b5fe437707bf0c1f43287bd7feb483fb38adeb437f777777777777770000df7dedb6daaaaaaaaadf7dc0117052
22074:0 1005 0 25 d300133ed00103c2293629c3348b69d299092b9418da008a6a
22074:0 1033 0 32 d3001a40900100000530303030300007504e545052465405303030303037f85e
22074:0 1230 0 14 d300084ce0010a00000000464ff4
22074:0 1094 0 151 d30091446001792e08a20024a184002200000000200101007fffea6a0a0b2aca8177c3af28b61d3e0924123824cfecbfe83fcd7be5f753ee8bbc5f88ef14dd8c3b1ff642f44fe9cfd3880f2e204c9d813a31fe2227fa571feab5ff0e75fa9edfe942ff3c747c0327eff017d5287f56217d5e25fb03b7ef9cffbff0f77777777777777777000016db6db6db6db6d555555555555440b158
22074:0 1124 0 131 d3007d464001792d2de000248000062008040000200001017fff4a4a514e481faf7ee066a8821f0491087fc133825f04cc4a38eeb130f734f36ddce030585470c7c05027814a8a0500cfc1371f04e9fc1371e3e6bf92661e3e377e772bfa23a7e759c081ea026e460819e7777777777777770000df7dedb6daaaaaaaaadf7dc0434663
22425:0 1005 0 25 d300133ed00103c2293629c3348b69d299092b9418da008a6a
22425:0 1033 0 32 d3001a40900100000530303030300007504e545052465405303030303037f85e
22425:0 1230 0 14 d300084ce0010a00000000464ff4
22425:0 1094 0 151 d30091446001792e56c20024a184002200000000200101007fffea6a0a0b2aca8177bbb0a9d6352f919f232e46a29f254cca96e7b8cef99dd44e10ac515b87f58ff21fe8cfcfa0cb418797a5be6e7bf9c1aa13b5f050a64143f2fa0345e6721f988fc05fd90090bc0226607bbf41f07c87c793e8c347a69b3e9bea7777777777777fff77000016db6db6db6db6d5555555555554732a05
22425:0 1124 0 131 d3007d464001792d7c0000248000062008040000200001017fff4a4a514e481eafceb86da8415202f7054bfe33fc5ff8cc46f8e83123926929d849bb1b5e2a7c73c0369280e43403677ffe383ff8ee7fe383e3cce791febe3c998544981559585430be57f279c667e57a67777777777777770000df7dedb6daaaaaaaaadf7dc0d2eee1
22812:0 1005 0 25 d300133ed00103c2293629c3348b69d299092b9418da008a6a
22812:0 1033 0 32 d3001a40900100000530303030300007504e545052465405303030303037f85e
22812:0 1230 0 14 d300084ce0010a00000000464ff4
22812:0 1124 0 131 d3007d464001792e184000248000062008040000200001017fff4a4a514e481cb06e687ca7403980c600e87ca4f941f29c567907316189d418ae2764fe59f073ffc0137b0057d80136007cad81f2c387cad9e4490793ef1e445b831f5c0cc46831dd021df288de6a21da77777777777777770000df7dedb6daaaaaaaaadf7dc050c0f6
22973:0 1005 0 25 d300133ed00103c2293629c3348b69d299092b9418da008a6a
22973:0 1033 0 32 d3001a40900100000530303030300007504e545052465405303030303037f85e
22973:0 1230 0 14 d300084ce0010a00000000464ff4
22973:0 1094 0 151 d30091446001792f8f400024a184002200000000200101007fffea6a0a0b2aca81679fb5ae76acedc77b8ee71e1d871b1d7636185b303c605c9bc947c29242ba457c8afbc2c586bb0d6fcd7cbf45d0fd1effeaf607ada63eb7f5862bd21714505b18a0fb4a82fe880bddb02810e0a1c3828cb5e23b978c785e335ef777777777777fff77000016db6db6db6db6d55555555555540d65c9
23256:0 1005 0 25 d300133ed00103c2293629c3348b69d299092b9418da008a6a
23256:0 1033 0 32 d3001a40900100000530303030300007504e545052465405303030303037f85e
23256:0 1230 0 14 d300084ce0010a00000000464ff4
23256:0 1094 0 151 d3009144600179302b820024a184002200000000200101007fffea6a0a0b2aca815f8fb8b0d6eccbee63dcb7b9b30d26294c4ef179e279c4d7c6b79d9f3e18c8f199e335ff3bffa7ff47f464bfe170ff8d7c1726805e68017afd7c734ff03247bf907f511efc55dbf13aff88fa3e2568f89b480076a00564a0170ff777777777777fff77000016db6db6db6db6d555555555555431e287
23256:0 1124 0 131 d3007d464001792f50c000248000062008040000200001017fff4a5354415455533a2070706c3d53756363657373206b65793d7365742073706172746e3d3237302f313336303830207274636d5f696e3d3531302f3332343933206e6d6561284747412f5a4441293d302f302070706c5f6f75743d37392f33333838340d0a4a514e48
23566:0 1005 0 25 d300133ed00103c2293629c3348b69d299092b9418da008a6a
23566:0 1033 0 32 d3001a40900100000530303030300007504e545052465405303030303037f85e
23566:0 1230 0 14 d300084ce0010a00000000464ff4
23566:0 1094 0 151 d30091446001793079a20024a184002200000000200101007fffea6a0a0b2aca815f89b9b1f704bb84d3098e136dd49bb8376b9e3b3bfc77e05d50cb0198e3fb47fe8fffde2fbd877b078adade3b5378f50ded63bfb75f9ededc87a3de1cf4787299607dc081078e0401583c1c20f1e983cd4beff6bfc36d5f0f36f777777777777fff77000016db6db6db6db6d5555555555554565685
23566:0 1124 0 131 d3007d464001792f9ee000248000062008040000200001017fff4a4a514e4817b21da0a1a5806a012701abd2c3a57f4b0cfd9a5533fd9a2d395e68c4016ff6900c00198900700e0196dfd2c77f4b2afd2c75e98157a8d07e97e08735681d1c98733da0241000f6de023c47ffffffffffffff8000df7dedb6daaaaaaaaadf7dc07e615f
23853:0 1005 0 25 d300133ed00103c2293629c3348b69d299092b9418da008a6a
23853:0 1033 0 32 d3001a40900100000530303030300007504e545052465405303030303037f85e
23853:0 1230 0 14 d300084ce0010a00000000464ff4
23853:0 1094 0 151 d30091446001793164000024a184002200000000200101007fffea6a0a0b2aca814f73be35775c885424a83950ce3d5c89390ee54fca25943024a859c0b6463dcc83190afe1ffd67fac05a2f2178a105ea3ff0a9efc47a3f13457968e5e4089f8ee9c00c947f42f3fcef406045218293060fe1ffeeb8034dc00eb97777777777777fff77000016db6db6db6db6cd34d55555555409cc93
24163:0 1005 0 25 d300133ed00103c2293629c3348b69d299092b9418da008a6a
24163:0 1033 0 32 d3001a40900100000530303030300007504e545052465405303030303037f85e
24163:0 1230 0 14 d300084ce0010a00000000464ff4
24163:0 1094 0 151 d3009144600179324e620024a184002200000000200101007fffea6a0a0b2aca81475dc238f7bc5635746ad8d60ec15d913b1e6d97dab7b553f1f7f46feb9981b30ae619229446548ca03b7fc0fde303ff47f4c9bfd4f95f5541fb7af3ec50cfb00abfa731fdad67f6991794811e5382f9539e122a684c3c813273f777777777777fff77000016db6db6db6db6cd34d55555555434337e
24163:0 1124 0 131 d3007d464001793173a000248000062008040000200001017fff4a4a514e4811b41cb0cea346300cb318c39e373c6678deb93dccbaec92452990492893891ad25480d25083532e0d235f9e3c1e78fdf9e3bff75f2fe047df75be053b86153510539f81484b0587ca147ff7ffffffffffffff8000df7dedb6daaaaaaaaadf7dc08058ee
24463:0 1005 0 25 d300133ed00103c2293629c3348b69d299092b9418da008a6a
24463:0 1033 0 32 d3001a40900100000530303030300007504e545052465405303030303037f85e
24463:0 1230 0 14 d300084ce0010a00000000464ff4
24463:0 1094 0 151 d3009144600179329c820024a184002200000000200101007fffea6a0a0b2aca814755c33a17d447d9e7b3bf67c19de34a06909b49361a6c188d192ac258657c0aff960305120b4c168fdfefdf8fa57e46500bafc83092e0c3a906e7701a02c066d280dd2c8284e009f6c05424c1520c854dc6036b4811438046917777777777777fff77000016db6db6db6db6cd34d5555555547267a9
24463:0 1124 0 131 d3007d4640017931c1c000248000062008040000200001017fff4a4a514e4810b46c88d6a307bc8fcb1ef5effbdfefbfef1c3e913c78f23ce9b1c903baef698ef2010426041aec1040a7efffbfc00b7efff9fa8617ecfaffa82afd2859f4cebfd26f1f9758fec46ff970c7ffffffffffffff8000df7dedb6daaaaaaaaadf7dc0caebee
24794:0 1005 0 25 d300133ed00103c2293629c3348b69d299092b9418da008a6a
24794:0 1033 0 32 d3001a40900100000530303030300007504e545052465405303030303037f85e
24794:0 1230 0 14 d300084ce0010a00000000464ff4
24794:0 1094 0 151 d300914460017932eaa20024a184002200000000200101007fffea6a0a0b2aca81474fc4bb57f4378057009e018c7db909b20f891d11c2236b28d6623cc74193032d865ee813d14fa28f865ede296178ad3fe2add78c8b1e3389825c8007d7081e239e149c7762a1dd6dc01592c057c50164a7f4eba7d744ff5e96f777777777777fff77000016db6db6db6db6cd34d5555555546c7cff
24794:0 1124 0 131 d3007d46400179320fe000248000062008040000200001017fff4a4a514e480fb4bc60dda28975933c25d8433886690cef879f67be2592642a0049a4e6b1c103a1213b4104f75a13b258433f010d088433f1fde0dffa661fddd685328414f7705311e1eee60822a21ee99fffffffffffffff8000df7dedb6daaaaaaaaadf7dc0e9d9f2
25216:0 1005 0 25 d300133ed00103c2293629c3348b69d299092b9418da008a6a
25216:0 1033 0 32 d3001a40900100000530303030300007504e545052465405303030303037f85e
25216:0 1230 0 14 d300084ce0010a00000000464ff4
25216:0 1094 0 151 d300914460017933d5020024a184002200000000200101007fffea6a0a0b2aca813739c8beb84c047f9cff31fead2f1a6c74d5136826584c94ffca10342326828d0c9a1c141e296052b885a9e2268d88a1f1e838e7a2b75e8c3a84ef321221d0474ea1c290861a72184d00648bc193a90654360af1402f5b40bef0f777777777777fff77000016db6db6db6db6cd34d5555555549e5af1
25216:0 1124 0 131 d3007d4640017932fa4000248000062008040000200001017fff4a4a514e480cb5bbe8f4a18fa41f9a3e9245dc8bb11770f6224503e0f4d4eee1d36083e0fb7216020118080eb6200fc045e2411795845e22095678283c8095317dce69f76707dcd021294d050c3e12900fffffffffffffff8000df7dedb6daaaaaaaaadf7dc0b0762b
25553:0 1005 0 25 d300133ed00103c2293629c3348b69d299092b9418da008a6a
25553:0 1033 0 32 d3001a40900100000530303030300007504e545052465405303030303037f85e
25553:0 1230 0 14 d300084ce0010a00000000464ff4
25553:0 1094 0 151 d30091446001793471420024a184002200000000200101007fffea6a0a0b2aca813729cbc1188be5de7fbcef7a2309e6220c40f045e013c0083e588f4121dfb0bf697ed5deb1be877cffe48b1fa2147e900c1711085e192179c2fc2673eefecfbac2a03a0f7ff087ffa14ff76a5fdf1eff820bf03c67c48aff13b0f777777777777fff77000016db6db6db6db6cd34d5555555547b8c06
25553:0 1124 0 131 d3007d4640017933968000248000062008040000200001017fff4a4a514e480af66b9903a1349c6988d273f9b3f35fe6c20fc477c846f815f563e067023df81c0f7ea033fa8b59ea017ff9b85fe6edff9b841227604b86e1223efe9ea1faa7d7e9d3be261578ff85e25c8fffffffffffffff8000df7dedb6daaaaaaaaadf7dc0427569
25904:0 1005 0 25 d300133ed00103c2293629c3348b69d299092b9418da008a6a
25904:0 1033 0 32 d3001a40900100000530303030300007504e545052465405303030303037f85e
25904:0 1230 0 14 d300084ce0010a00000000464ff4
25904:0 1094 0 151 d300914460017934bf620024a184002200000000200101007fffea6a0a0b2aca813723ccc238abd590eb21c643ddfbfc0638089ee83d567a94dde1ce439ffc7278ecf1dcc4bd8a9f153796f6be6bc2f9b6c7eea0a7bc579ef2bc07cf1a1da168754d21791684eca41391c7c384ff0f897c43b5e342c790a47e4416f777777777777fff77000016db6db6db6db6cd34d555555554f71e90
25904:0 1124 0 131 d3007d4640017933e4a000248000062008040000200001017fff4a4a514e4809f6bb710aa0b759ef03dd6855d4aba15752a7e5a80aa79a32399c68d847e08361261ef7e2fbea15ef7c6055dc61577e055dc616e8a85e8c016e530725f21cc5187248c0b163832cbc0b116fffffffffffffff8000df7dedb6daaaaaaaaadf7dc0323a87
26205:0 1005 0 25 d300133ed00103c2293629c3348b69d299092b9418da008a6a
26205:0 1033 0 32 d3001a40900100000530303030300007504e545052465405303030303037f85e
26205:0 1230 0 14 d300084ce0010a00000000464ff4
26205:0 1074 0 224 d300da43200179355ba20024e020006980000000204101007e7ffff7a7a8a4a426a222a3069075d691c5a7a5784d1d393b7476e4ee2711ce29854f4afa15e129823dac810103d1ecda74b582eb06d3f838c07180e301c61c9d392e726918ec33dc6850bca0dcf8c363d00d8f60361e0f7ce33de64609d734271d209c7582713206f1641bab506ead41bb5ff35bfbca9f6f2e56bc83080718981c62e0718b81c630f93fafe4f18f93c7c16c34059c5416711059d9400000000000000000000000000000000000134d34d34d555555555555555555befbef6db6efbefb802ff931
26205:0 1094 0 151 d3009144600179355ba00024a184002200000000200101007fffea6a0a0b2aca812f13cfc498e3b3fbc3f777ef33e8e7e00fbcfc94f8b1f1441ec05010a3664acc9d193e125e25e04bb001cde0171f80643a1e08d079f841e93f7f3a3bfb4df7ebff3ffadcfef3bdfbae20610c8185a7861c2e0a13a82be820b1257777777777777fff77000016db6db6db6db6cd34d555555554c06398
26436:0 1005 0 25 d300133ed00103c2293629c3348b69d299092b9418da008a6a
26436:0 1033 0 32 d3001a40900100000530303030300007504e545052465405303030303037f85e
26436:0 1230 0 14 d300084ce0010a00000000464ff4
26436:0 1074 0 224 d300da4320017935a9c20024e020006980000000204101007e7ffff7a7a8a4a426a222a306b09dea944407ad6c4e89b6147028dc521167f2d5e3f3484210711ea194372e1e5e0ca107448f229e463a79b86370c6e18dc31dc43b7c7705c6af8f631f5e2ab040e780f38c03ce4c0f19b0a7fa4292a3071f0c1c3c9070f301c328f1c2b3c6f08f1bc23c6fb10cfbb8311e60c85282eaf9f70c63dc321f70c87dc322fb8d77ee289fb8a43c4858f10ce7c4335f10e2622222222222222222222222222220000000134d34d34d555555555555555555befbef6db6efbefb80ea4616
26436:0 1094 0 151 d300914460017935a9c20024a184002200000000200101007fffea6a0a0b2aca812f0dd145b903a3b42f684ed0eee41dd67ba96b9ed6c3ad6cc02192c328e36186cb0d99f9f3f50bea0fba38def8cb7beae9f5e177d95adf66c97afca7ea579fa825e13d9703fea60fd9c83279e0cb5d033305fdde17fb11bfedcbf777777777777fff77000016db6db6db6db6cd34d555555554a1499f
26436:0 1124 0 131 d3007d4640017934cf0000248000062008040000200001017fff4a4a514e4806f7bafd219f8097017f025e7324e641cc9c9d7993327d827c0a300a0032b85910d1401f980088ec01f7c0732d41ccc18732d3e6946f9d3b1e690f013868050ef0137020870b02835c086befffffffffffffff8000df7dedb6daaaaaaaaadf7dc0c8b202
26697:0 1005 0 25 d300133ed00103c2293629c3348b69d299092b9418da008a6a
26697:0 1033 0 32 d3001a40900100000530303030300007504e545052465405303030303037f85e
26697:0 1230 0 14 d300084ce0010a00000000464ff4
26697:0 1074 0 224 d300da4320017935f7e20024e020006980000000204101007e7ffff7a7a8a4a426a222a306d0cdfe964287ad604ff6d0eea5dd47bae7c33f8c42b245c00b6d149bed8fe0cfc36f6bc41f48d811b1214e39cc7398e731ce7f097e06fc1af509ec17d8c79d9fa9b6fe96c9fa5b43e94d8fd59a3f4922049d4012356048d64122b5fcedc3f39ccfce733f3a7606b16c17f53063adc158660739f81ce86073a181ce88fe1837f8539fe1503f2e04fca397f28e2fca4d666666666666666666666666666664000000134d34d34d555555555555555555befbef6db6efbefb801b869f
26697:0 1094 0 151 d300914460017935f7e20024a184002200000000200101007fffea6a0a0b2aca812705d246f923926e98dd21ba81e223d287a11aca351c6a1f621ed6cdb0c094c1310266e20dc53b8a6874a3c1e2770791980dd258391e60e5d706c7b01983c064d67e8189790e6fe418e805aca01828006631f1ea2fcb423f2e8d7fffffffffffffffff800016db6db6db6db6cd34d555555554de8b17
26697:0 1124 0 131 d3007d46400179351d2000248000062008040000200001017fff4a4a514e4805f81ad5299f44030856100fd53baa6f54ed539aff755665e5d10397a789a706ee2ce08d14023edc08cf87d53eff55087d53efec4617b401bec429fa12afe8780fa1149f34d9fd3a97f348d7ffffffffffffff8000df7dedb6daaaaaaaaadf7dc0135966
26927:0 1005 0 25 d300133ed00103c2293629c3348b69d299092b9418da008a6a
26927:0 1033 0 32 d3001a40900100000530303030300007504e545052465405303030303037f85e
26927:0 1230 0 14 d300084ce0010a00000000464ff4
26927:0 1074 0 224 d300da432001793694220024e020006980000000204101007e7ffff7a7a8a4a426a222a306f126269abf87b5485212d826b24d609b1888e117c082015f82ac0317a8af570eafed44ddf63c85f90cf0044210842108421081efc3d307b4d387a91352be918089f0c217b1085ee0215c003876c0d495003c7400b22002c9800a81f4519bd12c2f44b0bd136cfa5efbe6ab6f9e867e43c8084268210a308428c210a403e4d80f86203e1abd15e7f44327d10c5f44462aaaaaaaaaaaaaaaaaaaaaaaaaaaa8000000134d34d34d555555555555555555befbef6db6efbefb80220165
26927:0 1094 0 151 d30091446001793694220024a184002200000000200101007fffea6a0a0b2aca8126f7d549396371e96fd2d7a5efe79fdd7fb7798af29be51ca7e16242c7fb5036a86d5333c668b0d157ef7bbfcdd6ff3f17fdfd87f9cb1fe889fe779df84377dfd5410d16033ca20cd1bfb162bec7007b21901ac7886eb781bc637fffffffffffffffff800016db6db6db6db6cd34d555555554e4838d
26927:0 1124 0 131 d3007d4640017935b96000248000062008040000200001017fff4a4a514e4803f8ca85389e8b5e170c2d7b9dcf3b96773ed6be05bb626dafe097b6cc44587c5117c1787105ec501785579dd43e775d79dd43f85e4fe4629f85ad7c0533f0421fc03cc0aa500310700aa03fffffffffffffff8000df7dedb6daaaaaaaaadf7dc01e2b6c
27065:0 1005 0 25 d300133ed00103c2293629c3348b69d299092b9418da008a6a
27065:0 1033 0 32 d3001a40900100000530303030300007504e545052465405303030303037f85e
27065:0 1230 0 14 d300084ce0010a00000000464ff4
27065:0 1094 0 48 d3002a4460017936e2420024800000200000000020010100756cc31b0e370c6e5e27a2f8a477e2a857ff8aaaa82f86ef
27065:0 1124 0 131 d3007d4640017936078000248000062008040000200001017fff4a4a514e4802f91a5d3f9e4f4d1eeb3d3604500890114fa37f9f7e9511f028ea47efa83f441ea741f65787e3f21f63a00455a0116300455bfec527fdfe5fec17051dd814962051c5df71fb7e2f0df71b07ffffffff8007ff8000df7dedb6daaaaaaaaadf7dc0905921
27237:0 1005 0 25 d300133ed00103c2293629c3348b69d299092b9418da008a6a
27237:0 1033 0 32 d3001a40900100000530303030300007504e545052465405303030303037f85e
27237:0 1230 0 14 d300084ce0010a00000000464ff4
27237:0 1074 0 224 d300da432001793730620024e020006980000000204101007e7ffff7a7a8a4a426a222a307317e4e9ebc67bd3054714ee3a1c73f8ed162c2cb9ebe3dd77b9bf4f66f04e3b1c9437787f9508ba118401e5188a31146228c45500a94153634666ad0d639988f7da5fde684f79a2fde4930a56802885afcb45ff291cfca483f287b0d1c883457e0d15f8346270e652436c410dee94345540a31b428c760a31d828c770aa5cc2a89f0aa298323e50c7b1831ec20c7c5aaaaaaaaaaaaaaaaaaaaaaaaaaaaa8000000134d34d34d555555555555555555befbef6db6efbefb804ee178
27237:0 1094 0 48 d3002a446001793730620024800000200000000020010100756ccccf99a023408190bf0648e8193a1fff8aaaa88d05e3
27237:0 1124 0 131 d3007d464001793655a000248000062008040000200001017fff4a4a514e4802396a35479e33686721cda26c4cd891b13077e14801e6f6a3f251dabb105e145c47fe79b7f9f171e799986c5481b15e86c546056878188bc0564cfe4aadf94977e4931e4244f97033e41f9fffffffffc447ff8000df7dedb6daaaaaaaaadf7dc0e61998
27406:0 1005 0 25 d300133ed00103c2293629c3348b69d299092b9418da008a6a
27406:0 1033 0 32 d3001a40900100000530303030300007504e545052465405303030303037f85e
27406:0 1230 0 14 d300084ce0010a00000000464ff4
27406:0 1074 0 224 d300da43200179377e820024e020006980000000204101007e7ffff7a7a8a4a426a222a30751ae62a13ae7c52455e173c3eb87d30fffd74fb49e04bc64f8b6ef2bd667b27766ceb2850b8ab0156128b1dbffb7ff6ffedfe72e4e501caee5bdcd7f9b97232efecd7beb23efacabbe932fdfa67f7153fb4187ecc66fb31abecbc5fa0887e807dfa01f7e81270889981f55e0813081ce71fb7fdfedffffb7fffee0010e61e8397a70e5ebbe3933f8d053e3410f8d192eeeeeeeeeeeeeeeeeeeeeeeeeeeec000000134d34d34d555555555555555555befbef6db6efbefb80d7d905
27406:0 1094 0 48 d3002a44600179377e820024800000200000000020010100756cdc87b1105220e100ef8409aa103d27ff8aaaa800b435
27406:0 1124 0 131 d3007d4640017936a3c000248000062008040000200001017fff4a4a514e480139ca0d4e9db7aeefaedebfd5cbab8f572153e30005569ba93c5c6ed07cd0ed41f9bf028ffc14d1f0271fd5ce9f5746fd5ce80c4878340ba0c44c878c0a1e4ef078a9011b2b04d3cc11ae07ffffffffcccfff8000df7dedb6daaaaaaaaadf7dc092f4ca
27655:0 1005 0 25 d300133ed00103c2293629c3348b69d299092b9418da008a6a
27655:0 1033 0 32 d3001a40900100000530303030300007504e545052465405303030303037f85e
27655:0 1230 0 14 d300084ce0010a00000000464ff4
27655:0 1074 0 224 d300da43200179381ac20024e020006980000000204101007e7ffff7a7a8a4a426a222a30772068aa5b7e7cd0e5803900822104020d8cf41a49ce2ba20f42ee61dad8f60cec36d6bdf51bf3cfe7afae1f647ec8fd91fb23b46367fed0dca2f96632d5e46c00fb2c02eb800bafc02cc705ba7c16159f8fdbfe3b75f8ede3e3ad4f4ed93d39c0f4e703d3a69fd15c3f1868fc9f33ef17afec907fb24afec92bfb24bf6915fda384f68e2fc806af1ed2fc7b47f1ee6eeeeeeeeeeeeeeeeeeeeeeeeeeeeec000000134d34d34d555555555555555555befbef6db6efbefb80700d3d
27655:0 1094 0 48 d3002a44600179381ac20024800000200000000020010100756cfc027005e00c1ff67dffdfe3ff9607ff8aaaa8ba2e31
27655:0 1124 0 131 d3007d4640017937400000248000062008040000200001017fff494a514e48ff3a79bd5e9d00c001d10303ad2f5a56b4b322a69d8c9266abd25f9adb62a6b8ed910024ba009d7a0249c7ad347eb4ddfad3441abe906de401abae7a4c7be950b7a4b01ee6d1fc0267ee686fffffffffd557ff8000df7dedb6daaaaaaaaadf7dc073feea
27886:0 1005 0 25 d300133ed00103c2293629c3348b69d299092b9418da008a6a
27886:0 1033 0 32 d3001a40900100000530303030300007504e545052465405303030303037f85e
27886:0 1230 0 14 d300084ce0010a00000000464ff4
27886:0 1074 0 224 d300da432001793868e20024e020006980000000204101007e7ffff7a7a8a4a426a222a30792369ea7b667d502597588ec13d823b09f52deabbc7a394ff28ce2d81d5440588280ea1c85b9a47349e481861f0c3e187c30fd7fbaf375f4fd4ffca3f9dfdfcf9f71be6db3f9b6ebe6bc2f9d6bfe6869f82ccfe0739f81cf3e069802e6a40b80502e0140b8aef77d9bdb25ef7070bd8b70f0c3fbc3107f0c41fc3109fb04bbec05bfb018bfb25cfeb4f7fad39feb636eeeeeeeeeeeeeeeeeeeeeeeeeeeec000000134d34d34d555555555555555555befbef6db6efbefb80008da4
27886:0 1094 0 48 d3002a446001793868e20024800000200000000020010100756d0fc5278b4f16df7bdbfdf55bf7ebe7ff8aaaa8dce81e
27886:0 1124 0 131 d3007d46400179378e2000248000062008040000200001017fff494a514e48fe3ac999659c858a8b66162e1b1836286c6c157883305d0ca71e5632c8dc01aba37680be0f0302d00bdf181b20006c8c81b1ffe254d78c3d3e251203cb780f4ca03c9fc1d99187cd661d946fffffffffd557ff8000df7dedb6daaaaaaaaadf7dc07c4921
28014:0 1005 0 25 d300133ed00103c2293629c3348b69d299092b9418da008a6a
28014:0 1033 0 32 d3001a40900100000530303030300007504e545052465405303030303037f85e
28014:0 1230 0 14 d300084ce0010a00000000464ff4
28014:0 1074 0 224 d300da4320017938b7000024e020006980000000204101007e7ffff7a7a8a4a426a222a307b25eb2aa34e7d4f65a681ed141a27b4541dba3bddc2d38b6f15ae0758feb25864cdc7ed9c2741d683cce5c17c02f805f00be1fd7bfa2ff5331066410c8c97d8f340bfcc00af3002bcbe150e18e837891f79027ddfd8f77f63ddf24f1387bc4c6bf1319fc4d0df1fc23c5276f1875bc2b8c02f84c0be1c02f8700be1effb613feccfffb33c2edbc0ba2382e88e0ba37eeeeeeeeeeeeeeeeeeeeeeeeeeeeec000000134d34d34d555555555555555555befbef6db6efbefb801912a3
28196:0 1005 0 25 d300133ed00103c2293629c3348b69d299092b9418da008a6a
28196:0 1033 0 32 d3001a40900100000530303030300007504e545052465405303030303037f85e
28196:0 1230 0 14 d300084ce0010a00000000464ff4
28196:0 1074 0 224 d300da432001793905220024e020006980000000204101007e7ffff7a7a8a4a426a222a307b28ec6ac3347dcea5b9b4c379c6f34deb86920d8dbfab851f090dee0054c1040225029c70cceb21d6638b3ab335666accd59824e4490092ee557ccb79a0f2000cd82c325e50c9794323f10284f809394f72ae3dc686f71a1bdc5d3ffe48bff76fffddafff8110c91342f7bb0c1c702d0d2f56657d599ef5667bd599f04a38c1282f04a0bfe32c5f8b65fe2d97f8b7a2eeeeeeeeeeeeeeeeeeeeeeeeeeeec000000134d34d34d555555555555555555befbef6db6efbefb806e8d4a
28196:0 1094 0 48 d3002a446001793905220024800000200000000020010100756d2f551eab2d569e9bc2fa74f7e9ea57ff8aaaa81e6969
28196:0 1124 0 131 d3007d46400179382a6000248000062008040000200001017fff494a514e48fc3b7949749c0fa41f993e93fb63f6bfed8e11dc7bf84e99943832667fdbb7ab0f75220138880f742011b7fb68dfedafffb68df2380fcbca1f23458706da1c3a307055ffd8ebffcacffd8a0fffffffffdddfff8000df7dedb6daaaaaaaaadf7dc00c61c8
28377:0 1005 0 25 d300133ed00103c2293629c3348b69d299092b9418da008a6a
28377:0 1033 0 32 d3001a40900100000530303030300007504e545052465405303030303037f85e
28377:0 1230 0 14 d300084ce0010a00000000464ff4
28377:0 1074 0 224 d300da432001793953420024e020006980000000204101007e7ffff7a7a8a4a426a222a307d2bedaae31c7dcde5c8f171f323e607d16fbadfddbe2f8227031de227d79009a0303eb2462c95e12be2360406c80d901b20364e389ba93841a4036846da8c7506bd4419f2c067cb019d38f718ebdb890f6fb5bdbaa5f6ea97db9f20eea083b8cf0ee3303b971073d081a2b006c84017bc6080dd82037f080dfc2038009ce48272de09cb781815805f0ac17c2b05f1f2eeeeeeeeeeeeeeeeeeeeeeeeeeeec000000134d34d34d555555555555555555befbef6db6efbefb8002104f
28377:0 1094 0 48 d3002a446001793953420024800000200000000020010100756d3f225e45bc8bbe364678df05e3928fff8aaaa887144f
28377:0 1124 0 131 d3007d4640017938788000248000062008040000200001017fff494a514e48fb7bc9217c9bf4f36a36d3ce6dc0db71b70f1b9e8f7c7500860614024761feb79d8e7eab12fab6dfeaaf506dc5e1b72406dc5dfa8567ecff5fa81b00c334032b980c1b9ee5837bfd2fee538fffffffffdddfff8000df7dedb6daaaaaaaaadf7dc0530efa
28657:0 1005 0 25 d300133ed00103c2293629c3348b69d299092b9418da008a6a
28657:0 1033 0 32 d3001a40900100000530303030300007504e545052465405303030303037f85e
28657:0 1230 0 14 d300084ce0010a00000000464ff4
28657:0 1074 0 224 d300da4320017939a1620024e020006980000000204101007e7ffff7a7a8a4a426a222a307f2e6eeb0b047e4d25e037c07fe0ff4203993232cbbe5f828703dde3bf873f697eeffc2e1c4042088430e6bd777aeef5ddebba7978f229e53cfc3a18f43be73600f03002be600af98029f20bd4942e77cf7016bdbc29f6f0a7dbb76fe491ff9094fe4243f913601ff9805354018ad002c6afaeed7ebbbefaeefbebbbf0f36183ccd20f334bcd97ff3514bcd452f3528b33333333333333333333333333330000000134d34d34d555555555555555555befbef6db6efbefb80e3af68
28657:0 1094 0 151 d300914460017939a1620024a184002200000000200101007fffea6a0a0b2aca8116afe2d4fa92cfc79b8f1f1e8eb9bd81bb001b61364a6c7b27365f3cc0e7990f3a1e76eb63d7ebafcfcda63f46867d21cdf48ec7d40f9f519886ed681a1aa067321e0dfff7909dddc7c875f581d951076ae3f695efddf09f79477ffffffff8007fffff800016db6db6db6db6cd34d555555554fa4681
28657:0 1124 0 131 d3007d4640017938c6a000248000062008040000200001017fff494a514e48fa7c28f9849b7a6df52ce9bbe19bc32786602cc0b1c0bae7c9d49b9f50ec99ccd3b8df5a6f7d744ff5a517e19e1f8684fe19e0030fa00f284030bf7a93f1ea6e87a92741fab80852001fa6d7ffffffffdddfff8000df7dedb6daaaaaaaaadf7dc0b4d7a1
28885:0 1005 0 25 d300133ed00103c2293629c3348b69d299092b9418da008a6a
28885:0 1033 0 32 d3001a40900100000530303030300007504e545052465405303030303037f85e
28885:0 1230 0 14 d300084ce0010a00000000464ff4
28885:0 1074 0 224 d300da4320017939ef820024e020006980000000204101007e7ffff7a7a8a4a426a222a308131702b2aec7e4c85f787df1ffe3fbc8402f80659c03f86470b4df2a7634f211e5f3b11f30fefa7df6f9d07048e091c123825a6a34c7e99e05de0dc01c20244fb70abecc04fb3013eca1000b80402057f73d4bdcb20f72c83dca6d0e018837eaf0dfab037f52fcd917f09b3fc644fee2ca0e0940382580e09603825af4db33d3618f4d86003b3600d8200360800d96733333333333333333333333333330000000134d34d34d555555555555555555befbef6db6efbefb80b0711d
28885:0 1094 0 151 d300914460017939ef820024a184002200000000200101007fffea6a0a0b2aca8116a7e4561ab2bf9c0737f67031df83cd47978c4e1824302fd0d7b27f67463b8c7e98ffda35b58f6b17a210fe98317a68780dbdd038cbc0e4898328c40b08102ae7df613bfcdd8ff2fb88601be181ea860d49edfef7bb94beefd7fffffffffc447fffff800016db6db6db6db6cd34d5555555546bf063
28885:0 1124 0 131 d3007d464001793914c000248000062008040000200001017fff494a514e48f97c78d18b9b0014807a005656e8adc95ba145c2e3c51e0f5d23c43da07b80eaa1f4600f4f0047ce00f31056f1415bd1856f140bd728324680bd38047912120310477981188904c9461183efffffffffdddfff8000df7dedb6daaaaaaaaadf7dc00572af
29023:0 1005 0 25 d300133ed00103c2293629c3348b69d299092b9418da008a6a
29023:0 1033 0 32 d3001a40900100000530303030300007504e545052465405303030303037f85e
29023:0 1230 0 14 d300084ce0010a00000000464ff4
29023:0 1124 0 131 d3007d4640017939b10000248000062008040000200001017fff494a514e48f77d28819a9a8be7981e2fa046008bf918038ea7754e419f7a44007e1ba63f401e9f6189a68631341898a8460861182e0460841e1eb87b65a1e1ae88808a2220f087f0ff6e047e1f39f6db97ffffffffdddfff8000df7dedb6daaaaaaaaadf7dc098f7a9
29243:0 1005 0 25 d300133ed00103c2293629c3348b69d299092b9418da008a6a
29243:0 1033 0 32 d3001a40900100000530303030300007504e545052465405303030303037f85e
29243:0 1230 0 14 d300084ce0010a00000000464ff4
29243:0 1074 0 224 d300da432001793ad9e00024e020006980000000204101007e7ffff7a7a8a4a426a222a308539f3eb9aa27f4a4629b24374c6e94dd7822904bbcfe3a58f49ee6fc003c06280e200167bbd010a0233e2a45848b0916122c239907258e592bc65994b3c95380cc41c320e10c838431eed00502400660f931dfe4846f9211be4793ff42ebfcf07ff3c13fcfaa0def5c34f450d7a943285c08b0d822c3f08b0fc22c400739281cd96073658299c50a525c294970a53a333333333333333333333333333330000000134d34d34d555555555555555555befbef6db6efbefb8010a0f0
29624:0 1005 0 25 d300133ed00103c2293629c3348b69d299092b9418da008a6a
29624:0 1033 0 32 d3001a40900100000530303030300007504e545052465405303030303037f85e
29624:0 1230 0 14 d300084ce0010a00000000464ff4
29624:0 1074 0 224 d300da432001793b28000024e020006980000000204101007e7ffff7a7a8a4a426a222a30873cf52bc28a7fc9864129226284c4c98eed2cdac1d86fb6a76c1eb43892f180e31ec48c556cb46168e2b01e587cb0f961f2c26e60dbf9b8de447ca9795cf178087b1820ea1083a8420cacf5d1cfd66c9fa43afe8cb9fa32e7e8c06f060b7c167af059dbc171c0924fc21cad08b0341f5c4fcb0bff2c38fcb0e3f2c390dd2f0374080dd023e21c2f87253e1c94f8739733333333333333333333333333330000000134d34d34d555555555555555555befbef6db6efbefb802e5de6
29984:0 1005 0 25 d300133ed00103c2293629c3348b69d299092b9418da008a6a
29984:0 1033 0 32 d3001a40900100000530303030300007504e545052465405303030303037f85e
29984:0 1230 0 14 d300084ce0010a00000000464ff4
29984:0 1074 0 224 d300da432001793b76200024e020006980000000204101007e7ffff7a7a8a4a426a222a30893f766be2728048e650a9b163a2c70593187e3165e2abcb1f94ff06014e42f7860c0a682fd06930d281835874f0e9e1d3c3a7a51b496693b1d603cc47a28e05047fa410fc3043f0c10dcf0b7ae42d110fb8acbede80fb7a03eddcd01d79c0743401d0c0074d60471e40efe703fd1c0c8fef0e9efc3a83f0ea0fc3a85f4a9ebd29c6f4a7181b35706b8a41ae2906b9eb33333333333333333333333333330000000134d34d34d555555555555555555befbef6db6efbefb80b6a68d
30665:0 1005 0 25 d300133ed00103c2293629c3348b69d299092b9418da008a6a
30665:0 1033 0 32 d3001a40900100000530303030300007504e545052465405303030303037f85e
30665:0 1230 0 14 d300084ce0010a00000000464ff4
30665:0 1074 0 224 d300da432001793c12600024e020006980000000204101007e7ffff7a7a8a4a426a222a308d4578ec2a4280c7667fc7ffa03f403e85700fe085fc1bfdfffacfd1834b06f08dff1a4fe6d3d72fae7f3b3d03fa07f40fe81e18442fc0606115e24c44a28804fd714ff4c2efd30bbf4a3af7431fdc31efeb8ebfaa08fea823fa95505d1141729205ca3817334fb519fea7d5fadcd7e80ecfa0817e820dfa0837e820f030f980c332030cc80f34203b8540ee1503b99b33333333333333333333333333330000000134d34d34d555555555555555555befbef6db6efbefb800d475a
31146:0 1005 0 25 d300133ed00103c2293629c3348b69d299092b9418da008a6a
31146:0 1033 0 32 d3001a40900100000530303030300007504e545052465405303030303037f85e
31146:0 1230 0 14 d300084ce0010a00000000464ff4
31146:0 1074 0 224 d300da432001793caea00024e020006980000000204101007e7ffff7a7a8a4a426a222a30914afb6c7212814606a70cee2a1c53f8ac88d9121a1c303e207b10d225fa0c4e98bb2fc7a0bf4b06962d0a8205440a8815102b931b256e4bb07c2118c23b8337f798dbdd610f75843dd41c03a87c0dc7502bbbc0aabe02aaf80aa0b0b2f102ca110b28382cab4f28efbc772cf21a33c5043040b14102ce040b38102d0f269ffc99cbf2672c0598b0151780545e0152bf33333333333333333333333333330000000134d34d34d555555555555555555befbef6db6efbefb80cb65e9
31563:0 1005 0 25 d300133ed00103c2293629c3348b69d299092b9418da008a6a
31563:0 1033 0 32 d3001a40900100000530303030300007504e545052465405303030303037f85e
31563:0 1230 0 14 d300084ce0010a00000000464ff4
31563:0 1074 0 224 d300da432001793cfcc00024e020006980000000204101007e7ffff7a7a8a4a426a222a30934dfcac99f881c546bebded8c1b17f634f5b4ebd02eb86338c541669f947f837f24fc987ec907220e63fb1cb1396272c4e589d363a5ff4cdc3dd89bf141e143f520c3d380af4e02bd3616fa160fe77d9050cd013f0204fc0813e4ffe6393f9731fe5cb7f97d30e50f4367ab0ddc30340c2f9625be589ef9627be58a0fa7313e9c10fa7043c1b11f05793c15e4f058d333333333333333333333333333330000000134d34d34d555555555555555555befbef6db6efbefb80c65c0e
31924:0 1005 0 25 d300133ed00103c2293629c3348b69d299092b9418da008a6a
31924:0 1033 0 32 d3001a40900100000530303030300007504e545052465405303030303037f85e
31924:0 1230 0 14 d300084ce0010a00000000464ff4
31924:0 1074 0 224 d300da432001793d4ae00024e020006980000000204101007e7ffff7a7a8a4a426a222a309550fdecc1e081c486ce788d015a027409e2ddc62242e88b99160208195b3310e63fcace5d98c4b98992f187794ef29de53bca15902a5855a008e032006e7f9cf2f603cad5bf2b56fcab67f0aa87c1cf70792e41e0880782201dfd5f1f113c7a91f1ea37c7b330a2ab825e1c09b5f0237320ef2b83bcb70ef2dc3bcb902b9440ad9d02b677fe631ff840ffe103ff855333333333333333333333333333330000000134d34d34d555555555555555555befbef6db6efbefb80705ddd
32324:0 1005 0 25 d300133ed00103c2293629c3348b69d299092b9418da008a6a
32324:0 1033 0 32 d3001a40900100000530303030300007504e545052465405303030303037f85e
32324:0 1230 0 14 d300084ce0010a00000000464ff4
32324:0 1074 0 224 d300da432001793d99000024e020006980000000204101007e7ffff7a7a8a4a426a222a3097537f2ce1c88243c6de3cdc8a1913b22c1054211058c0b7496d62b6c34e46f70e0c1a683d2483d107c1edc25dc4bb897712ee59acb2916613dda7db8fc11e42f118b7c3608f0d823c34140765f01cbd20a4e1028f530a3d4c28ea005d7941743205d0b8174d4061c3015a7a05a7681339104bc3812f1604bc5812f180b3cac2ce770b39dc3baef0ed7043b5c10ed84b77777777777777777777777777774000000134d34d34d555555555555555555befbef6db6efbefb8087f836
32736:0 1005 0 25 d300133ed00103c2293629c3348b69d299092b9418da008a6a
32736:0 1033 0 32 d3001a40900100000530303030300007504e545052465405303030303037f85e
32736:0 1230 0 14 d300084ce0010a00000000464ff4
32736:0 1074 0 224 d300da432001793e35400024e020006980000000204101007e7ffff7a7a8a52426a222a30995901cd299883426701e293d567aa8f5aec2dd8bf8967188e2ffc3bc7ba0fcf1fba3dc601c010f821a028787cf0f9e1f3c3e7e7abce8f9df3a3e7680eda1c740e46503816b0e05ac37f73f55223d46e2f062ffc1498f05263c13ec0eaf803aa300ea8c03aadafe4503f7f1bfdfc6ff7b0ff0fa37c3e96f0fa5bc3e97fcfb83f3e28fcf8a0381350df02037c080df15777777777777774000377777777774000000134d34d34d555555555555555555befbef6db6efbefb8006369d
33145:0 1005 0 25 d300133ed00103c2293629c3348b69d299092b9418da008a6a
33145:0 1033 0 32 d3001a40900100000530303030300007504e545052465405303030303037f85e
33145:0 1230 0 14 d300084ce0010a00000000464ff4
33145:0 1074 0 224 d300da432001793e83600024e020006980000000204101007e7ffff7a7a8a52426a222a309b5b830d51808341a719c3e398072fce651a8d3581a4334e269b2d122232c4c0899d118be38bd48fa8df36a3b7476e8edd1dba31846238c56f957f4b7ea0fc000d5104344180d1060342200c8270312f6f3bc9fceb00f3ac03cea5403a0ac0e67c0399f00e725fa7e13e8d60fa3583e8954076ed41dbbe076ef81dbbf0636d418cfd0633f7f72c9fdb66ff6d9bfdb7a777777777777776222377777777774000000134d34d34d555555555555555555befbef6db6efbefb807f1567
33514:0 1005 0 25 d300133ed00103c2293629c3348b69d299092b9418da008a6a
33514:0 1033 0 32 d3001a40900100000530303030300007504e545052465405303030303037f85e
33514:0 1230 0 14 d300084ce0010a00000000464ff4
33514:0 1074 0 224 d300da432001793ed1800024e020006980000000204101007e7ffff7a7a8a52426a222a309d5e844d796883c0e729aee36e06dbcdbd093c12ddc0a7870f0cfdf5dcd7fa0af431e6b3c617999f32fe4b1f0e3e1c7c38f8707d48f9c1f47390a7418e8d9bda0ca90431a180c68603182003d9940e8bff74b0bdce9cf73a73dcdeff8eaafe38fcf8e3f3e39a5f6cf17da1a1f68687d9d95fe1c73f8725fe1c97f87260faf543eb1d0fac7436dfb0da334368cd0da46f77777777777776666777777777774000000134d34d34d555555555555555555befbef6db6efbefb806713ce
33914:0 1005 0 25 d300133ed00103c2293629c3348b69d299092b9418da008a6a
33914:0 1033 0 32 d3001a40900100000530303030300007504e545052465405303030303037f85e
33914:0 1230 0 14 d300084ce0010a00000000464ff4
33914:0 1074 0 224 d300da432001793fbbe20024e020006980000000204101007e7ffff7a7a8a52426a222a30a367080de91e84bec769a9d363e6c78d9497162e921fdc457889d0ef9dd13bfd7816ee7c7230f1d9e363abe1bd437a86f50dea6c14d761afafbc1f987f3afd350c80a030fff0c3ffc30e070ac7102a41e0332240c86303218c0c7b7fadd33eb59dfad677eb6460c52e4302950c0a542fe89037af00dec4037b100dec60d89103618c0d8633f994ffe5087f9421fe51bf77777777777776aaab77777777774000000134d34d34d555555555555555555befbef6db6efbefb800cd2f0
33914:0 1094 0 151 d30091446001793fbbe00024a184002200000000200101007fffea6a0a0b2aca81061ffeec3d118bdbf3b7c76fcff89fff3ffa07ba0efa1ddccf91b09363c11802390475f7cbf0a7e13fe2073f98177e681bfe8b57fc097ff18a0203a40673901895a15cdb84c97a12a9b00dc9e0387a00e775fcdad7f71bdfde017ffffffffe667fffff800016db6db6db6db6cd34d55555555474602d
34244:0 1005 0 25 d300133ed00103c2293629c3348b69d299092b9418da008a6a
34244:0 1033 0 32 d3001a40900100000530303030300007504e545052465405303030303037f85e
34244:0 1230 0 14 d300084ce0010a00000000464ff4
34244:0 1094 0 151 d30091446001794058200024a184002200000000200101007fffea6a0a2b2aca81061001ee9d516bd6cfad775b3ec2fd93fb23ef28ddd9bb9438a082b107e2d7c5b80b73eb23d757ae9fdce09f837cfe15b3f4de7fd5561f56bcfbdf3bede1efb64f202ef70011e7ffcb6829c2a0a85d02a703f686efddcc1f78c27ffffffffe667fffff800016db6db6db6db6cd34d555555554b28848
34575:0 1005 0 25 d300133ed00103c2293629c3348b69d299092b9418da008a6a
34575:0 1033 0 32 d3001a40900100000530303030300007504e545052465405303030303037f85e
34575:0 1230 0 14 d300084ce0010a00000000464ff4
34575:0 1094 0 151 d300914460017940a6400024a184002200000000200101007fffea6a0a2b2aca810608036fbd715bd73bae4f5ce22cc46788cb6314c5af8b44ede9ed33dd03e107cb0f98e59fcc4b9887dd4d9f8530fe1c80102d704291e10bacf8da27e1cd9f85fdc1998185bc121674103a5980eab883b06ff3c3ffd2c07f4c93fffffffffe667fffff800016db6db6db6db6cd34d5555555545518be
34815:0 1005 0 25 d300133ed00103c2293629c3348b69d299092b9418da008a6a
34815:0 1033 0 32 d3001a40900100000530303030300007504e545052465405303030303037f85e
34815:0 1230 0 14 d300084ce0010a00000000464ff4
34815:0 1094 0 151 d300914460017941dec00024a184002200000000200101007fffea6a0a2b2aca8105ec08f47df91becf3d9bfb3cff31ff43fe3f421e7c9cf7bc807a1af45d91cf243e489d4e7aad7559ff3011fdbf97f779bfe62cffb6b9fef15fd1d67f2da9fca31df4d57fc8ad1f1af078e0cfe3976f8eb63eb6a27b15bdec7017ffffffffeeeffffff800016db6db6db6db6cd34d555555554c0cb17
35123:0 1005 0 25 d300133ed00103c2293629c3348b69d299092b9418da008a6a
35123:0 1033 0 32 d3001a40900100000530303030300007504e545052465405303030303037f85e
35123:0 1230 0 14 d300084ce0010a00000000464ff4
35123:0 1074 0 224 d300da43200179422ce20024e020006980000000204101007e7ffff7a7a8a52426a222a30b57e122f185e87b9280f44ce99fd33ba6c9e9c3da865f8d1d9a293213d5c7b147644eadbb0c36aaed50d8b431d863b0c7618ec3d287980f3e1d783cf87a90e11f95693e4560f91583e43620e811c391ed0beea42f6f00bdbc02f623f9f1f3e7aa6f9ea9be7b47f4f997d3d78f4f5e3d3d51063b6418ee2063b8818ee307ae381eb0907ac241b4d906bea41afa906bfdb77777777777774000377777777774000000134d34d34d555555555555555555befbef6db6efbefb80ea24f7
35123:0 1094 0 151 d3009144600179422ce00024a184002200000000200101007fffea6a0a2b2aca8105e40a759e190bf75fee9fdd736c66e6cdc968bcd0ffa1e47fb11102249ab1356bead9d213a52f4a4ffd6e4005ae001e701a2e286a9901abcbfa441de775779c9d40bcb982485808a527a74dbe9e79fa7f71ea0047abb45eb062fffffffffeeeffffff800016db6db6db6db6cd34d5555555547047df
35464:0 1005 0 25 d300133ed00103c2293629c3348b69d299092b9418da008a6a
35464:0 1033 0 32 d3001a40900100000530303030300007504e545052465405303030303037f85e
35464:0 1230 0 14 d300084ce0010a00000000464ff4
35464:0 1074 0 224 d300da43200179427b020024e020006980000000204101007e7ffff7a7a8a52426a222a30b781138f404688388827a37f575eae3d6210e322379613320e62fca1fa14b484e925d09d9c77421683ece8ffc93f927f24fe499fef3f0e7efe467cad7964f189fc4c03f02bdfc0af7f00bf07a48c1dac8f1f197c77acf1deb3c76dff3628fcd6cdf35b37cd76ef2704bc9b25f26c97c9afdff92affe4b3ff92cffe4b5f406b3d0127f4049fe23bff87a3be1e8ef87b6f77777777777776222377777777774000000134d34d34d555555555555555555befbef6db6efbefb8055fdc1
35464:0 1094 0 151 d3009144600179427b000024a184002200000000200101007fffea6a0a2b2aca8105de0b76de38fa03cc07700f3ee8fde03bbb9d7a3a7a74df37e6816d055c60f8cb7199cfc9a09f412809dca0376780e557f6129fda2adf6a1287739a1c33686f951e2d127809bbdfaaafc24abf0a6dfc2f3fe8dbc7a7227e9e1b7ffffffffeeeffffff800016db6db6db6db6cd34d5555555540d4d86
35794:0 1005 0 25 d300133ed00103c2293629c3348b69d299092b9418da008a6a
35794:0 1033 0 32 d3001a40900100000530303030300007504e545052465405303030303037f85e
35794:0 1230 0 14 d300084ce0010a00000000464ff4
35794:0 1094 0 151 d300914460017943b3800024a184002200000000200101007fffea6a0a2b2aca8105c2117b7eb8ba498492e9262cfa5a027400f1d1e329c6381d404c109aa434487290e7cc15993732504f94e14e450540dbe69e879c5c3e72d87c8959f08a67c0f0fff7d8ff34dbfc57483f84a0ff538402dfe700779fb4be8062fffffffffeeeffffff800016db6db6db6db6cd34d555555554add1b1
36087:0 1005 0 25 d300133ed00103c2293629c3348b69d299092b9418da008a6a
36087:0 1033 0 32 d3001a40900100000530303030300007504e545052465405303030303037f85e
36087:0 1230 0 14 d300084ce0010a00000000464ff4
36087:0 1074 0 224 d300da43200179444fc20024e020006980000000204101007e7ffff7a7a8a524262222a30c5929b302fb48ab4489ea56d5b3ab6357184c309f9d8afb7476d6eb6da053465e8e7d02033246f70de919e7e213c427884f10818e430f062d1aac375c6f58cabf45be3d06b4f41ad3d04b60194cc056d9fa4513e8c8bfa322fe8bbef3435bccf00f33c03ccfa10546341509f05427c15078fc425ff109ffc427ff10a10325880c8de03237818806060b54182d5060c8b77777777777776eeef77777777774000000134d34d34d555555555555555555befbef6db6db6db680d1c12e
36087:0 1094 0 151 d3009144600179444fc00024a184002200000000200101007fffea6a0a2b2aca8105b413fddf009a7860f0a9e19c15d839706e9ccf3926723392b736fe7078c3f1916325cd819c0b38007e726209bb082eb3df7a777fcc1e00978748f21b88c86ceabee2ba7ae061eb0567887a7e232af8923be7b61fa28b5e8bbd7ffffffffeeeffffff800016db6db6db6db6cd34d55555555486c4da
36407:0 1005 0 25 d300133ed00103c2293629c3348b69d299092b9418da008a6a
36407:0 1033 0 32 d3001a40900100000530303030300007504e545052465405303030303037f85e
36407:0 1230 0 14 d300084ce0010a00000000464ff4
36407:0 1074 0 224 d300da43200179449de20024e020006980000000204101007e7ffff7a7a8a524262222a30c7959c704f9c8b33a8b7476e9f1d3dfa81f91bf2a8141c2e185b109227f2103fa09b3f86245851d8a371281b92b7256e4adc95891b116623ae5d5cdb39c0723ff96b6fe4a98f92a63e489afbc0bbee1d401b2cc067fb019fec0672d0f1d443c57b0f15ec3c61c036cdc0da490369240da22f72563dc961f72587dc962f12c2fc4a87f12a1fe3a9df8d5b7e356df8d6e777777777777776eeef77777777774000000134d34d34d555555555555555555befbef6db6db6db680c13096
36407:0 1094 0 151 d3009144600179449de00024a184002200000000200101007fffea6a0a2b2aca810dac157eff208b92d325864b5fa85f5e7eb81283248e49004e18adc15e1b34f6736ce9cf079f173e1f98e17e737779d5a3fc0e1ff21a9fc9d184b5f2113cc843baa0598900bb9e027257af8b5ebf6e7b0349e878e7a5967e97e97ffffffffeeeffffff800016db6db6db6db6cd34d555555554064a4c
36714:0 1005 0 25 d300133ed00103c2293629c3348b69d299092b9418da008a6a
36714:0 1033 0 32 d3001a40900100000530303030300007504e545052465405303030303037f85e
36714:0 1230 0 14 d300084ce0010a00000000464ff4
36714:0 1074 0 224 d300da4320017944ec020024e020006980000000204101007e7ffff7a7a8a524262222a30c9989db077848bb2e8c7f2eff63fec3fddedbedbec5124a8314f427a860b0c7198ff304e165835d86b70b819207240e481c903fb3bf5a7ec231986538cb11822fec7c3fa1adfe86b7f9faff61233d76310954282505109414424f840b4f342d1f70b47dc2d29801acd406a4801a92006a20f240d3c903df240f7c903eff7033fdb88ff6e202f6e10bc6c02f1b00bc7f777777777777776eeef77777777774000000134d34d34d555555555555555555befbef6db6db6db6800c961b
36714:0 1094 0 151 d300914460017944ec000024a184002200000000200101007fffea6a0a2b4aca810da416803f407baf435e66bd133dc6898d0e885a103c205f09f6257c4d7dc17b8cf71bd117a33b4667b550bee533fb9c9418bab064cd01949b822bc00714001b177dd13af69a63d9ed6fd854df62947d8fe1e981c7a9b9fea877fffffffffeeeffffff800016db6db6db6db6cd34d555555554bc7dfa
36964:0 1005 0 25 d300133ed00103c2293629c3348b69d299092b9418da008a6a
36964:0 1033 0 32 d3001a40900100000530303030300007504e545052465405303030303037f85e
36964:0 1230 0 14 d300084ce0010a00000000464ff4
36964:0 1094 0 151 d3009144600179453a200024a184002200000000200101007fffea6a0a2b4aca810d9e18015f606bcdaf9b4736ded69dbafb71fe55fc31f84bc6479e1f3ea06980dc81bcd3b5a87750dfd3bf7f5eef7d8383f5808fd7e45f60f8ffaa5dfd0e77f3013f49d1fc7cbff176d002d6200c9a0037f9ead0afaef59ebd65fffffffffeeeffffff800016db6db6db6db6cd34d555555554e5c19b
37184:0 1005 0 25 d300133ed00103c2293629c3348b69d299092b9418da008a6a
37184:0 1033 0 32 d3001a40900100000530303030300007504e545052465405303030303037f85e
37184:0 1230 0 14 d300084ce0010a00000000464ff4
37184:0 1094 0 151 d30091446001794588400024a184002200000000200101007fffea6a0a2b4aca810d9619827f805bee1fdc27b88272a4f349e2f472e86dd0bc830117a231c32d06648ccbd6dfaecb5d87f42dffe0ab7f8a5c125f884b5e212edafd31c9f32c27cb77e0c35a0262da090f082f10e0bd8102fb9bec66e7b54f5ed6cb7ffffffffeeeffffff800016db6db6db6db6cd34d555555554831c42
37505:0 1005 0 25 d300133ed00103c2293629c3348b69d299092b9418da008a6a
37505:0 1033 0 32 d3001a40900100000530303030300007504e545052465405303030303037f85e
37505:0 1230 0 14 d300084ce0010a00000000464ff4
37505:0 1074 0 224 d300da4320017945d6620024e020006980000000204101007e7ffff7a7a8a524262222a30d1a12190ef3c8cb0c9062f1c6e98dcf1bf0d681b4011f029c0526080c15dc317064a0ae5f127eb77d6af8e627284e509ca13945d1cb96173b1888331866d0b99f0a923c1a04f06813c180605e72c16b70016d6c056a2015a88055d501f4b407b5701ed5c07bf8fd065ff40aafd02abf408304e55c1396004e580139610bac742ea990baa64165dd0582b0160ac0583e7bbbbbbbbbbbbbaeeefbbbbbbbbbb8000000134d34d34d555555555555555555befbef6db6db6db68046c1b8
37505:0 1094 0 151 d300914460017945d6600024a184002200000000200101007fffea6a0a2b4aca810d901b03bfa04a108c20f8424e11bc31785eeab3d4efa9c34036920d26860c4c229848da97b63b6c60169d806a6901b155ef5787bf3e1efe5a7ac205e96d17a47bbe3db2784c39e0b4885d02a1754805dab9ee42b7bcbe9ef4887ffffffffeeeffffff800016db6db6db6db6cd34d5555555542db047
37917:0 1005 0 25 d300133ed00103c2293629c3348b69d299092b9418da008a6a
37917:0 1033 0 32 d3001a40900100000530303030300007504e545052465405303030303037f85e
37917:0 1230 0 14 d300084ce0010a00000000464ff4
37917:0 1074 0 224 d300da432001794624820024e020006980000000204101007e7ffff7a7a8a524262222a30d3a422d117248d30291f011e12dc257850033d06f2557cb0f960d29dc026c0a9816f012fe63fd57faaaf366070c0e181c30387d6e3ace75abe6bbcf7f9f9f2b2f7373fdbd5ff6f57fdbb5700cac0023cc09da2c2716d09c5b427088ff85abfdf7cff7df3fe017fbb0bbeebdefbaf7beebda00e2300389500e25403896fae6efeb95bfae56fe48e4f90ebfe43aff90fefbbbbbbbbbbbbbaeeefbbbbbbbbbb8000000134d34d34d555555555555555555befbef6db6db6db680780415
37917:0 1094 0 151 d30091446001794624800024a184002200000000200101007fffea6a0a2b4aca810d881c84dfc83a34fc69d8d401b3e37586e76118c1b78353fdc80d301cf906f2186432dedbbec37d683b0ca0fc2603f8480c68c0338300cf6e785b13dfd14f7e0c9fb8e8fe3915f867f78cabbe33ec78d547f064a7c5465f16a77ffffffffeeeffffff800016db6db6db6db6cd34d5555555540016a2
38326:0 1005 0 25 d300133ed00103c2293629c3348b69d299092b9418da008a6a
38326:0 1033 0 32 d3001a40900100000530303030300007504e545052465405303030303037f85e
38326:0 1230 0 14 d300084ce0010a00000000464ff4
38326:0 1074 0 224 d300da432001794672a20024e020006980000000204101007e7ffff7a7a8a524262222a30d5a724313f0c8daf692fdc9fc9bf933f2c7955f3259a933b26752cc67f1bbe92fd41f8d5dc3fc17f82bee67e8bbd177a2ef45c529ca45949935866d14dac9a18fe130ff7453fdd14ff724bfbd6efee6d7f27ccbc9a13f2684fc992ffd6f13f59d6fd675bf5a71fa70f7e9bedfa6fb7e9be9fd174ff45dbfd176ff45dd0a5e0c297230a5c8c335a70cc1c8330720cc2f7bbbbbbbbbbbbbb3333bbbbbbbbbb8000000134d34d34d555555555555555555befbef6db6db6db6802e0d51
38326:0 1094 0 151 d30091446001794672a00024a184002200000000200101007fffea6a0a2b4aca810d821d85ffe82a5b6cb6b96dcd593ac0357c979f2ec65d70bbd98943153c1cf844708ae3adc86390b0617c8195e5065f45e9932fa82cbea21485fcf21658c8582aa134fe04296a10294fbe0bdef96cfbeb4bf2cd2fcee85f3d2ffffffffffeeeffffff800016db6db6db6db6cd34d555555554f1639f
38695:0 1005 0 25 d300133ed00103c2293629c3348b69d299092b9418da008a6a
38695:0 1033 0 32 d3001a40900100000530303030300007504e545052465405303030303037f85e
38695:0 1230 0 14 d300084ce0010a00000000464ff4
38695:0 1074 0 224 d300da4320017946c0c20024e020006980000000204101007e7ffff7a7a8a524262222a30d7aa257166f48e2ec940c1a193c3274654efb7dfe9e143c8878feefbde3c3cd479c4f1dbd313af275dfe9d1cc239847308e611d0439fa740204ee0be018681cc053b7413e6e04f9b813c66f70833db329fb529becf87fb3e1fecea3fbb04feea25fba897eeac0f94b3be527ef949fbe527af984abe6132f984cbe6134fa12b3e844cfa113002c1f009ba4026e9009cd7bbbbbbbbbbbbbb3333bbbbbbbbbb8000000134d34d34d555555555555555555befbef6db6db6db680e147ca
38695:0 1094 0 151 d300914460017946c0c00024a184002200000000200101007fffea6a0a2b4aea81157a1f0720081b83df079e0f8101a211041e0e4a1c1c381f7a4f063e0f1f4e7ea6fd50e90bd31fa62f89ec7e37a4f8e64206d6a81d3a80764c03a7a80d03a032d5feb1ed7a1d27e7f83ff1231fc5c9ff1cbdf57bffd9a3bf681cfffffffffeeeffffff800016db6db6db6db6cd34d5555555544cd246
39024:0 1005 0 25 d300133ed00103c2293629c3348b69d299092b9418da008a6a
39024:0 1033 0 32 d3001a40900100000530303030300007504e545052465405303030303037f85e
39024:0 1230 0 14 d300084ce0010a00000000464ff4
39024:0 1074 0 224 d300da43200179470ee20024e020006980000000204101007e7ffff7a7a8a524262222a30d9ad26b18edc8eae0959b0437106e1cdc9e664cd4229885910b1013e3d88bb6d76f6ec3dcab39e673c8e5a1b15362a6c54d8a84fd09ec13e7d4f1abeb58769ce0cb08031bb10c6ec4319a9f25e9fc88c4045ba8111cc044730110e7fa492be905bfa416fe90f7f83f4fe0f83f83e0fe0f7ff62a3bd8a97f62a5fd8a980a04b4280cd0a0337d2c4cf49c5fd2717f49d8fbbbbbbbbbbbbbb3333bbbbbbbbbb8000000134d34d34d555555555555555555befbef6db6db6db6801933ef
39024:0 1094 0 151 d3009144600179470ee00024a184002200000000200101007fffea6a0a2b4aea811574208840280bae4f5c7eb94cad396872cc851809b81354393084010a829b45408a83eef5def7bdd7b45c7ee164fb8d43e4337792adbe4c19015b3003d1c00e0e802fb7801451ffd4e025f16099028269a3f871b7e57a7f97787ffffffffeeeffffff800016db6db6db6db6cd34d5555555545ee10e
39266:0 1005 0 25 d300133ed00103c2293629c3348b69d299092b9418da008a6a
39266:0 1033 0 32 d3001a40900100000530303030300007504e545052465405303030303037f85e
39266:0 1230 0 14 d300084ce0010a00000000464ff4
39266:0 1074 0 224 d300da43200179475d020024e020006980000000204101007e7ffff7a7a8a524262222a30ddafa7f1b6c48f2d696ea88d619ac2f58b9d5d3b347370ece1d8938d7d013a5df4d9e803c31f8f3f1e3e1d7983f307e60fcc1fd14fa1cf447258e4d249ae921ef47273d0c30f430c3d0a280ddaf8367da0d984c360f10d83c436005f93a17e4c97f93243e4d27f74b6fdd26ef749bbdd267f307cfcc1fcf307f3cc1fdfa347fe8cbbfa32ec2362908c3c0230f008c4e3bbbbbbbbbbbbbb3333bbbbbbbbbb8000000134d34d34d555555555555555555befbef6db6db6db68096a3df
39266:0 1094 0 151 d3009144600179475d000024a184002200000000200101007fffea6a0a2b4aea61156c2209604ffbdab7b5576af05bc0c581877c0af79bef1cf89202b407e603cc111825f56febebd7bfe0cb9f9326fe545a01a9980887c023817f1799fac367e9d4e1ae65060f0617bfc05c76a1731985d1e9fbae87f26ddfcb46fffffffffeeeffffff800016db6db6db6db6cd34d5555555542b0814
39605:0 1005 0 25 d300133ed00103c2293629c3348b69d299092b9418da008a6a
39605:0 1033 0 32 d3001a40900100000530303030300007504e545052465405303030303037f85e
39605:0 1230 0 14 d300084ce0010a00000000464ff4
39605:0 1074 0 224 d300da4320017947ab200024e020006980000000204101007e7ffff7a7a8a524262222a30dfb2a951deac8faca987aa4f651ec9fd99949e29b7beeb83df068de93ca539a67369e525bc5f81bf033de7780ef01de03bc07654b8a899522f6c9ef9bdfd7abafc8077f0fb1fc3ec7f0da9097b7024ff9f70783dbcbef6f2fbdbbd2f88257e1ea6f87a7fe1f37f67393d9c77f671dfd9c70f01dbbc0777f01ddfc07780aa1b42a8090aa027f49c5fd1233f448cfd1353bbbbbbbbbbbbbb3333bbbbbbbbbb8000000134d34d34d555555555555555555befbef6db6db6db680b891b6
40094:0 1005 0 25 d300133ed00103c2293629c3348b69d299092b9418da008a6a
40094:0 1033 0 32 d3001a40900100000530303030300007504e545052465405303030303037f85e
40094:0 1230 0 14 d300084ce0010a00000000464ff4
40094:0 1074 0 224 d300da4320017947f9400024e020006980000000204101007e7ffff7a7a8a524262222a30e1b5aa9206948fac0998b5917ba2f705f40c2918ca0bfc1df83ac051dc75394672a9e3a5b66f75deeb8db806b5cd6b9ad735afda0fb347677c89f934327263a504daf412650049940124490540d01415100a9cc0255100954402465f8223fe06a1f81a67e0731f5b5ebd6d0df5b437d6d060d6bc435afa0d6be835afbfb4c4fed2b0fb4ac3c6715f18777c61ddf18897bbbbbbbbbbbbbb3333bbbbbbbbbb8000000134d34d34d555555555555555555befbef6db6db6db6805e3fd5
40345:0 1005 0 25 d300133ed00103c2293629c3348b69d299092b9418da008a6a
40345:0 1033 0 32 d3001a40900100000530303030300007504e545052465405303030303037f85e
40345:0 1230 0 14 d300084ce0010a00000000464ff4
40345:0 1074 0 224 d300da432001794847600024e020006980000000204101007e7ffff7a7a8a524262222a30e3b8abd22e7c902b49a9ca73a5674a8e9b03fd08745aa4bb517572c71c70f93d7298e381b1536ba6d71d8f2578caf195e32bc6614cc1c98471b0e382470e8cdd0d81f8350120d404834e0a012afc03bdc0a7f1429aa30a6a8c299b7f8198be0474f811b7e0505f5125bd4429f510a7d44220af1ec2bc840af2102bc850c347830cba0c32e818e230623a8188ea0624cbbbbbbbbbbbbbbb3333bbbbbbbbbb8000000134d34d34d555555555555555555befbef6db6db6db680e013e5
40776:0 1005 0 25 d300133ed00103c2293629c3348b69d299092b9418da008a6a
40776:0 1033 0 32 d3001a40900100000530303030300007504e545052465405303030303037f85e
40776:0 1230 0 14 d300084ce0010a00000000464ff4
40776:0 1074 0 224 d300da432001794895820024e020006980000000204101007e7ffff7a7a8a524262222a30e7bbad32566490aaa9c6e8ede25bc4778e7c1bf8b1aaeb5bd6b67d493c98398c7335e4bdad0b6316c5fd6cc457c8af915f22bfea7fd427a92ee1bde3fbd1f664f67553d8ce8f633a3d8ae0fd39f3f3f99f48757d1cb3f472cfd1bc7f8687be1830f860a7e18c1f48923d21dbf4876fd21d408b02822c1208b04822c14fd5a1bf5622fd588bebeebfae6cbeb9b2fae7ebbbbbbbbbbbbbbb3333bbbbbbbbbb8000000134d34d34d555555555555555555befbef6db6db6db680f94849
40776:0 1124 0 151 d300914640017947bac000248000062008240000200001017fffe9296a29ca8919a1a82fdff28c79e91fd47fa4810e821c843a0e4d1f32396b51fecc8d49389f73056298c1577f7f06f7ec9bffb5937ec94208761821dc208761040bba10fef040aa1ecbd97b363becb7bf93097e4646793201e2d39f91d91e2ceaffffffffff770007ff80001befbdb6db55555555555556fbee90792a
41106:0 1005 0 25 d300133ed00103c2293629c3348b69d299092b9418da008a6a
41106:0 1033 0 32 d3001a40900100000530303030300007504e545052465405303030303037f85e
41106:0 1230 0 14 d300084ce0010a00000000464ff4
41106:0 1074 0 224 d300da4320017948e3a20024e020006980000000204101007e7ffff7a7a8a524262222a30e9beae727e4c9129e9d810d032406400ce7482e97ffcc3ff87fddfd7fceb7a32f482e757a9935c26b81d51035306a60d4c1a987594ea51d59c1c3858f0bbe038ffb533fdcdfff737ffdad8f96d9fe4c84fec267fab77feaddffaa8bf90ef7e41cef9071fe425ff41a37d0620f41883d061906a66c1a9a306a68c1a9a50ebd4c3aeef0ebbbfbf96aefd0c7bf431efd1e7bbbbbbbbbbbbbb3333bbbbbbbbbb8000000134d34d34d555555555555555555befbef6db6db6db6800c0734
41106:0 1124 0 151 d30091464001794808e000248000062008240000200001017fffe9296a29ca891981b42b60f23c765b64b9096daefc9df8bbf26326c8e58ccb07b637fc2022fcc7bf8c0ed9a9b02768405ee4e17eb705edd3f7e5efdf9b9f7e5ef941e5e5d79f940cbe374df8e40de36f0038e020dda1038f6deefd27c27f3eef837fffffffff774447ff80001befbdb6db55555555555556fbee7fcbc7
41446:0 1005 0 25 d300133ed00103c2293629c3348b69d299092b9418da008a6a
41446:0 1033 0 32 d3001a40900100000530303030300007504e545052465405303030303037f85e
41446:0 1230 0 14 d300084ce0010a00000000464ff4
41446:0 1074 0 224 d300da43200179497fe20024e020006980000000204101007e7ffff7a7a8a524262222a30efc4b112ce1c9228aa067d7d0b7a16b433662dccd5a537506e9fad1b9e14fc85f928f0a3a51f533ea64d2d619d433a86750ceb918f2246457eae7d7d7b04f4c9f319efcb60ff2d83fcb407f242fbc81dbf3d0e3cef16f3bc5bcee2afb6203ed692fb5a2bed722f38bd3ce287f38a1fce280033afc0cec7033b1c0cec9f23c57c8eb1f23ac7e8ba4fa19afe866bfa1acfbbbbbbbbbbbbbb3333bbbbbbbbbb8000000134d34d34d555555555555555555befbef6db6db6db6805b6a26
41446:0 1124 0 151 d300914640017948a52000248000062008240000200001017fffe9296a29ca891949ca2162d1a47244488ad11132fbc5f74bef0d9a1dcc369c7a511d31eaa7c091471f1d0d8417dc37b047c8a12246047c0e17e0b85f86a17e0b03deea104bb03ddd011c9304792211c358851c620e9208533008eae82a36408e5fffffffffff774ccfff80001befbdb6db55555555555556fbee094d19
41805:0 1005 0 25 d300133ed00103c2293629c3348b69d299092b9418da008a6a
41805:0 1033 0 32 d3001a40900100000530303030300007504e545052465405303030303037f85e
41805:0 1230 0 14 d300084ce0010a00000000464ff4
41805:0 1074 0 224 d300da432001794ab8620024e020006980000000204101007e7ffff7a7a8a524262222a30f9d036336dbc9425ea5fc92fa2ff45be910cf21a62092818682fa03b827445450aa713a1a623552eaa2d353f81bf037e06fc0de093c047817c47d8b0316a6195fd76cbf4d33fd34cff4b2705a1b41593d004be000d8c00363000c90041f80105d804174010662f3b017cebe9f3afa7cebf4ff035bfc0deff037bfc0e0fc1dcbf0727fc1c9fc24ebf07ea3c1fa8f07fb7bbbbbbbbbbbbbb7777bbbbbbbbbb8000000134d34d34d555555555555555555befbef6db6db6db680c8ccf9
41805:0 1124 0 151 d300914640017949dda000248000062008240000200001017fffe9296a29ca8918d9f80e66d07c6c275c50f89d8388070fce20658ecdb5966f7c3f210df2416c049e85cb021000f409e02adc80ae9582ad4c1c4298710e41c429f9dc19e8406f9dafff20607c8857f200281fd540797581febe0330f0134e6032bfffffffffff775ddfff80001befbdb6db55555555555556fbee298fa5
42303:0 1005 0 25 d300133ed00103c2293629c3348b69d299092b9418da008a6a
42303:0 1033 0 32 d3001a40900100000530303030300007504e545052465405303030303037f85e
42303:0 1230 0 14 d300084ce0010a00000000464ff4
42303:0 1074 0 224 d300da432001794b06800024e020006980000000204101007e7ffff7a7a8a524262222a30fbd3377395a494a52a6933f278a4f109e707590f326610d239a33322c3f9084e90b91fc7a87f59eeb3ad483f407e80fd01fa027920f161e3a1c683ad87650d8b08ccf8222b8088af0220ac02d4d40a5fa0be98c2f4fe0bd4082f4090729301c8410721101c8d2f3fb63cfeb5f3fad7cfebcfe80fffa048fe8123fa0490f2fe03cbaa0f2eb81a3a006797419e5d067a8fbbbbbbbbbbbbbb7777bbbbbbbbbb8000000134d34d34d555555555555555555befbef6db6db6db6800abdce
42595:0 1005 0 25 d300133ed00103c2293629c3348b69d299092b9418da008a6a
42595:0 1033 0 32 d3001a40900100000530303030300007504e545052465405303030303037f85e
42595:0 1230 0 14 d300084ce0010a00000000464ff4
42595:0 1074 0 224 d300da432001794b54a20024e020006980000000204101007e7ffff7a7a8a524262222a30ffd638d3bd8c95248a86a83d613ac235890207048fc4938f3f1d3e16c5a98baf977b2d4babb36056c07d61df1b3e367c6cf8d8139c26584d8f4f1ebebd8779cef46f1bd0b40f42d13d0934002be3ffbbdf7b973de8f7f7a3efde8020a89f02a0700a81d02a102f461dbd1852f4614bd185afe3693f8dacfe36b3f8dae027f4809f83027e1ff2c17fc9b53f26d4fc9c67bbbbbbbbbbbbbb7777bbbbbbbbbb8000000134d34d34d555555555555555555befbef6db6db6db68094b5e9
42595:0 1124 0 151 d30091464001794a79e000248000062008240000200001017fffe9296a29ca8918a2100468cfe46a21904560865014e0298053931028b84c770b763f7c2f26540e6e996bc2c182570ca0251100976782509400a98802aa000a98853c8815c22853b6fe3ecef90211e3e7106e56e1b37b86e6d9e388df94ae1e383effffffffff775ddfff80001befbdb6db55555555555556fbeef81d7c
42896:0 1005 0 25 d300133ed00103c2293629c3348b69d299092b9418da008a6a
42896:0 1033 0 32 d3001a40900100000530303030300007504e545052465405303030303037f85e
42896:0 1230 0 14 d300084ce0010a00000000464ff4
42896:0 1074 0 224 d300da432001794ba2c20024e020006980000000204101007e7ffff7a7a8a524262222a3101d93a13e57495a3ea9826005cc0b941787d00fa8224a84f709da117c7858f679eeb3c2bafb76856d07d81bf11fe23fc47f88fb0035f26bf1ce159e333d06661005d1c006b8001af0004aafda62ff5a2803bac40e92603a4a80e8290e418c38e4f0e394c38ee0f4e417d3905f4e417d3914fe23eff8903fe240ff8905f60c8fd82e4f60ba3cbe46f2e3ebcb8faf2e4f7bbbbbbbbbbbbbb7777bbbbbbbbbb8000000134d34d34d555555555555555555befbef6db6db6db680d16683
42896:0 1124 0 151 d30091464001794ac80000248000062008240000200001017fffe9296a09ca89188a1dffe9af9c69a0db43f6837e6d1cd9f9b46a33d6ffa900d699d5d35bc0ccc360034ee4b3c63b946fa457be94827a44fff36a7fcdaddf36a77b0549ece52fb042e1d524875b681d4c7015e2c051ab015f95f48217d892df47d1ffffffffff775ddfff80001befbdb6db55555555555556fbeee058ba
43236:0 1005 0 25 d300133ed00103c2293629c3348b69d299092b9418da008a6a
43236:0 1033 0 32 d3001a40900100000530303030300007504e545052465405303030303037f85e
43236:0 1230 0 14 d300084ce0010a00000000464ff4
43236:0 1074 0 224 d300da432001794bf0e20024e020006980000000204101007e7ffff7a7a8a524262222a3103dc3b74155c96232aa9ad536b66d68db2783ef101864f12be243c24f98d3376e709cc67b49b721ee40da8ff247e48fc91f9224e549bc938627d451b0a4013410c9784315520c555431344fb458bec1ffefef4bbf647efd92fbf54af25083c920df24843c929df580afd602af580abd603afe490bf924afe492bf924b09d7182758709d62c25a430953dc254f70954ebbbbbbbbbbbbbbb7777bbbbbbbbbb8000000134d34d34d555555555555555555befbef6db6db6db680083a0e
43236:0 1124 0 151 d30091464001794b162000248000062008240000200001017fffe9296a09ca89186a29faeaaf546621904560865cd0f9a1b343819805c80694a42170e291fb48f857ed3e07b60c4020782511409768825099e689b79a2abe689b00de700449c80dd561703485c7a816fd6fbda03ef0a0fbdb6a0604001e9aa05ff17fffffffff775ddfff80001befbdb6db55555555555556fbee4759b5
43567:0 1005 0 25 d300133ed00103c2293629c3348b69d299092b9418da008a6a
43567:0 1033 0 32 d3001a40900100000530303030300007504e545052465405303030303037f85e
43567:0 1230 0 14 d300084ce0010a00000000464ff4
43567:0 1074 0 224 d300da432001794c3f020024e020006980000000204101007e7ffff7a7a8a524262222a3107df3cb43d4496a28ac73e2e8d1d19fa38f3c5e80fe987d92fb11f3e9bbff7dc6fd4ddffba577d9efafdd6df52fea5fd4bfa97ee97dc4fb97023006680d7006ff91e07e36f2f8dbd7e34e4f90907e32defc5607f0ff7fc3febf0ef9f6b65fdab83f6ae1fdac14f63857d8e15f63857d8e24fea5dffa97ffea5fffa981fddf5bf7797fdde6c00008ffeaf3ffabcffebffbbbbbbbbbbbbbb7777bbbbbbbbbb8000000134d34d34d555555555555555555befbef6db6db6db68004c5f9
43567:0 1124 0 151 d30091464001794b644000248000062008240000200001017fffe9296a09ca89185233f5ebaf0465a3bf49be8f0340a6810d02993e35146528740910a1d185c7cd5597392bcc5468b0cfa73d5ea018fa73581a07386820a1a07306c7e81befa86c6cc10ffe8446d010fa10658f41905d865a5e180e7866c4818098ffffffffff775ddfff80001befbdb6db55555555555556fbee10ab43
43906:0 1005 0 25 d300133ed00103c2293629c3348b69d299092b9418da008a6a
43906:0 1033 0 32 d3001a40900100000530303030300007504e545052465405303030303037f85e
43906:0 1230 0 14 d300084ce0010a00000000464ff4
43906:0 1074 0 224 d300da432001794cdb420024e020006980000000204101007e7ffff7a7a8a524262222a310de53f548d1497a12aee7c4d095a12342a6babd7d9b4a76f66dd9d9760a841ad83780541c85b99a7330e46e0030006000c001834dc68e0d2a38be7384e7a9bb6f30f2fcb33cf2cd03cb12ef4fc3bd2faff5ba27d6909f5a427d680c00872801fb3007eb002043f7f96fdfe65f7f997dfe78000680001a90006a4001aa06a8601a9d506a770368e60d8e6c3639b0d8f7bbbbbbbbbbbbbbb7777bbbbbbbbbb8000000134d34d34d555555555555555555befbef6db6db6db680095bbe
43906:0 1124 0 151 d30091464001794c008000248000062008240000200001017fffe9296a09ca89181a4bec6dae7463ac775b2eb1e0434086410d094f153625781ae85e606d1acf3763eb56f72feb2bde4faff23ec2e8fafea0021cc80876e021cc02cc9a0c02902cb9605dcb017e1805d6dfb604ded235fb61a9fdbe47fd82dfdb957fffffffff776667ff80001befbdb6db55555555555556fbeee5a7bf
44235:0 1005 0 25 d300133ed00103c2293629c3348b69d299092b9418da008a6a
44235:0 1033 0 32 d3001a40900100000530303030300007504e545052465405303030303037f85e
44235:0 1230 0 14 d300084ce0010a00000000464ff4
44235:0 1074 0 224 d300da432001794d77820024e020006980000000204101007e7ffff7a7a8a524262222a3111eb41f4dce4989feb19e063d187a28f4b64afc9e386071226231c22863e8cda19d131f3d9cfbc8778ded28122c245848b091782db04de0a9f1bde587cbaf8360e305037b850dee2437977f17e8bc5042efe64bbf412efd04bbf3150bb3642eac20baaec2eb52fa27cbe89fcfa27f3e8a0f0245c0091790245e40917af067c3c19aef066d7ef8d7fbce2fef38bfbcf3bbbbbbbbbbbbbbb7777bbbbbbbbbb8000000134d34d34d555555555555555555befbef6db6db6db6802965ec
44235:0 1124 0 151 d30091464001794c9cc000248000062008240000200001017fffe9296a09ca8917e263e2efaddc61baff783eebfd753aea35d4fa68f769e9dfcb37beff2e5fe3418c7fa6c6d38a731cdfbe777efcfdfbe6f3ebaba7aeb25ebab9ff12abfd1acff11a5fbe5e7f0067fbe0080747c017410075d9e590479ccabe58b4ffffffffff776667ff80001befbdb6db55555555555556fbee43a50d
44605:0 1005 0 25 d300133ed00103c2293629c3348b69d299092b9418da008a6a
44605:0 1033 0 32 d3001a40900100000530303030300007504e545052465405303030303037f85e
44605:0 1230 0 14 d300084ce0010a00000000464ff4
44605:0 1074 0 224 d300da432001794dc5a20024e020006980000000204101007e7ffff7a7a8a524262222a3115ee43350ccc991f2b37a0bf523ea3fd4de19dc3bdf10fe837cf3f7ad94ab2f26601ca53e3d3d08fa0ef2281dc43b887710ee22cb85898b21cf29a05b41566ebfc32cfefc24fbf09fefa16eff523bede8fd474ff4c53fd314ff4b55f1cbbfc70d8f1c347c7168fb6823eda13fb684feda2603b8c40ee3903b8e40ee3a05a3e4168b605a2f7ccf7ff328cfcca33f329dfbbbbbbbbbbbbbb7777bbbbbbbbbb8000000134d34d34d555555555555555555befbef6db6db6db680dd6761
44605:0 1124 0 151 d30091464001794ceae000248000062008240000200001017fffe9296a09ca8917c26fddf0ad945e446c8b1911bc1fd83f707f135729464d9ba6df765e9cfa7276aa69e2f03fdd4bc28847e92122c4847e11e1006f84057e1006054e6c1609d854d69f75b67dddc5f7558fb0375ebaff7b04d1fa4677efa37fa417ffffffffff776667ff80001befbdb6db55555555555556fbeea97389
44939:0 1005 0 25 d300133ed00103c2293629c3348b69d299092b9418da008a6a
44939:0 1033 0 32 d3001a40900100000530303030300007504e545052465405303030303037f85e
44939:0 1230 0 14 d300084ce0010a00000000464ff4
44939:0 1074 0 224 d300da432001794e13c20024e020006980000000204101007e7ffff7a7a8a524262222a3117f0c47534b4999e8b416a82e5c5cb0b9c1ed13e265da4c1618192df7c82396172e0e40feeb3e64fcc6f7982b185630ac6158dd88bb03f6142d2e5c68b9715ee0a814028fc10a3f1428db30e8f6c3947b0ada1c2b1080ac4202b00af83ad7e0c9ef8325fe0d2efcc41ff3111fcc447f3124056350158dc056370158defb1db7ec72afb1cc42aff10aaa942aaa50aaba7bbbbbbbbbbbbbb7777bbbbbbbbbb8000000134d34d34d555555555555555555befbef6db6db6db680bfd86a
44939:0 1124 0 151 d30091464001794d390000248000062008240000200001017fffe9296a09ca8917aa79d971ad445dcf57a0ef3d52d625ac0b58ec88dba9b25f84e7325e1505044bce942b1aba32446c87d2cfbf4e5efd2c7616b3605ad1616b367b9aafef3ae7b99abf31bd7ccde1f315f85959c15f890596f80f8500449da0f800ffffffffff776667ff80001befbdb6db55555555555556fbee71bed8
45286:0 1005 0 25 d300133ed00103c2293629c3348b69d299092b9418da008a6a
45286:0 1033 0 32 d3001a40900100000530303030300007504e545052465405303030303037f85e
45286:0 1230 0 14 d300084ce0010a00000000464ff4
45286:0 1074 0 224 d300da432001794e61e20024e020006980000000204101007e7ffff7a7a8a524262222a311bf3c5d55c9c9a1deb5f3dde8c7d187a361c4d391dcbcb9daf3a2e50bfe50027006bff27fa6ffdc7fb5fd783a287450e8a1d1586470bb61830bd219ac3400540f91b8fe3654f8d95fe34460d4d40343f0f89ee3e2238f888e3e213bff00a7fbe12fef82bfbea2fe3bbbf8ef8fe3be3f8f0b0745601d1600745801d162f0d533c3509f0d44009a2e025388094e2025497bbbbbbbbbbbbbb7777bbbbbbbbbb8000000134d34d34d555555555555555555befbef6db6db6db680230071
45286:0 1124 0 151 d30091464001794d872000248000062008240000200001017fffe9296a09ca89178a85d472acfc5c5bb0b9a16ec1984330466105fb0e8e182b653ef30d967f99c0f9fe81c64b89631ab85f2c417fd105f2420cc498331620cc4901f77608ae001f673ef2757bd0c1ef217802b16004e7802c73e54c5f9bbb3e5476ffffffffff776667ff80001befbdb6db55555555555556fbee0c7a4a
45734:0 1005 0 25 d300133ed00103c2293629c3348b69d299092b9418da008a6a
45734:0 1033 0 32 d3001a40900100000530303030300007504e545052465405303030303037f85e
45734:0 1230 0 14 d300084ce0010a00000000464ff4
45734:0 1074 0 224 d300da432001794efe200024e020006980000000204101007e7ffff7a7a8a524262222a3121f9c875ac6c9b1c8b8f00de127c24784e981930b5acbf5f96bdfd58472cceb69d8a3964148031e863a0a805d7cbaf975f2ebfe787ce379d3caf197eb30764cff733afdbc5cf6f17fdba4e0b335c2bd78f4bd73d29ddf4a777d28df0d9044361fa0d87cc3628a017e1c05f92017e4805fa50baff02ec040bb0102ec06fcfd0ff3f00fcfc1fc8c0af21afbc86bef21c07bbbbbbbbbbbbbb7777bbbbbbbbbb8000000134d34d34d555555555555555555befbef6db6db6db680ffa132
46205:0 1005 0 25 d300133ed00103c2293629c3348b69d299092b9418da008a6a
46205:0 1033 0 32 d3001a40900100000530303030300007504e545052465405303030303037f85e
46205:0 1230 0 14 d300084ce0010a00000000464ff4
46205:0 1074 0 224 d300da432001794f4c400024e020006980000000204101007e7ffff7a7a8a524262222a3123fcc9b5dc549b9beb98f091f1e3e347cc166a2d561f8c45308930eedb11f680ed1ed88c22d44e989d011ac71c0e381c7038e19b07353e6b42b6a58dcb26150c06b18019bd1066f54199c30a5ba4287890317400c0500301400bf53f559f3d5465f5517bd54f503490c0d24e0349380d2610e386038e200e388038e22f36d6fcdb19f36c80293ab0a397c28e5f0a3a8fbbbbbbbbbbbbbb7777bbbbbbbbbb8000000134d34d34d555555555555555555befbef6db6db6db6809461ed
46653:0 1005 0 25 d300133ed00103c2293629c3348b69d299092b9418da008a6a
46653:0 1033 0 32 d3001a40900100000530303030300007504e545052465405303030303037f85e
46653:0 1230 0 14 d300084ce0010a00000000464ff4
46653:0 1074 0 224 d300da432001794f9a600024e020006980000000204101007e7ffff7a7a8a524262222a3127ffcb16043c9c9b2bb6e9cde45bc8379615012a8593eb2dee5aac91bf21fea0fd5ef90c320c6d08d9d194987c30f861f0c3e05078a0194100c821b0c36b8598f67b1fd8e38f638f3d8c2a09a74c25a74f1a2b7c632df18cb7c6230fd7a2bf5c73fd71b3f5d03052fe814c0505301414c18f0f83bc3e16f0f85bc3e180a1b742869a0a1a880a51b027f3c09fcf02804bbbbbbbbbbbbbbb7777bbbbbbbbbb8000000134d34d34d555555555555555555befbef6db6db6db680ad36b5
47123:0 1005 0 25 d300133ed00103c2293629c3348b69d299092b9418da008a6a
47123:0 1033 0 32 d3001a40900100000530303030300007504e545052465405303030303037f85e
47123:0 1230 0 14 d300084ce0010a00000000464ff4
47123:0 1074 0 224 d300da432001794fe8800024e020006980000000204101007e7ffff7a7a92524262222a312802cc562c249d1a8bc8ec61e9a3d2c7ab13df284009d019b8324040c35d07170e4c1ae842248d311a321559f7b3ef67decfbc07d40ed01e7ee35de77bd8f6720690741938e064e481918009164c23634005fa0012680049a00116b05f0e017a2005e86417ab10732b41ccb70732dc1cccaf3ef6fcfbe3f3ef8fcfbe50107040417e01061bec055faec27ebb09faed37bbbbbbbbbbbbbb7777bbbbbbbbbb8000000134d34d34d555555555555555555befbef6db6db6db68076f15e
47680:0 1005 0 25 d300133ed00103c2293629c3348b69d299092b9418da008a6a
47680:0 1033 0 32 d3001a40900100000530303030300007504e545052465405303030303037f85e
47680:0 1230 0 14 d300084ce0010a00000000464ff4
47680:0 1074 0 224 d300da432001795084c00024e020006980000000204101007e7ffff7a7a92524262222a312e08cef683f49e192bf10e222d245a08b9926d255ffa43fa9ff40fc45c55b907f22ce2aa64e8d2a9a5232afd41fa83f507ea0e7c54f7d1f07337468f0d281910079e741d70e075c381d4fc085df42082cfe6e13f960cfe5833f9512f7e1afdf654f7d953df6e40b8cf82e3770b8ddc2e395fa83c7ea0f9fa83e7ea0fb0f97243e58a0f961c314420c3bd830ef30c3cf7bbbbbbbbbbbbbb7777bbbbbbbbbb8000000134d34d34d555555555555555555befbef6db6db6db680abf211
48115:0 1005 0 25 d300133ed00103c2293629c3348b69d299092b9418da008a6a
48115:0 1033 0 32 d3001a40900100000530303030300007504e545052465405303030303037f85e
48115:0 1230 0 14 d300084ce0010a00000000464ff4
48115:0 1074 0 224 d300da4320017950d2e00024e020006980000000204101007e7ffff7a7a92524262222a31320bd036abdc9e988c0f2d3e6b5cd639b2121e24be74c8efa9de2398811282818520089277a0f821f003c0df107e20fc41f88239787218e5016fe300860b0ad5f896e7e152af854abe13190836381fe3d0dbf2836a520da94836958015b98054cf01533c0555f0de428379430de50c37961fe20e7f8842fe210bf8843073b841cea2073a7814cf2051e98147a2051fb7bbbbbbbbbbbbbb7777bbbbbbbbbb8000000134d34d34d555555555555555555befbef6db6db6db680f2781e
48535:0 1005 0 25 d300133ed00103c2293629c3348b69d299092b9418da008a6a
48535:0 1033 0 32 d3001a40900100000530303030300007504e545052465405303030303037f85e
48535:0 1230 0 14 d300084ce0010a00000000464ff4
48535:0 1074 0 224 d300da432001795121000024e020006980000000204101007e7ffff7a7a92524262222a31340ed196d3c69f17ec2155b2bc45780af6121424adf0dfe7d7ce7f7925fa8c5198c02fd38b3f1f5e3e7c5da0fa81f503ea07d5f88bf03fe14fb27f85bf157ce909dad82662709989c264150831901fd13fd419ff4aeefd2bbbf49f40b2bc82c8db0b236c2c96bf057afc1624f05893c164201f54807d5a01f56807d5cff1daffc72bff1ca3f8f70fe2893f8a21fe29afbbbbbbbbbbbbbb7777bbbbbbbbbb8000000134d34d34d555555555555555555befbef6db6db6db6805b548a
48945:0 1005 0 25 d300133ed00103c2293629c3348b69d299092b9418da008a6a
48945:0 1033 0 32 d3001a40900100000530303030300007504e545052465405303030303037f85e
48945:0 1230 0 14 d300084ce0010a00000000464ff4
48945:0 1074 0 224 d300da43200179516f200024e020006980000000204101007e7ffff7a7a92524262222a313811d2d703ae9f974c3f87af203e3ffc85925125246e78e309c4e3663b0df6786d0dd86d9fbf4856907d01a30046008c011803b98b723ee54dfedc1e38466f4cfb6a63eca09fb2827ec7f7084fc02049f0cf548337d90cdf64336dff5523fd5278f549e3d5308f2e78fcba1cf2e873cba390600e41804106010418043f73d7fdcf20f73c73ddbc5f759e7dd676f75b03bbbbbbbbbbbbbb7777bbbbbbbbbb8000000134d34d34d555555555555555555befbef6db6db6db68092df17
49346:0 1005 0 25 d300133ed00103c2293629c3348b69d299092b9418da008a6a
49346:0 1033 0 32 d3001a40900100000530303030300007504e545052465405303030303037f85e
49346:0 1230 0 14 d300084ce0010a00000000464ff4
49346:0 1074 0 224 d300da4320017951bd420024e020006980000000204101007e7ffff7a7a92524262222a313a14d4372b96a0168c51c30396e72d8e6092d32629eda3e15fc18f5f404c40f502070261b523731ee60daca5218a431486290c7c74f811f0fc54f8ca719f61fd0d4578340cf0d033c33ebd0890e8214e9fcda33f3113fcc44ff3019ffceffff1a8ffc6a3ff238f593d7d652ef594bbd654b0a43b0290f40a43d0290f50f9afc3e6800f99f3c31eef0b28bc2c9ff0b3a7bbbbbbbbbbbbbb7777bbbbbbbbbb8000000134d34d34d555555555555555555befbef6db6db6db680d0adc5
49346:0 1124 0 151 d300914640017950e28000248000062008240000200001017fffe9296a09ca891663079ffd89c44fc4338a8f10cef8fdf1bbe3ef01e087bc40a3096eb28d64df8b811398ebc5d457b0b7c7c77f22687c7bf7f7c75fdf1e5f7c75fc3ee7f1d4e7c3dc416da605bcfa16d4905764a1583985779bf80fbfe6d0bf80a9ffffffffff776eefff80001befbdb6db55555555555556fbee43a24c
49785:0 1005 0 25 d300133ed00103c2293629c3348b69d299092b9418da008a6a
49785:0 1033 0 32 d3001a40900100000530303030300007504e545052465405303030303037f85e
49785:0 1230 0 14 d300084ce0010a00000000464ff4
49785:0 1074 0 224 d300da43200179520b620024e020006980000000204101007e7ffff7a7a92524262222a313e17d577537ea095ec6007e0208040c087939b27ba6e50e2b9c44364c5b5cbc817ad2dadcb679fa73f1e5ee75e8ebd1d7a3af4414c81c10462b4e58a4b1f14fdff6c27fca7aff29ebfc86808f4fc22dee0cf028336910cda44335970aa1f42a6660a99982a6f6f85c9be175ff85d7fe177d0ebda43af710ebdc43af7308363820d4f083530291ec0a328028c9c0a339fbbbbbbbbbbbbbb7777bbbbbbbbbb8000000134d34d34d555555555555555555befbef6db6db6db680db905a
49785:0 1124 0 151 d30091464001795130a000248000062008240000200001017fffe9296a09ca891643139afe897c4c6224c671889e485c9079210b9219aa2e889f4167227e7f9d80fd7e90241e4504921065bb219a37865b33f24237c909bf24230363500e66883622e16619059ec8165bc003454007bc0035a2143c385782c143727fffffffff776eefff80001befbdb6db55555555555556fbee2855ee
50096:0 1005 0 25 d300133ed00103c2293629c3348b69d299092b9418da008a6a
50096:0 1033 0 32 d3001a40900100000530303030300007504e545052465405303030303037f85e
50096:0 1230 0 14 d300084ce0010a00000000464ff4
50096:0 1074 0 224 d300da432001795259800024e020006980000000204101007e7ffff7a7a92524262222a31421ad6d78366a1954c7e563cbd3979f2f994a929d7f08be72fcd2f76bb4a76f16dfeda51e28fcdff9bcf1879b7336e66dccdb808140f481f711ea25e04c5884cf1de5bc6704f19c13c64f2097c0c24faffd3753f485cfd2173f475ef5cb0bd70aff5c2bfd7143fb4207ed0befb42ebed0d8f36eafcdbb3f36ecfcdbb5010f1404386010e180fbb903d9b40f67003dad3bbbbbbbbbbbbbbbbbbbbbbbbbbbb8000000134d34d34d555555555555555555befbef6db6db6db680bdc4db
50344:0 1005 0 25 d300133ed00103c2293629c3348b69d299092b9418da008a6a
50344:0 1033 0 32 d3001a40900100000530303030300007504e545052465405303030303037f85e
50344:0 1230 0 14 d300084ce0010a00000000464ff4
50344:0 1124 0 151 d300914640017951cce000248000062008240000200001017fffe9296a09ea8916132b910088e44ba277471e89ed0a5a147429057e0d8216389e9965e27bc523cc0a14a918022ccc61a7a60e5e9b847a6067e8520fa1491e852081de5a0852b81dd3a164d08599a41647385baa61695085bbf60e2e183f4a40e2907fffffffff776eefff80001befbdb6db55555555555556fbeefe4525
50835:0 1005 0 25 d300133ed00103c2293629c3348b69d299092b9418da008a6a
50835:0 1033 0 32 d3001a40900100000530303030300007504e545052465405303030303037f85e
50835:0 1230 0 14 d300084ce0010a00000000464ff4
50835:0 1124 0 151 d3009146400179521b0000248000062008240000200001017fffe9296a09ea8915f3378c81889c4a44d48bd9136c7cf8f9b1f3e2d9c8398ba4a1b96c22885fec419affcbd38da3e34fd0486ea1250584866de3e70f8f9d1e3e70f9350be5ad77933ea16b1185b2a816ab480831c01b6e00846debf38fb65ffebee6ffffffffff776eefff80001befbdb6db55555555555556fbee45a3a9
51312:0 1005 0 25 d300133ed00103c2293629c3348b69d299092b9418da008a6a
51312:0 1033 0 32 d3001a40900100000530303030300007504e545052465405303030303037f85e
51312:0 1230 0 14 d300084ce0010a00000000464ff4
51312:0 1124 0 151 d300914640017952692000248000062008240000200001017fffe9296a09ea8915db418782885449e8b3d38fa2c3fb47f64fed00770374021ca72976f29e1ab87732eafb10261d18423fec49bfb4717ec41a1fda087f6901fda0809c8e034b8809b6e175e885de061758c7b4f27ece707b50740a41102f9600a3bf7fffffffff776eefff80001befbdb6db55555555555556fbeed06072
52234:0 1005 0 25 d300133ed00103c2293629c3348b69d299092b9418da008a6a
52234:0 1033 0 32 d3001a40900100000530303030300007504e545052465405303030303037f85e
52234:0 1230 0 14 d300084ce0010a00000000464ff4
52234:0 1124 0 151 d300914640017953a1a000248000062008240000200001017fffe9296a09ea89157371748687244586e70ff61b926a44d449a97990f5a7e680d3b1d00350260c4dda984b0d361738367f8a7d9e2d4178a7581352184d49413521fee2d9fc64b7ee1b81cefe07425c1cea186a30e1a36a06a45c08c8b829b4a08c39ffffffffff776eefff80001befbdb6db55555555555556fbee26b6da
52856:0 1005 0 25 d300133ed00103c2293629c3348b69d299092b9418da008a6a
52856:0 1033 0 32 d3001a40900100000530303030300007504e545052465405303030303037f85e
52856:0 1230 0 14 d300084ce0010a00000000464ff4
52856:0 1094 0 151 d30091446001795518a20024a184002200000000200101007fffea6a0a2b4aea61943063be467539bfcf7f6eff02f265f18bdef466e855d08c19f046b0907d037a137427dfa1c033804fc608bf2850fca9221669a85b98416fcf7d2eb3f31fcfcb469fed7e7f0653fb9a27cc463f3216fccdd3f0dc3fc7419f1ea8ffffffffff777fffff800016db6db6db6db6cd34d55555b6dac4d10c
52856:0 1124 0 151 d3009146400179543de000248000062008240000200001017fffe9296a09ea89153b896b08869443dee7bff77b91e843d047a177b2f1ebdf08f7aa17f3e01bcc395a6f49122021084a1fe27bdf8d39fe273c0f41f03d08a0f41f7e6b4dfa867fe6a2a216e78862022168b7c62b9f13557c64080b3d403386c0b3827fffffffff776eefff80001befbdb6db55555555555556fbee537e05
53313:0 1005 0 25 d300133ed00103c2293629c3348b69d299092b9418da008a6a
53313:0 1033 0 32 d3001a40900100000530303030300007504e545052465405303030303037f85e
53313:0 1230 0 14 d300084ce0010a00000000464ff4
53313:0 1094 0 151 d300914460017955b4e20024a184002200000000200101007fffea6a0a2b4aea619c2266c0a6bd19d297a4f74a137987000dfb6f44de0fbc07b88783df0abda13b4e769d217843e487afd8cedf73697dd5821aa3186c7e21b366fbe61fedfd7fb6bd7f2aa77bfaf7ef6cafd61e5f59777d6b5611c8f04af4612d747fffffffff777fffff800016db6db6db6db6cd34d55555b6da1949e3
53313:0 1124 0 151 d300914640017954da2000248000062008240000200001017fffe9296a09ea891503a1618aa5fc403cd47bd0f35195232a4654f6e3f04bdbcb24b6720c94219a44f686831b48335c6ec0406b8104f88406380ca99032a720ca997e376bf9b6f7e3649e70fcf9ca55e709f82311c086ed82326a0fd1f045d9a0fccdffffffffff776eefff80001befbdb6db55555555555556fbee1a7561
53695:0 1005 0 25 d300133ed00103c2293629c3348b69d299092b9418da008a6a
53695:0 1033 0 32 d3001a40900100000530303030300007504e545052465405303030303037f85e
53695:0 1230 0 14 d300084ce0010a00000000464ff4
53695:0 1124 0 151 d300914640017955284000248000062008240000200001017fffe9296a09ea8914ebad5c8ba5b441ee07de3fb8317d22fa45f516e230485bcf3ea6a5fcfbfc883ad2723ae177bfaf8777f19e3fc9c1ff19620be9e02fa840be9e06374c19b67863641ea4e1fa99ebea4857d1e85f42427d1fd3f2e887d234bf2e39ffffffffff776eefff80001befbdb6db55555555555556fbee925331
53946:0 1005 0 25 d300133ed00103c2293629c3348b69d299092b9418da008a6a
53946:0 1033 0 32 d3001a40900100000530303030300007504e545052465405303030303037f85e
53946:0 1230 0 14 d300084ce0010a00000000464ff4
53946:0 1094 0 151 d30091446001795651220024a184002200000000200101007fffea6a0a2b4aea61a41669c30704fbed5bda7fb52c0dd828704c6ab2d4eda9bf582ec31d893ea8bd5d7abce5abcc479877f391ffde75ff81b5df44c77f04ddfd817ac1ade96bb7a4765e69ebf8f80be360ffe6993f9b637e7305f3e12fd3555f4ef7ffffffffff777fffff800016db6db6db6db6cd34d55555b6da474cef
53946:0 1124 0 151 d300914640017955766000248000062008240000200001017fffe9296a09ea8914d3b9580ca5643fa0b7439682e17102e1c5c47724f0cddcd75ad6de4d6ca77890b31dfc28b24e24a46fa44d7e947efa44560b88702e22a0b8877e47cbf9f877e46bfedd3efb7b5dedce1880f161fe668810641686d060ae01681f7fffffffff776eefff80001befbdb6db55555555555556fbee075ccf
54354:0 1005 0 25 d300133ed00103c2293629c3348b69d299092b9418da008a6a
54354:0 1033 0 32 d3001a40900100000530303030300007504e545052465405303030303037f85e
54354:0 1230 0 14 d300084ce0010a00000000464ff4
54354:0 1094 0 151 d3009144600179569f420024a184002200000000200101007fffea6a0a2b4aea61a40e6b442724ea7db4fb39f6a05cc0c64188689fd0c7a17028586380ca07540eb49d6a08a21238245083f1c21ff50887b201bc8808e3e024fdfa3d03e7590f9c2b800a53ff79a9fd6770715221c646871e92055de819482066c37fffffffff777fffff800016db6db6db6db6cd34d55555b6daf1f18b
54354:0 1124 0 151 d300914640017955c48000248000062008240000200001017fffe9296a09ea8914b3c5530da51c3e54e4abf153a170a2e105c297aa31d85eef794f1b3de6626cc69c09cdf101dec3c598587b4165360587360b84e82e1480b84e8669461a7e606683bf1a23fc6ef3f19c70303660bb7a8304b5faad37f1479faa857fffffffff776eefff80001befbdb6db55555555555556fbee6d7705
54737:0 1005 0 25 d300133ed00103c2293629c3348b69d299092b9418da008a6a
54737:0 1033 0 32 d3001a40900100000530303030300007504e545052465405303030303037f85e
54737:0 1230 0 14 d300084ce0010a00000000464ff4
54737:0 1094 0 151 d300914460017956ed620024a184002200000000200101007fffea6a0a2b4aea61ac086cc5474cda10141ff8402caf196af2d166b1cce999b8f8d204740be01a404080832c325958b290165100697201ada7e44e6f932b7e4e1bf9c165e56a979471a1ab3f05fd58177637fdb3bff7ccffe4ac1725d06067e183427fffffffff777fffff800016db6db6db6db6cd34d55555b6da33503d
54737:0 1124 0 151 d30091464001795612a000248000062008240000200001017fffe9296a09ea89149bd14e8ea4d43c0a8c17402a517be2f785eff874f36be21399ff5c9e695d64fc8c75ad3a5c7178eb080e25803bdf00e1d80bdf402f7de0bdf47e9bb7fb4827e9aabf5b88fd7487f5b2c7dfb6bf797c7dfcba1f5b4083ffc1f5667fffffffffffeeefff80001befbdb6db55555555555556fbee0f2dbf
55146:0 1005 0 25 d300133ed00103c2293629c3348b69d299092b9418da008a6a
55146:0 1033 0 32 d3001a40900100000530303030300007504e545052465405303030303037f85e
55146:0 1230 0 14 d300084ce0010a00000000464ff4
55146:0 1094 0 151 d3009144600179573b820024a184002200000000200101007fffea6a0a2b4aea61b4006e468774cda47748b691a1048215c42764e7c955928fc98fa5df4eb8faf201e405d05ba1a74337aaaf7ebaebfaf38c06fa801ddbc078dd794ed3e3a04f8d489f4cab7c8307f18cf78bbc1e2feef8c533e93947a8b59ea4797fffffffff777fffff800016db6db6db6db6cd34d55555b6dafd25ef
55146:0 1124 0 151 d30091464001795660c000248000062008240000200001017fffe9296a09ea891483dd498fa48c3dc1b7859f06f192e325864b99823586664bbcefa28ef51860f283e19d04c8065014bfc54e9f18837c54680c9770325ea0c97706df3c1c56386de31fa1717e8c29fa114f8f73fe387178f88c04917018d86048c8ffffffffffffeeefff80001befbdb6db55555555555556fbeea92ad1
55567:0 1005 0 25 d300133ed00103c2293629c3348b69d299092b9418da008a6a
55567:0 1033 0 32 d3001a40900100000530303030300007504e545052465405303030303037f85e
55567:0 1230 0 14 d300084ce0010a00000000464ff4
55567:0 1094 0 151 d300914460017957d7c00024a184002200000000200101007fffea6a0a2b4aea61bbf27148e7bcadd327a6174c61b9237f06f9e1bfc30785f36bc6ea5dd7db0af6216c451a6035a46b37d964ff75c77ddefa0ca1683478a0d350f884e9e0789f80a9fe9130799529e5d55facc6deb4267ad6100e43883ce980f54c7fffffffff777fffff800016db6db6db6db6cd34d55555b6da8338f0
55856:0 1005 0 25 d300133ed00103c2293629c3348b69d299092b9418da008a6a
55856:0 1033 0 32 d3001a40900100000530303030300007504e545052465405303030303037f85e
55856:0 1230 0 14 d300084ce0010a00000000464ff4
55856:0 1094 0 151 d30091446001795825e00024a184002200000000200101007fffea6a0a2b4aea61bbec72ca07dc9e6d80dac9b5de189c3db8776061c04b80783d308d311d843ac8811105c04b817b02d873bfc1df328784a9ef9bc7c0621f02f6782d83df1b077b338034110020ac0003683fc3a100198405dfe138af88bdfe249e7fffffffff777fffff800016db6db6db6db6cd34d55555b6da6ad0c8
56366:0 1005 0 25 d300133ed00103c2293629c3348b69d299092b9418da008a6a
56366:0 1033 0 32 d3001a40900100000530303030300007504e545052465405303030303037f85e
56366:0 1230 0 14 d300084ce0010a00000000464ff4
56366:0 1094 0 151 d300914460017958c2200024a184002200000000200101007fffea6a0a2b4aea61cbde754c68247fa8375036a09ee13dcf3b999e133bae7743e0dfd47fac06e98dde9bc00de41cac393fae729ec9fd7b2fd3f5e177d978ff67518799ea1ccca871fa1f7b5c7d3ddbf478186ab001abcb06b4a408051023ef809164ffffffffff777fffff800016db6db6db6db6cd34d55555b6da2e98dc
56825:0 1005 0 25 d300133ed00103c2293629c3348b69d299092b9418da008a6a
56825:0 1033 0 32 d3001a40900100000530303030300007504e545052465405303030303037f85e
56825:0 1230 0 14 d300084ce0010a00000000464ff4
56825:0 1094 0 151 d30091446001795910420024a184002200000000200101007fffea6a0a2b4aea61cbd676cd884c6e488c90e121f34a66a14d3e9d2239cc737cb30178c2f4c06840dc01bb35946c0cd8004eca414b5c853550192a78669d019be2075dba1bdbe86e37011fae03cf200ebd38029e800b8500338c1bdd50735081cee8ffffffffff777fffff800016db6db6db6db6cd34d55555b6da963fb6
56825:0 1124 0 151 d300914640017958358000248000062008240000200001017fffe9296a09ea8913e4252d95a2cc382c005a18b023136626cc4de566cd4195dcbdd9a462f8da9676ec6a73d995afe367f02fb400c24102fabc189a5862686189a5f9dd59e856579dc401a3198692841a2bd7b3069ec710fb31afeefccfc28dbeef7dfffffffffffff777ff80001befbdb6db55555555555556fbee02c1b2
57102:0 1005 0 25 d300133ed00103c2293629c3348b69d299092b9418da008a6a
57102:0 1033 0 32 d3001a40900100000530303030300007504e545052465405303030303037f85e
57102:0 1230 0 14 d300084ce0010a00000000464ff4
57102:0 1094 0 48 d3002a4460017959ac80002480000020000000002001010075744876b0eed1de00ddb3837ae40e017fff8aaaa8c51063
57276:0 1005 0 25 d300133ed00103c2293629c3348b69d299092b9418da008a6a
57276:0 1033 0 32 d3001a40900100000530303030300007504e545052465405303030303037f85e
57276:0 1230 0 14 d300084ce0010a00000000464ff4
57276:0 1094 0 48 d3002a4460017959faa2002480000020000000002001010075745fb06f624ec4ff51287d48b7f538bfff8aaaa8aea267
57276:0 1124 0 151 d3009146400179591fe000248000062008240000200001017fffe9296a09ea8913944b1f18c1ec367568ece9d5bc71f8e3f1c78efb206a3c2f5c76e19d733be6b98cefb4d24fa1574ad0791b61e7de879133e38e1f8e377e38e184427411eac04415dee0517b8763edff4fc8095f1b1bfc81dbeb599fb4011eb54afffffffffffff777ff80001befbdb6db55555555555556fbee63c24b
57624:0 1005 0 25 d300133ed00103c2293629c3348b69d299092b9418da008a6a
57624:0 1033 0 32 d3001a40900100000530303030300007504e545052465405303030303037f85e
57624:0 1230 0 14 d300084ce0010a00000000464ff4
57624:0 1094 0 48 d3002a446001795a96e200248000002000000000200101007574802db85ce0ba204bc901333a04e2d7ff8aaaa814087f
57624:0 1124 0 151 d300914640017959bc2000248000062008240000200001017fffe9296a09ea89136463159ac15434033008780ced963b2c765896b52fde5b1bd157cb5f46822fc61f08d9fd6bf793f74806e4001f01006dbdecaff7b2bebecaff06311c19a56063005fca07ff2e3ffc9ab82c9be0ad6682cb0600e8200a3b200e337ffffffffffff777ff80001befbdb6db55555555555556fbee26a6b0
57963:0 1005 0 25 d300133ed00103c2293629c3348b69d299092b9418da008a6a
57963:0 1033 0 32 d3001a40900100000530303030300007504e545052465405303030303037f85e
57963:0 1230 0 14 d300084ce0010a00000000464ff4
57963:0 1094 0 48 d3002a446001795b814200248000002000000000200101007574b8024806000c3ff4edffd7ebff75afff8aaaa89442d9
57963:0 1124 0 151 d30091464001795aa68000248000062008240000200001017fffe9296a09ea89131487079dc074326328c8698ccfa45f48be9104540b1e119491314b124643bb09348f05060608c419b866dbe19ee2866d3bfd211ff4835fd2118198ce074408197a8149e0852db6149860454f8110388456460536d01b77a0531e7ffffffffffff777ff80001befbdb6db55555555555556fbeecfb910
58444:0 1005 0 25 d300133ed00103c2293629c3348b69d299092b9418da008a6a
58444:0 1033 0 32 d3001a40900100000530303030300007504e545052465405303030303037f85e
58444:0 1230 0 14 d300084ce0010a00000000464ff4
58444:0 1124 0 151 d30091464001795af4a000248000062008240000200001017fffe9296a09ea8912fc93031ec02c3230d463c0c3706b00d601ac6968d547a5e4d591d3e357def1bfa27bdfe059bd6b83003488e0d59683480c0357880d5d2035797addd5ec5827adcae1d2a78750d21d24d7f8badfdde5ff8cfbf25fffd01c5f25b0fffffffffffff777ff80001befbdb6db55555555555556fbee1c2026
58797:0 1005 0 25 d300133ed00103c2293629c3348b69d299092b9418da008a6a
58797:0 1033 0 32 d3001a40900100000530303030300007504e545052465405303030303037f85e
58797:0 1230 0 14 d300084ce0010a00000000464ff4
58797:0 1074 0 224 d300da432001795c1d820024e020006980000000204101007e7ffff7a7a925a4262222a31b07c013d0070b580ef5f7e0f0d3e1a3c3a02e4065e562cb2b96442a54629ccb219813157ac2360bec14d62fd497a92f525ea4bdb9bb63f6d52b6058d0b24950bfb19f3eb5a6fad68beb3810088dc0119209dd24270a109c28426f600b83f42de670b799c2ded6f48703d2384f48e13d23f8fa92dfea4bffa92ffea4c1fb8657ee1dafb8778291d60a30b428c2a0a316000000000000000000000000000000000000134d34d34d555555555555555555befbef6db6db6db680111508
58797:0 1124 0 151 d30091464001795b42c000248000062008240000200001017fffe9296a09ea6912e49efe1fffe4300004022000313d827b04f60ec11ff83b4b1c2e611c723a2cb617e8ca3bba742cf08003b8201253003afe09eba827ada09eba84342011b150432fbe5fd7798591e5f7cfac673eac96fac7c02010a886df0200bbfffffffffffff777ff80001befbdb6db55555555555556fbeebc71e2
59213:0 1005 0 25 d300133ed00103c2293629c3348b69d299092b9418da008a6a
59213:0 1033 0 32 d3001a40900100000530303030300007504e545052465405303030303037f85e
59213:0 1230 0 14 d300084ce0010a00000000464ff4
59213:0 1074 0 224 d300da432001795c6ba20024e020006980000000204101007e7ffff7a7a925a4262222a31b47f029d3058b6004f77018e141c27f8558ca119d809f01a40335043613ec2dc05d509ffe1ffcc7f98bf11c327064e0c9c1939e213c32f87326624ed89e5928cf7359bdbc90f6f233dba6a056750149300055bc00ec7003b1c00d8601ade8068e401a39006953fb42cbed275fb49d7ed2ea064e68193a2064e88193a3fc5547f1596fc56642420e08f19823c6208f24222222222222222222222222222220000000134d34d34d555555555555555555befbef6db6db6db6807d72c1
59213:0 1124 0 151 d30091464001795b90e000248000062008240000200001017fffe9296a09ea6912ccaaf9a0ff9431d0bba38f42f21bc437886f7460eb37d1c764fef2ad95656b4c9595c6182a2d0c624fd46a3f551bfd461e10dd604374810dd67d9bbff74fd7d9a99ef16e7bcbebef11306054617c4c0606940e48e83fc000e43ffffffffffffff777ff80001befbdb6db55555555555556fbee1e9253
59467:0 1005 0 25 d300133ed00103c2293629c3348b69d299092b9418da008a6a
59467:0 1033 0 32 d3001a40900100000530303030300007504e545052465405303030303037f85e
59467:0 1230 0 14 d300084ce0010a00000000464ff4
59467:0 1074 0 224 d300da432001795d56020024e020006980000000204101007e7ffff7a7a925a4262222231be88869db812b87e6fb9c3a39827300e666b5dd7522e0c6280c3c164437bc7558ec91be7896b1b4e365c4d25628ac5158a2b14011001280321b2838607160cee0d46b4340db0d038833eb9f4c603d20e304d9c412fd104bf5412e8c06274818738061cd4187a8f03017c0dc8f03733c0e3d0ac5782b1660ac5982b16800354c00d9c00367c18e5e0622d4188b506238eaaaaaaaaaaaaaaaaaaaaaaaaaaaa8000000134d34d34d555555555555555555befbef6db6db6db6800694f1
59467:0 1124 0 151 d30091464001795c7b4000248000062008240000200001017fffe9296a09ea69127cd0eba3feb42e4be099e12facfcb9f973f2e6ded02f9bb44c90c1d133a740d0401d1c33d46460d0f84f950141c304f8c5e7e40f9f8f3e7e40fa3adde9cc2fa39b60c0908308680c03487da741f19207dbc21c1db07712a1c18c7ffffffffffff777ff80001befbdb6db55555555555556fbee706c70
59635:0 1005 0 25 d300133ed00103c2293629c3348b69d299092b9418da008a6a
59635:0 1033 0 32 d3001a40900100000530303030300007504e545052465405303030303037f85e
59635:0 1230 0 14 d300084ce0010a00000000464ff4
59635:0 1074 0 224 d300da432001795da4200024e020006980000000204101007e7ffff7a7a925a425a222231c28b87fdeffab97dcfd16c42e965d28bab761eecd3e7b3d5cfaa5f317f39fed1fdc1f9d7c32b8ecf1d5e1b3bacb7596eb2dd640f401d883bf18a833606768bae0a8bbc2921c0a489028ffbfa2653e78f7fc0e37efcecfbf3c3efba7fda33bf6635fd98c7f66a4f76827ddbccf76f43ddc41f75943dd658f75963dd65901fbac07f3401fce016668058300160c00583baaaaaaaaaaaaaaaaaaaaaaaaaaaaa8000000134d34d34d555555555555555555befbef6db6db6db680ddbe82
59867:0 1005 0 25 d300133ed00103c2293629c3348b69d299092b9418da008a6a
59867:0 1033 0 32 d3001a40900100000530303030300007504e545052465405303030303037f85e
59867:0 1230 0 14 d300084ce0010a00000000464ff4
59867:0 1074 0 224 d300da432001795df2420024e020006980000000204101007e7ffff7a7a925a425a222231c68e895e1fe2b9fd2fe91e224d449a493a811f02d7a2cf4c0696bd0a3b2236a26d62d919fde40440083ff0e21144228845108a1f603dc87c716c82fa05fe0abe081af81f5eb07d7c81f3c9ffa70ffd925f3716fcd5bbf356fbcd475f573abd5a51f56937d5ac0febf6bfb19dfec687fb212042300108c8042320108ca03ffb8100370400e814864050af0142bc050baaaaaaaaaaaaaaaaaaaaaaaaaaaaaa8000000134d34d34d555555555555555555befbef6db6db6db6806ce761
59867:0 1124 0 151 d30091464001795d178000248000062008240000200001017fffe9296a09ea69124ce8e225fe242ffaebf7f7ebbf227e44bc89f48ceb8dd270f1ea0c83c8fde3fd8677a7f63be92fda8ffe9a7ffdd97fe91df911c7e4461f911c7da67bf77aa7da55420b3908330820adcfe7d6ff9a50fe7ebdfd506ffbdd9fd4b7fffffffffffff777ff80001befbdb6db55555555555556fbee5b0870
60183:0 1005 0 25 d300133ed00103c2293629c3348b69d299092b9418da008a6a
60183:0 1033 0 32 d3001a40900100000530303030300007504e545052465405303030303037f85e
60183:0 1230 0 14 d300084ce0010a00000000464ff4
60183:0 1074 0 224 d300da432001795e40620024e020006980000000204101007e7ffff7a7a925a425a222231ca918a9e47cabafc9000d951c3a38707140c61195a5f5cc52188f2eea7344ec69dab39aa39987ba8f711ceb8917122e245c48a317061e8c4b15882d205ae0a1d05f47816c4c05b14c16a2a05480c141650b03602ba380ae8ec2b8f20d986c363820d8df8363f106361018f47063d2c18fbcf122bbc48b6f122dbc48b70641b4190b60642e41345404baac12eab04bb66eeeeeeeeeeeeeeeeeeeeeeeeeeeec000000134d34d34d555555555555555555befbef6db6db6db680277276
60183:0 1094 0 48 d3002a446001795e4062002480000020000000002001010075756030706270c520512081487805379fff8aaaa886deed
60183:0 1124 0 151 d30091464001795d65a000248000062008240000200001017fffe9296a09ea691234f4dd271ddc2fd4b3ab8752e046c08d811b1bcc3a0c6f6f47deb86d20d93bb4366507d903aebf65afd8647f6500fd85ba0234e808d2a0234e8776721eba807754deb719fae28beb6bd79d53fe704479d68deeb48fc16e3eeaf9fffffffffffff777ff80001befbdb6db55555555555556fbeeaf2aa8
60517:0 1005 0 25 d300133ed00103c2293629c3348b69d299092b9418da008a6a
60517:0 1033 0 32 d3001a40900100000530303030300007504e545052465405303030303037f85e
60517:0 1230 0 14 d300084ce0010a00000000464ff4
60517:0 1074 0 224 d300da432001795e8e820024e020006980000000204101007e7ffff7a7a925a425a222231ce948bfe77b2bb7bf0189dd14c8298c53797e3305e1d6041288110dee370c73f8e9d1b8e7648f509e9d3b43f2c3e587cb0f960457089e914b14e62bdc58589cd04182c0f53903d5000f3170b09442b1b302c4100aa6302a99c0a91e06116c181c10606f8182300dcc30374cf0dd34837543fe585bf961efe587bf962008c184230aa08c2b412a3e0492541249504930eeeeeeeeeeeeeeeeeeeeeeeeeeeeec000000134d34d34d555555555555555555befbef6db6db6db680fd43f7
60517:0 1094 0 151 d30091446001795e8e820024a184002200000000200101007fffea6a0a2b4aea62335c9262caeb5de3c3c7478ebce0b9cd7396e487c89791139dc74edea0dcd9b9bff381e61bcd1b9a1fea0a1fb86c7ee98de5e31f99887e67927936f5e340d78bcabef38e7b1c5debf14fc9a81f279dfca3e5f424d7d473ff53757fffffffffffffffff800016db6db6db6db6cd34d55555b6da776c26
60517:0 1124 0 151 d30091464001795db3c000248000062008240000200001017fffe9296a09ea69121d00d8a81d8c2db0036226c01176c2ed85db035109160d879fff68ae8124978aee12773cd87668f50fb3b2ded23afb3aa20bb5982ed560bb598157da064020156b5f67587da385f66fb85313c1474405328a20a028891c8209b3fffffffffffff777ff80001befbdb6db55555555555556fbeeb580a9
60865:0 1005 0 25 d300133ed00103c2293629c3348b69d299092b9418da008a6a
60865:0 1033 0 32 d3001a40900100000530303030300007504e545052465405303030303037f85e
60865:0 1230 0 14 d300084ce0010a00000000464ff4
60865:0 1074 0 224 d300da432001795edca20024e020006980000000204101007e7ffff7a7a925a425a222231d2980d5ea79cbbfb50306b80e801cfc3a5e3a6c7e5dcdbc01f7efedabfd7800c8038fec5b3f7706ee08da185e1cbc397872f0e5b60b5c96c614e42bd858509cc0285f8090ac0242cc08e8af0eabfc2a12fab34fea633fa98dbea4eefede97fb50cfed423fb57bf581cbd6235f588e7d62a90bc3dc2f0ff0bc3fc2f1010b7f642e0220b809412a240491ec1247b0492a6eeeeeeeeeeeeeeeeeeeeeeeeeeeec000000134d34d34d555555555555555555befbef6db6db6db6803e39af
60865:0 1094 0 151 d30091446001795edca20024a184002200000000200101007fffea6a0a2b4aea623b5493e3eb134da9ff53b6a7a188631d0635e64bcc1f982073a8faa1f87849b09f6140192c33386667b0445ed155fb4d320b21602e8180bb76f9a7ffe504f792db409f5e81cb9e06ae4f80a77e039b7813da0dadb83a9780ec03ffffffffffffffffff800016db6db6db6db6cd34d55555b6da853f68
60865:0 1124 0 151 d30091464001795e01e000248000062008240000200001017fffe9296a09ea6912050cd4291d442d8cd71bce3362b2a5650acaeb1dd8adacb3fa401d3fea7ff7c1aefff821be403488a790869e45897907dc1593c8564e21593cfb4aa9ee0b5fb498201bef0075e201b9300917801f530092c61312c052e6e130dd7ffffffffffff777ff80001befbdb6db55555555555556fbee144708
60996:0 1005 0 25 d300133ed00103c2293629c3348b69d299092b9418da008a6a
60996:0 1033 0 32 d3001a40900100000530303030300007504e545052465405303030303037f85e
60996:0 1230 0 14 d300084ce0010a00000000464ff4
60996:0 1094 0 151 d30091446001795f2ac20024a184002200000000200101007fffea6a0a2b4aea623b4e95652b333e7238e441c8ae33fc73f8e36834cff19fc749c6a6fd50e3d3c7b40f6acce19aa33528787c61f22907d089f07a5fc3e2bf10fd7a2237e6eddf9a7ede4b92787c51e171283947e0e617839dcfe7857fa1f3de89767fffffffffffffffff800016db6db6db6db6cd34d55555b6dade3121
60996:0 1124 0 151 d30091464001795e500000248000062008240000200001017fffe9296a09ea6911e518cf2a1cfc2c6b2cd879acb3fa07f40fe8132e28d04cf856b0d6315c5b5c38776d8807b20c1c20606edfa1bef006ed701fcf787f3ce1fcf7854f14161d0854df60d4e18359ac0d4877bf5dbef86b7bf718060ca81ece80607a7ffffffffffff777ff80001befbdb6db55555555555556fbee29f80c
61217:0 1005 0 25 d300133ed00103c2293629c3348b69d299092b9418da008a6a
61217:0 1033 0 32 d3001a40900100000530303030300007504e545052465405303030303037f85e
61217:0 1230 0 14 d300084ce0010a00000000464ff4
61217:0 1074 0 224 d300da432001795f78e20024e020006980000000204101007e7ffff7a7a925a425a222231da9e0fff076cbd7a306022c05680acc15ffbedf872602cc6c18c32f5392332a46566c92032446d00d9c194039e073c0e781cf18d0b191e33016c02f905fc0ab9004007fff2efffcd7ffd0cfd0e17f32e70b1d702c0bb0b02fc2bf76f175abc5ad0f16b37c5b3f054ba0154ab0552bc15520073c741cf25073c941cf26f1b453c6d5df1b580147d00508a01422805095aeeeeeeeeeeeeeeeeeeeeeeeeeeeec000000134d34d34d555555555555555555befbef6db6db6db680a521f8
61217:0 1094 0 151 d30091446001795f78e00024a184002200000000200101007fffea6a0a2b4aea62434696e64b5b2e3c6c78a8f172e245d08b9d6a42d40ba7fc20005370a9ff77fefbfdf9012a0334064842b2c11b028473ee15ee0059b1416837faa593e8fb4fa2b49ff80dff2e3ffc38eff3867fcf11ff41b401a9b00a84c02bba7fffffffffffffffff800016db6db6db6db6cd34d55555b6dad22725
61475:0 1005 0 25 d300133ed00103c2293629c3348b69d299092b9418da008a6a
61475:0 1033 0 32 d3001a40900100000530303030300007504e545052465405303030303037f85e
61475:0 1230 0 14 d300084ce0010a00000000464ff4
61475:0 1074 0 224 d300da432001796063420024e020006980000000204101007e7ffff7a7a925a425a222231e6a7941f8f26bff850affb1007000dc0226236c505b0076676cbad74004f80fd02180285f72bf6d7ed5fbb39027204e409c813e603cb0f96e1e363e7c7d98e74ff0253fafc1febf23fad9ff0327bbfc01f518c3d3f8ff4fe4fd3e4affcea3ff10effc42fff17efde83bf7bd1fdef57f7c46f204bfc8137f204dfc8139fcd34ff351cfcd47c1bf3606e6381b98e06e6f333333333333333333333333333330000000134d34d34d555555555555555555befbef6db6db6db680c956a6
61475:0 1094 0 151 d30091446001796063400024a184002200000000200101007fffea6a0a2b4aea625b329b69cbcb01a7074dde9bd101a20f441a7146e215c40ca3a95ac2b882ff060a0c1621a644308847ad49dec55efb1d6006e8781d9b2077df7c66afefffb7bec640ff5d034b7c0cadd82bf960b0de02c8e611e8a04b80812fa97fffffffffffffffff800016db6db6db6db6cd34d55555b6da7319db
61784:0 1005 0 25 d300133ed00103c2293629c3348b69d299092b9418da008a6a
61784:0 1033 0 32 d3001a40900100000530303030300007504e545052465405303030303037f85e
61784:0 1230 0 14 d300084ce0010a00000000464ff4
61784:0 1074 0 224 d300da4320017960b1620024e020006980000000204101007e7ffff7a7a925a425a222231eaaa955fbf0ec077b0c0005011a022c04c6f78df887834f6d1ec53b57db27bc2f7a3ed9a3ac87e08fbd1d8205940b2816502ca07840e101cf21f245f48c89053ff2c5ffba45fee933fb823f6d397da4480e1e64380f90e03f037fb4fa944bea279fa89d7ea2e8065c1c198ca0663381993f00b2f402cc500b31402cc60103f4041460105241fafb07d5481f55207d60333333333333333333333333333330000000134d34d34d555555555555555555befbef6db6db6db680204758
61784:0 1094 0 151 d300914460017960b1620024a184002200000000200101007fffea6a0a2b4aea625b2c9ceb0bf2f27934f239e49dbd7b86f70973e6e755ce8f7a87087e13ff0abe217c44d85fb19f63187f77a20e1608403fecc67fb5133ed5befd0ebdf29ff7c9473ead127a0251e78937ecb13fb3bd7ed463ed441fb8ee7ee560ffffffffffffffffff800016db6db6db6db6cd34d55555b6da8d1a88
61784:0 1124 0 151 d30091464001795fd6a000248000062008240000200001017fffe9296a09ea69116d56b7af3b842bd9bfb58f66f30ea61d4c3a9f9641907e944590b40117c4910ade925c1544273856b7dd84bf79a4fdd7bc18732861ca018733086da8229e9886c7e0b27782cfbe0b21d852e62146e2852f980cda483a0bc0cd537ffffffffffff777ff80001befbdb6db55555555555556fbee916950
61882:0 1005 0 25 d300133ed00103c2293629c3348b69d299092b9418da008a6a
61882:0 1033 0 32 d3001a40900100000530303030300007504e545052465405303030303037f85e
61882:0 1230 0 14 d300084ce0010a00000000464ff4
61882:0 1124 0 151 d30091464001796024c000248000062008240000200001017fffe9296a09ea69115564b3303b3c2bc13f848f050c9c3938b270894c15002570af0986d2bd800f01d98056018dffcc07d7c504bf17a2fc4fbde4df5f937ade4df582db420c54c82da0218561861b7c1850580ad040269d00ae5002fe88129d402f977ffffffffffff777ff80001befbdb6db55555555555556fbeea99c62
62199:0 1005 0 25 d300133ed00103c2293629c3348b69d299092b9418da008a6a
62199:0 1033 0 32 d3001a40900100000530303030300007504e545052465405303030303037f85e
62199:0 1230 0 14 d300084ce0010a00000000464ff4
62199:0 1074 0 224 d300da43200179614da20024e020006980000000204101007e7ffff7a7a925a4a5a222231f2b098001ee0c1f670f026905e00bbc17d8abb160e0ce020283f105af8f5f249e4b1c7b7c50b928f24ce2a1f583eb07d60fac050589fb94042b4a58a4b1e94ff005e14006b2001ae40049004750010ca200b450026730099dc0252ef11b27c442ff110b3c449ef7a3e3deabcf7aaffdeb30feb063fac20feb083fac210a1e6c287e40a1f9c2907b0a2b4828ad20a2c0333333333333333333333333333330000000134d34d34d555555555555555555befbef6db6db6db680c37c3e
62199:0 1094 0 151 d3009144600179614da20024a184002200000000200101007fffea6a0a2b4aea626b1e9fed6c3ad4238846e08def3efe89fd0ff995f2b3e54b28ae64cccc876f0eea1dd6c7a19023202029cca0b76a02e58df8d2dfe544bf96857e7a6bf84ea7e0021e095d77737ddd4de072f9c1ccdf8738ede4e51797725e5f707fffffffffffffffff800016db6db6db6db6cd34d55555b6daa8eebb
62199:0 1124 0 151 d30091464001796072e000248000062008240000200001017fffe9296a09ea69113d70aeb15af42baa47569ea92e357c6af8d5f348e8f9cd631aa65e1c6bfb91b8df6e60eee3da7bbd2fae0c9ebbc27ae03bf1a90fc6a19f1a90fd5a59f65127d5919e5c9579784be5c397c2fb1f07487c30fdf9a9a7ed499f9a48fffffffffffff777ff80001befbdb6db55555555555556fbee0fa5fd
62507:0 1005 0 25 d300133ed00103c2293629c3348b69d299092b9418da008a6a
62507:0 1033 0 32 d3001a40900100000530303030300007504e545052465405303030303037f85e
62507:0 1230 0 14 d300084ce0010a00000000464ff4
62507:0 1074 0 224 d300da43200179619bc20024e020006980000000204101007e7ffff7a7a925a4a5a222231f6b3996046c8c275d1084780a0013fc28598bc320fd967b937712ebf06d64e0a9c3336ba0ba81fc83f405f06ff8dff1bfe37fc77a8ee59dd830e663dcc8597cd0165f0048aa0122c4046880b75602ccbafa4483e8a7ffa2a0fe893a0cdc68334810cd1f4334f00077e401fbd007f00020310dff6837fe20dff8837fe30f08783c2670f09a82ea380b92402e4900b92f733333333333333333333333333330000000134d34d34d555555555555555555befbef6db6db6db6801ea1c8
62507:0 1094 0 151 d3009144600179619bc20024a184002200000000200101007fffea6a0a2b4aea627318a16e8c62c5fbaff72fee7c04b8157026fca4f8cff183fff8136029c3c8079c8f3b002e013c025801f1e017ff0067e1df010f7dfd7df9687f3e0bfb5d2fec3c1fb7fe7e2e01f837f0388ba0e326839208012c08088e2023dfffffffffffffffffff800016db6db6db6db6cd34d55555b6da8b6e1b
62507:0 1124 0 151 d300914640017960c10000248000062008240000200001017fffe9296a09ea6911257ca9b25aa42b94d72bbe536fda5fb4bf691d8c3d7e766f8867399e22e7190fed9c7edd49b74376bf989c3e6601798937fed017fb3dbfed0107eb222094407e9e3f38177ce653f37bb07b7021e91d07b851f0dbe7ca12bf0d6cfffffffffffff777ff80001befbdb6db55555555555556fbeeeffa12
62797:0 1005 0 25 d300133ed00103c2293629c3348b69d299092b9418da008a6a
62797:0 1033 0 32 d3001a40900100000530303030300007504e545052465405303030303037f85e
62797:0 1230 0 14 d300084ce0010a00000000464ff4
62797:0 1074 0 224 d300da432001796238020024e020006980000000204101007e7ffff7a7a925a4a5a222231feba1c00a69ac3f4b138a5215b22b605727579eb8a76b4f3d1e663a9831506880d2e18b19bef4056806ce1469f0d3e1a7c34f9cc1797372f43dfe7e0cfcb9e590452a4103d7040f78101b5f9d40be64650dee94375050dd424373c00559e4153e0054f701544ff2807bca1e1f28797ca2550d3e6834fa20d3e8834fa3f99633e65d5f997643bbbc0ed84c3b6130ed90733333333333333333333333333330000000134d34d34d555555555555555555befbef6db6db6db68075ce17
62797:0 1094 0 151 d30091446001796238020024a184002200000000200101007fffea6a0a2b4aea62830aa470ecb2a7b1f763bec79d9a5b40b67d032f05e60bb3aef7715ee5bcc7b99b7338f31be717ce17b838bef11a7bcc4febadbfb0b03ec43300e0e601e8900669df15eefba5c3ee16f7c8813f22fcfc9161faa257ee675fbb447fffffffffffffffff800016db6db6db6db6cd34d55555b6da717488
62797:0 1124 0 151 d3009146400179615d4000248000062008240000200001017fffe9296a09ea6910ed94a0b45a14286e8cdf29ba4347068e0d1c72e5e831cbd06a50fd71aabe34be24f8ec3d3a7724f6807254a1cce28724bc1a363068d621a363fd416df5ed77d402e0fbf483f5c80fb98fed28dfaffffed3da20d4d889f6820cfcfffffffffffff777ff80001befbdb6db55555555555556fbeef621be
63046:0 1005 0 25 d300133ed00103c2293629c3348b69d299092b9418da008a6a
63046:0 1033 0 32 d3001a40900100000530303030300007504e545052465405303030303037f85e
63046:0 1230 0 14 d300084ce0010a00000000464ff4
63046:0 1074 0 224 d300da432001796286220024e020006980000000204101007e7ffff7a7a925a4a5a22223202bd1d60d682c4f41158e1c1d463a88757043609044784957129922fe173434486a70ba3e593d3a7a6ff2e7e973d2e7a5cf4b9f937f177e3cc57b8d071aae2170637a417d1705f47817af501327403bff0808681fb7907edf41fa34021630082f2020bbc08361fbb553eef18fbbc6feef8cfd2e37f4b95fd2e57f4b97ff3a2bfced3ff3b5bc337df0b753c2dd4f0b80b33333333333333333333333333330000000134d34d34d555555555555555555befbef6db6db6db680b3de91
63046:0 1094 0 151 d30091446001796286220024a184002200000000200101007fffea6a0a2b4aea628b02a5f20cda9790171ffe40126a04e049bc06ac0cde19a4869920b244796df2e7e5d12d7c5bd8b79f9657fe699779ae42122c384aaa212c1b01c022056588145d80c54a826334090cbf92e6be4c92f937ba17d348632b218e53ffffffffffffffffff800016db6db6db6db6cd34d55555b6daf2f7ba
63046:0 1124 0 151 d300914640017961ab6000248000062008240000200001017fffe9296a09ea6910d5a29bb559cc285db4bd7976fd0efa1df43b9dfb3e5e782cde81e5c37b79c8f54de73e2ec65a40bcb8617de18988061751e87547a1d27e8754080714210410805d61e4508797381e3f4fa66ffe951c7a684c199bc06d1221996afffffffffffff777ff80001befbdb6db55555555555556fbee7f2e68
63216:0 1005 0 25 d300133ed00103c2293629c3348b69d299092b9418da008a6a
63216:0 1033 0 32 d3001a40900100000530303030300007504e545052465405303030303037f85e
63216:0 1230 0 14 d300084ce0010a00000000464ff4
63216:0 1074 0 224 d300da4320017962d4400024e020006980000000204101007e7ffff7a7a925a4a5a22223206c01ec1066ac573717127926044c04986133426fe19c439f072b0c21ffb405400c6ffe2303c68f8d1c183e6a98d531aa6354c28444f90a01cd979d3f3b1e625086674208c708232c206a608b03421b5e02502408d5a02357808c15ff261bfc6ecff1ba7fc75b050a801445c051164144ca0d537c354e70d539c354e9051c0814747051d1fcb544f2be73caf9cf2bf2733333333333333333333333333330000000134d34d34d555555555555555555befbef6db6db6db68005e511
63445:0 1005 0 25 d300133ed00103c2293629c3348b69d299092b9418da008a6a
63445:0 1033 0 32 d3001a40900100000530303030300007504e545052465405303030303037f85e
63445:0 1230 0 14 d300084ce0010a00000000464ff4
63445:0 1094 0 151 d30091446001796322620024a184002200000000200101007fffea6a0a2b4aea6292f6a8f46d2278524ca46948fc13d833b0628e141bb0374436588021034307861b8c39241649109200588fa1727605d1bddf79af7fdffe00f1839a3e0ccdf831ff4024c47fe119ff04502c83e0b30782d18c13209050604143287fffffffffffffffff800016db6db6db6db6cd34d55555b6da15792c
63445:0 1124 0 151 d30091464001796247a000248000062008240000200001017fffe9296a09ea6910a5ba92b779342840a0835102a0c1a1834306f4fdec61d433cd47c35f3660ff43ba0417150a26c855c8446a61153a044618060b38182a4060b47dc765f80557dc627fc1d8ff0d57fc17c819d4e062b0019e9c0cbdc0399a20cb8b7ffffffffffff777ff80001befbdb6db55555555555556fbee8bd7b2
63864:0 1005 0 25 d300133ed00103c2293629c3348b69d299092b9418da008a6a
63864:0 1033 0 32 d3001a40900100000530303030300007504e545052465405303030303037f85e
63864:0 1230 0 14 d300084ce0010a00000000464ff4
63864:0 1074 0 224 d300da432001796370820024e020006980000000204101007e7ffff7a7a925a4a5a2222320ec6a181663cc6f251a1cf13af875ecec3f1eee481c2af8bef16ae0a1d897b71f700ec57c8839967329e45471f0e3e1c7c38f98c2717462f6dfb5c18383a6f360d9f10356a70d5aac35476f804ffdefdef764e3dd1e4f7479fdd079fa3eb7e8ccffa3333e8d2ff819abe08aff822b3e093c0e3e6838fa20e3e8838fa4f19abbc672ff19cbfdd69af74317dd0c5f743a733333333333333333333333333330000000134d34d34d555555555555555555befbef6db6db6db68039e85d
63864:0 1094 0 151 d30091446001796370820024a184002200000000200101007fffea6a0a2b4aea629aeeaa75ad4a6a36646c98d950eda1e743ca1200238646f70e6e304c639ffb00028007e051c18382e83ca78102d584133c0648a01b1bc06de104952010b98041ad7dd4ddf6a17fda05effbbbffefe7ffc50df13d4fc8d31f24f3ffffffffffffffffff800016db6db6db6db6cd34d55555b6da48bfdf
63864:0 1124 0 151 d30091464001796295c000248000062008240000200001017fffe9296a09ea69108dc68e3878ec2834686ae0d1b2ac85590ab260e8c43783dc47d8b88120dca17afe729f09c2103428a0382f80e44e83826a1562205585e15622f8c225e3f04f8c0e40b70402e2060b6a8fd3f45f4b2dfd40920718f02306c0713dfffffffffffff777ff80001befbdb6db55555555555556fbee1dc44b
64135:0 1005 0 25 d300133ed00103c2293629c3348b69d299092b9418da008a6a
64135:0 1033 0 32 d3001a40900100000530303030300007504e545052465405303030303037f85e
64135:0 1230 0 14 d300084ce0010a00000000464ff4
64135:0 1074 0 224 d300da43200179640cc20024e020006980000000204101007e7ffff7a7a925a4a5a22223218cca421c60cc87111d69b3d47ba8f3524119923d67124e8d9d0837ddbbd77d9efd0ddf664f4d249a45328e7ff4ffe9ffd3ffbf7c7ee8fddff44feab7d60f983f3ffafceecff3bb4bcec9d07da741e53c0d3414345b10d16d434446f6a6dbda6d8f69b57da7380ba80c2ec480bb1142ecd50ffee83ffc20fff083ffc4ff0f13fc444ff1113f2043fc69bbf1a6efc6a4733333333333333333333333333330000000134d34d34d555555555555555555befbef6db6db6db680750d45
64135:0 1094 0 151 d3009144600179640cc20024a184002200000000200101007fffea6a0a2b4aea62aae0ad77ed9a4c048c08e011f2ab6562cac19a463412680cbed99123255a2f346ae8d7da9db61b6c100acf403b7480f5b814370852d5614cc806a69218ff4862c48135c00425081014179efbbe7ce779f90bee6307bd69fef74f7fffffffffffffffff800016db6db6db6db6cd34d55555b6da2ed176
64135:0 1124 0 151 d300914640017963320000248000062008240000200001017fffe9296a09ea69105de084ba985428208c4328825ea55d4aba957992f58de68b4366af9d0ee3f2c9a10fe5f657e963daf82456a094eb0244dff527b7d49c3f527bfeeccdfc9af7eeb8feae1a7abe5deadbe0490c611f8d849213fd636ffc30dfd5e57ffffffffffff777ff80001befbdb6db55555555555556fbee7383eb
64438:0 1005 0 25 d300133ed00103c2293629c3348b69d299092b9418da008a6a
64438:0 1033 0 32 d3001a40900100000530303030300007504e545052465405303030303037f85e
64438:0 1230 0 14 d300084ce0010a00000000464ff4
64438:0 1074 0 224 d300da43200179645ae20024e020006980000000204101007e7ffff7a7a925a4a5a2222321cd02581f5f6c97071ef0f0e2f5c5e78c2e1ccc43a4a849b99360248db15f68aed32d8bdb4b771cee36da70097412e825d04ba307c5ff8c0dff8c01300307f22f79e4bdd675f759e7dd444eff3bfbeb8e086010210af0842cc20f44f557e7d531bf54c5fd537af5a053d6a59f5a95bd6ae6012f3004bd4012f5004bd506261018a05062817fd425ff3943fce50ff39cf77777777777777777777777777774000000134d34d34d555555555555555555befbef6db6db6db6803c723c
64438:0 1094 0 151 d3009144600179645ae20024a184002200000000200101007fffea6a0a2b4aea62b2daaef92dba3dee9bdd07ba3f8f7f2afe511ea03cc87977973f41fe86e76f8eeb1dd818ae323c6467f4df1fe3b3ff96b3fb568fef537fbebf87bd241d5990742dbee687fae827eb20887302e1cd0387397c0d6c48398f20e7e3ffffffffffffffffff800016db6db6db6db6cd34d55555b6da1d439a
64438:0 1124 0 151 d300914640017963802000248000062008240000200001017fffe9296a09ea691045ec803b980c2818ec33d863c0b3216682cce64dcefb9977c467b18f12dfa200fffea2ee33d913ba681cc1a076ad01cb8a0595b0165220595bfa1dffe96367a1cb9fb000fec5e7fafa480408e00b890041dbf95447ebf8bf94f27ffffffffffff777ff80001befbdb6db55555555555556fbee65ba45
64548:0 1005 0 25 d300133ed00103c2293629c3348b69d299092b9418da008a6a
64548:0 1033 0 32 d3001a40900100000530303030300007504e545052465405303030303037f85e
64548:0 1230 0 14 d300084ce0010a00000000464ff4
64548:0 1124 0 151 d300914640017963ce4000248000062008240000200001017fffe9296a09ea69102df87b3c97c42812d427a84b62cc85994b321356290a4d944778b7b11f5b56b868ed73e71fcae79e1816af005e69816a661661485980816614855ff8166b4855ec00b62f82de9c0b5d5fbf563ef8c5fbf6a1f5ca1fddd01f5c537ffffffffffff777ff80001befbdb6db55555555555556fbeee05e57
64855:0 1005 0 25 d300133ed00103c2293629c3348b69d299092b9418da008a6a
64855:0 1033 0 32 d3001a40900100000530303030300007504e545052465405303030303037f85e
64855:0 1230 0 14 d300084ce0010a00000000464ff4
64855:0 1074 0 224 d300da4320017964f7220024e020006980000000204101007e7ffff7a7a925a4a5a22223224d6284255c6caef5218123035c06b40dc02eb0678018809a0121000fa43f4e6e9ead22c5750b7016dc2bbc217842f085e10bda7bb4e769dc17ea31ec6478b51ffb7f7fdce1ff7397fdaaf00832000f67ff4047fc8bcff2303fc752f3b3f3cea1ef3a86bcea7d09f38027f2509fc8827fb2042f9810bee042fb810bf0f50d9bd43e6f50f9815a010550b01542c05514377777777777777777777777777774000000134d34d34d555555555555555555befbef6db6db6db68048845d
64855:0 1124 0 151 d3009146400179641c6000248000062008240000200001017fffe9296a09ea6910160676bd9774280e4c1e98395cf1b9e3b3c680a403a602cccca9c21334270f8fda1c57e117bedb85f81228204c4e8121fbe78a4f9e249e78a500b37e03b9680b2481c0920708261c03807ae321e6f907af71f2c69fd1c21f2c1b7ffffffffffff777ff80001befbdb6db55555555555556fbeedb8172
65235:0 1005 0 25 d300133ed00103c2293629c3348b69d299092b9418da008a6a
65235:0 1033 0 32 d3001a40900100000530303030300007504e545052465405303030303037f85e
65235:0 1230 0 14 d300084ce0010a00000000464ff4
65235:0 1074 0 250 d300f4432001796545420024f020006980000000204101007e7fffff7a7a92725a4a5a22223228d922ea68a16c32fbac8c28685530aa515624f60a15e09dc33186b3065f7ccf13fe233bb9e865d249a507436ea88d727ae3f548ebfed7fdaffb5ff798ff2dde5f0942930b263e478410c9603ed7c0fb6303e4a023dfc08b1bfbc814eee1abbb86deed393ebcd4fad553eb557facf7fcd79df352c7cd4aef3543bd13d7f4590bd163ff45b5fd7fecf5ffd3d7ff4f5ffd7f37a7fce0d7f383508afc8226180898602263bdddddd0000ddddddddddddddddddddddd000000004d34d34d34d34d35555555555555555556fbefbdb6db6db6daaa436b
65235:0 1124 0 151 d3009146400179646a8000248000062008240000200001017fffe9296a09ea690ffe12723eb72c280b5018a02d6f229e453c8a6e3aded3b92353f6d0bd5142ccc7550b4cdc1db4e772100f2c20405e80f23bf91077e43d5f9107fc18d7f14ec7c179fecf2e7b4295eced3836b9a0d653036cd7f049afc7ce5f044cfffffffffffff777ff80001befbdb6db55555555555556fbeed0cc9b
65674:0 1005 0 25 d300133ed00103c2293629c3348b69d299092b9418da008a6a
65674:0 1033 0 32 d3001a40900100000530303030300007504e545052465405303030303037f85e
65674:0 1230 0 14 d300084ce0010a00000000464ff4
65674:0 1074 0 250 d300f443200179662fa20024f020006980000000204101007e7fffff7a7a92725a4a5a22223236e29ecb70c55ab37b3ca1a1b747c68f7d206203042f9fb741648318ff26024c1ef8392fe56a4cd615aca3529ea36d683acfb520195d32ba6574caeeb5ad673ad2340be89dd1639dcfcd6daf31693cc5a7f30db00c47802cbb03ab4c0e6e8839ba50e6073bc7ccef012fbc04feefb5fd1473f4461fd1183f4478fd09b0f4306fd0c17f432c032bc50caf3432bcd0caf3bd710cf5c66bd719af3789bcd84cf36133cd86fdddddd9999ddddddddddddddddddddddd000000004d34d34d34d34d35555555555555555556fbefbdb6db6db6da5acc8c
65674:0 1124 0 151 d30091464001796554e000248000062008240000200001017fffe9296a09ea690fb6386441b64c280ba419482eadfabbf5b7eaf8a6f3abe2d4f68215d3db86210dfd989dd37fa3a74f980f7e6041a780f75fefd1dfbf42defd1e7eb3f5fbbb47eb2be2144c885710213f286bfd01ab6106c10febfa2fb6905ebf547ffffffffffff777ff80001befbdb6db55555555555556fbeee456b0
66066:0 1005 0 25 d300133ed00103c2293629c3348b69d299092b9418da008a6a
66066:0 1033 0 32 d3001a40900100000530303030300007504e545052465405303030303037f85e
66066:0 1230 0 14 d300084ce0010a00000000464ff4
66066:0 1074 0 250 d300f44320017966cbe20024f020006980000000204101007e7fffff7a7a92725a4a5a2222323ee91c2c18dd4eb3faecadfe00006000a002db02f62e8b4c188e316c5bc922125ea4b888e46ecedf1bbeab76b15f72e045bfcb00645ac8b5916b22d0ef71dac3b93c05788ff149dd97fb94afea053fa817fe9773d4443f4cad811ded04390c10e47042af82077b07ffec1fffe07fa1bda4c1f68757da1d2f688c8281c50a10c42842d0a131bc8b69f22dc7c8b71f22dc81e4a70794d81e536fb7203ed6a6fb5a9bed6c9ddddddaaaaddddddddddddddddddddddd000000004d34d34d34d34d35555555555555555556fbefbdb6db6db6dab4007e
66066:0 1124 0 151 d300914640017965f12000248000062008240000200001017fffe9296a09ea690f86505ac3d5bc28139829304e72c4e58a0b1396542f06598c181058e061ddc63d47f731d2ffa2ab4d98177320617a8176aa162448588ca16245061f6419690061e2e057648163700570afe64c9f949f7e6607ebbab7b5927ebb5cfffffffffffff777ff80001befbdb6db55555555555556fbeeb1a41a
66516:0 1005 0 25 d300133ed00103c2293629c3348b69d299092b9418da008a6a
66516:0 1033 0 32 d3001a40900100000530303030300007504e545052465405303030303037f85e
66516:0 1230 0 14 d300084ce0010a00000000464ff4
66516:0 1074 0 250 d300f443200179671a020024f020006980000000204101007e7fffff7a7a92725a4a5a22223242ec1aec70e949341accb22f946388c7018f9f997f5c618bc50d8a6f0dc8ba718f4319c5a77209e58fcb939086c3cda8db50f6228a7814f029e053c617fc2bd85b403e0102022dff60145f004d2e8134be04ca0bf8f8cfdf7ffbe5dcef58cbbd635ef4ab01383504c2d4130b904bd03e0c06f8246be0917f825dfd4a56f53307d4cbef5355814f21053ca414f29053cafc35aaf0d8e3c3638ffab1bfe4ecff93b3fe50eddddddaaaaddddddddddddddddddddddd000000004d34d34d34d34d35555555555555555556fbefbdb6db6db6da381c84
66516:0 1124 0 151 d3009146400179663f4000248000062008240000200001017fffe9296a09ea690f6e5e5644d5742819e435d067bd3b9a7774ee05960d8a1694abf980c2b1799fb4fae697d453a55352e81dc0e07ab181db87e9d927a75ffe9d9281eff608ab481eec017f3a0602c617ee07a3e5fe8b047a3f9dec648fb839dec5fafffffffffffff777ff80001befbdb6db55555555555556fbee6c2e7b
66715:0 1005 0 25 d300133ed00103c2293629c3348b69d299092b9418da008a6a
66715:0 1033 0 32 d3001a40900100000530303030300007504e545052465405303030303037f85e
66715:0 1230 0 14 d300084ce0010a00000000464ff4
66715:0 1124 0 151 d3009146400179668d6000248000062008240000200001017fffe9296a09ea690f566a51c5f5242821c04580871fbddf7bfef77520ec9fd4bf41feaccd09657e0cb71611d6b5aa135c68259be09a1d825937fdeb0ff7a79fdeb17dd27df83567dd147eab3efab2d9eaae4861cb41829a061df3ed94c7bcfabed8fe7ffffffffffff777ff80001befbdb6db55555555555556fbee738c9a
66965:0 1005 0 25 d300133ed00103c2293629c3348b69d299092b9418da008a6a
66965:0 1033 0 32 d3001a40900100000530303030300007504e545052465405303030303037f85e
66965:0 1230 0 14 d300084ce0010a00000000464ff4
66965:0 1124 0 151 d300914640017966db8000248000062008240000200001017fffe9296a09ea690f3e764d46f4dc282b285858acc24ba497892ee4f2cc439407da1fdcff69c161047d859dda21b0ef6a202f0500bfc202efc61259f0496321259ff9c6f5e807479c5bffdb707f739ffdb1601ffda07b63020117ef4b8fc3d5bef46a7ffffffffffff777ff80001befbdb6db55555555555556fbee87d621
67337:0 1005 0 25 d300133ed00103c2293629c3348b69d299092b9418da008a6a
67337:0 1033 0 32 d3001a40900100000530303030300007504e545052465405303030303037f85e
67337:0 1230 0 14 d300084ce0010a00000000464ff4
67337:0 1074 0 250 d300f4432001796804620024f020006980000000204101007e7fffff7a7a92725a4a5a22223250f596ed790d37b4ba54c5d20fa87750dea33db83b99e61ece339cb73267a52f64dec4fcfcff9800ae01d3fd0709be34dc68f8527f4dfe9bfd37fa69bfe37ba6facdda9c3b389e6c47e59a4f921bbe4871f918dbe9eeefa3587c783af1a23fc6893f1942bf0da8fc189ff062bfc12cffbe01feec57fbb11feedc7dd64bf762dfdd8b3f76533fe9cbffa74bfe9d2ffa750385790e181c386070d47c434c170d305c34c39ddddddbbbbddddddddddddddddddddddd000000004d34d34d34d34d35555555555555555556fbefbdb6db6db6da1f0685
67337:0 1124 0 151 d30091464001796729a000248000062008240000200001017fffe9296a09ea690f26844847f4942836186e28d88ce539cab39495062c62545474491161d2bd48bc4bf53bde99b9d77bf83a0200ebca039f97e725979c90be725985cec6182ad05cd8a10fc38444ce10f69fde861f75a17de99bf189d7ccd37f184efffffffffffff777ff80001befbdb6db55555555555556fbeebf7f78
67695:0 1005 0 25 d300133ed00103c2293629c3348b69d299092b9418da008a6a
67695:0 1033 0 32 d3001a40900100000530303030300007504e545052465405303030303037f85e
67695:0 1230 0 14 d300084ce0010a00000000464ff4
67695:0 1074 0 250 d300f44320017968a0a20024f020006980000000204101007e7fffff7a7a92725a4a5a22223258fb942e29252bb51a0cd249c497e92fc260e76d4f04155e2cb259b4ac67084e2b1c5178158bde193a32e85f31f8141188224fc50f421e843d087a105670a8c15577b76ff4e011bb282176f0818e42063c0810043798d0da0002603009421825089093403dd3e6f7319bdcc6af72bc4146bd050f48143ce0510b83b3080ed5cc3b56f0ed8201e86807a1c01e87007a1c80b2a902ccdc0b337f72447dc337f70cdfdc35addddddbbbbddddddddddddddddddddddd000000004d34d34d34d34d35555555555555555556fbefbdb6db6db6da364aa2
67695:0 1124 0 151 d300914640017967c5e000248000062008240000200001017fffe9296a09ea690ef69c3f4a13fc2850b0a35942e23b047648ec7611ee79d883aee7869ebd0526cc0814b4eab1d207ac605499c1562905491011d468474c011d477e118bf935e7e104ff84f8fe19a3f849f05c6ae16d3505c7ebf79637e504ff7914ffffffffffffffffff80001befbdb6db55555555555556fbeef4a404
68015:0 1005 0 25 d300133ed00103c2293629c3348b69d299092b9418da008a6a
68015:0 1033 0 32 d3001a40900100000530303030300007504e545052465405303030303037f85e
68015:0 1230 0 14 d300084ce0010a00000000464ff4
68015:0 1074 0 250 d300f44320017968eec20024f020006980000000204101007e7fffff7a7a92725a4a5a2222325eff12ee8131263559e4d9890f167e2cec5b5c5eb8e66d74dcdfba0f6d16c23d9efb3935e512f927704f549807759f0c9e187bb1f7dbefb7df6fbed9ad635686b0fce27a4af4bde47fc11b5f001fbc0082eff91fdf221f78253d62f0f54d17d5349f53f03d47c3f5010fd4047f4fb3822a15089ca422726089e1beae0efac1ebeb076fac43fefb8bfbee4fefb93fbee54360770d841436105fc4f07f0de7fc379ff0e0addddddbbbbddddddddddddddddddddddd000000004d34d34d34d34d35555555555555555556fbefbdb6db6db6dae5868d
68015:0 1124 0 151 d300914640017968140000248000062008240000200001017fffe9296a09ea690edeaa3acb13b4286054c2a1816cf779ef33dde703d05d9c484f50c7713ec11d43f5048ef251e147cad8643be194b1864335e7b74f9ed79e7b757a4dffea27b7a4cc00c5d1831d060c57781bd1e06ad101be5bfb65eff443dfb6107fffffffffffffffff80001befbdb6db55555555555556fbee66e446
68604:0 1005 0 25 d300133ed00103c2293629c3348b69d299092b9418da008a6a
68604:0 1033 0 32 d3001a4090010000055354415455533a30303030300007504e54505246540530
68604:0 1230 0 14 d300084ce0010a00000000464ff4
68604:0 1074 0 250 d300f443200179693ce2002070706c3d53756363657373206b65793d7365742073706172746e3d3634342f333234353736207274636d5f696e3d313134342f373224f020006980000000204101007e7fffff7a7a92725a4a5a22393433206e6d6561284747412f5a4441293d302f302070706c5f6f75743d323122326302118ed93d203599c4dfca9f999f332e67c15e82e685d90da81ba0303681bd1dfa3733e11ab936ee6e50d600f75210041f47bfe0dec1bd837b06f70bfe13dc2b423504ef0a080f17e1e33f833f3e0d00f82b140723c0182c006f89017f7c05fe2017167cc6c3f2fd0fcbf46f2f738322100c7c9031f200c7e001b18e06
68967:0 1005 0 25 d300133ed00103c2293629c3348b69d299092b9418da008a6a
68967:0 1033 0 32 d3001a40900100000530303030300007504e545052465405303030303037f85e
68967:0 1230 0 14 d300084ce0010a00000000464ff4
68967:0 1074 0 250 d300f443200179698b020024f020006980000000204101007e7fffff7a7a92725a4a5a2222326705102f314b1ab5b99ce40e742148427086666dcd051e8d3f107e70f5d646cca8194b7209e31ec7b98fe7192e7d5d1c1a3773ef0a4b1496292c52587250e081c4c7b00fe61ff43af003cea00aecc02bb700a5f02f9ce0ba104386000dd958376590dcb47c50def1257bc4961f11fa7c2ea7f0aeefc2bb7f0b05fcbd88f2ffd3cbff0f30224149700525dc149770525e40ea7003abf80eafe071d4c1c1790705e41c19cddddddccccddddddddddddddddddddddd000000004d34d34d34d34d35555555555555555556fbefbefbef6db6da6cded1
68967:0 1124 0 151 d300914640017968b04000248000062008240000200001017fffe9296a09ea690eb6c2314d33242984470a8611229305264a4c09bf15d22737965f559e5af918b3ebe47b04b20608146f882c5e247378823a1493d85249c1493e02fce20ce3402fba5f53ec7d5571f539279b891e69adf9b9cc04973819090049257fffffffffffffffff80001befbdb6db55555555555556fbee139952
69357:0 1005 0 25 d300133ed00103c2293629c3348b69d299092b9418da008a6a
69357:0 1033 0 32 d3001a40900100000530303030300007504e545052465405303030303037f85e
69357:0 1230 0 14 d300084ce0010a00000000464ff4
69357:0 1074 0 250 d300f44320017969d9220024f020006980000000204101007e7fffff7a7a92725a4a5a2222326b088eef895714b5f974ea5494ad815af2b77b8bf7417790f117e27fbdee116c3d3875b05eec27d9cdb40f617807903080604041f421e843d087a109e073bcc77d4d541b2d3682680c26ddb09729425ca90969bbd88d8f5dd2fea661fa5adfe96bafa4ccbbe617ef7a5fbde9aef748bd4fdef533cbd4ceef5353bfd20fff51ebfd477ff543fe842dfa10d7e8435fa10d83c6b00f1cf83c73e0cc0ec32a610ca98432a83ddddddccccddddddddddddddddddddddd000000004d34d34d34d34d35555555555555555556fbefbefbef6db6da59aa78
69357:0 1124 0 151 d300914640017968fe6000248000062008240000200001017fffe9296a09ea690e9ed02cce32d42998973326626d723ae4b5c8fb89f967ee603d00a2d0f5651dcbf614900f761b903f7f9c7bfe75b1f9c733eb8d87ae307eb8d8ff6f71fead7ff6e320a12c828a720a0d285bda416af285bee009f9182e90809f42ffffffffffffffffff80001befbdb6db55555555555556fbeee626aa
69878:0 1005 0 25 d300133ed00103c2293629c3348b69d299092b9418da008a6a
69878:0 1033 0 32 d3001a40900100000530303030300007504e545052465405303030303037f85e
69878:0 1230 0 14 d300084ce0010a00000000464ff4
69878:0 1074 0 250 d300f4432001796a27420024f020006980000000204101007e7fffff7a7a92725a4a5a222232710b8d8fd9630eb61954f39cfb3e4e7c9cfaa0b8c19a90e423bc47c88891e193dd67b60ee075d7ed2bdacbaef196134d6699ccb49e603cc07980f307566ea89d54f320e6c6cdb59673cb117f27f93c9fe4f276b401f7e00380c1d0d70704a41c12906f68c386750dfbf037f000df61fe85c3fa0b5fe82d7fa0ccc2ef0f0bc6082f1850bc8683cc0e0f30583cc160f3063eb275facc0feb303f28cdfc9d55f27557c9d74ddddddccccddddddddddddddddddddddd000000004d34d34d34d34d35555555555555555556fbefbefbef6db6da5db638
69878:0 1124 0 151 d3009146400179694c8000248000062008240000200001017fffe9296a09ea690e86dc284f328c29ae735edeb9e05d00ba41746d87dd45b658e5b1f443984128040a04b71b4633306eb7b2595ecd277b250802e3d00b89a02e3dfbf45ff0e6d7bf8561f29a87d0321f24081c7da06d8181c9060fe0f8463000fdbf7fffffffffffffffff80001befbdb6db55555555555556fbee587178
70306:0 1005 0 25 d300133ed00103c2293629c3348b69d299092b9418da008a6a
70306:0 1033 0 32 d3001a40900100000530303030300007504e545052465405303030303037f85e
70306:0 1230 0 14 d300084ce0010a00000000464ff4
70306:0 1074 0 250 d300f4432001796a75620024f020006980000000204101007e7fffff7a7a92725a4a5a222232750e8c50316f0936592cf9e7a7d39fa73f4fe5f4cc126a86d701ae5355a1b74388c70ccd8d802a01d00414018f28ee731ce4f94b0908121024204840d3f1a3c34b7914f2afe587c617f066cfbd4e7ef539fbcc082bd6d0aafcbd0511f3d58fcf563f3c778331d40ca96c32a5f0ca39ffd026ff34ebfcd3aff365be14a0f85c4fe1716f85eac121290484c0121300484c81adb006b8f81ae3ef8813fe1a6ef869bbe1a8dddddddccccddddddddddddddddddddddd000000004d34d34d34d34d35555555555555555556fbefbefbef6db6da89b2aa
70306:0 1124 0 151 d3009146400179699aa000248000062008240000200001017fffe9296a09ea690e6ee82350524429c5e38dbf17935366a70d4d9fe241fa7fc7907f49ce437d36fc2874f328224ce8a227c9c8df2ae57c9c021a97386a5741a974088b142341a088f0bf481efd2643f47c57dd6cff713efdd7fa164ef05fe7e1649effffffffffffffffff80001befbdb6db55555555555556fbee8f0587
70757:0 1005 0 25 d300133ed00103c2293629c3348b69d299092b9418da008a6a
70757:0 1033 0 32 d3001a40900100000530303030300007504e545052465405303030303037f85e
70757:0 1230 0 14 d300084ce0010a00000000464ff4
70757:0 1074 0 250 d300f4432001796ac3820024f020006980000000204101007e7fffff7a7a92725a4a5a22223279120af0897b0336990cfe34a46da8db51b85b4136ad04740ad8160024f992d340867c4c6c8b2417c830045968bf91a0033ec5fef41be837d06fa0de594cae59603f327eeafdfdf70016d8705703815c0e05671fd61e8f53f8c043b800d14c0345300c3782e7800b7e242df8c0b77e012ecd04aeb012bac04aff41436e05194814656051c17e836efa0ddbe8376fa0de3cb88cf2e4d3cb934fe9d9ffa176fe85dbfa192ddddddccccddddddddddddddddddddddd000000004d34d34d34d34d35555555555555555556fbefbefbef6db6da6c583d
70757:0 1124 0 151 d300914640017969e8c000248000062008240000200001017fffe9296a09ea690e56f61ed151fc29dee3bfbf7b9e557cab3955928527404a503d40a360f6994af4506543360a68b8d9c7e2c87f8ee3fe2bfdf2a787ca987f2a788533d615e4a8537cc0a1bb028cb40a16179eab9e763979ebe41d42c07bb721d3dbffffffffffffffffff80001befbdb6db55555555555556fbee010c85
71076:0 1005 0 25 d300133ed00103c2293629c3348b69d299092b9418da008a6a
71076:0 1033 0 32 d3001a40900100000530303030300007504e545052465405303030303037f85e
71076:0 1230 0 14 d300084ce0010a00000000464ff4
71076:0 1074 0 250 d300f4432001796b11a20024f020006980000000204101007e7fffff7a7a92725a4a5a2222327f150990e186fdb6b8e50583db0c1e183c31e09a815f9eb53f5a7f04f701739301e5ff0b7296c02f005e74b64e5afcd6b9ac72d99f963f2c7e58fcb7e65fc87f9445770b741710292bbe73cef570fbd5c3ef4df000e9cfff26038bda0df1d837c760de4042a8f60a83fc2a1020a7db82a2550a7cd029f340a7e17c7a23f1f423c7d0bf1f6e83f2dd0fcb943f2e50fcb9ffd2aeff4d5bfd35604e2a4132b804cae0132d4ddddddccccddddddddddddddddddddddd000000004d34d34d34d34d35555555555555555556fbefbefbef6db6da2ef056
71076:0 1094 0 151 d30091446001796b11a00024a184002200000000200101007fffea6a0a2b6aea636246d1131118f402d405800b3e7ddd077a0b6309c5a18b244600a06144442bc86610d10ba61820302808ff00341280d819f2cc6fcd2e5f362b78d5a3e1b8e785a9a040f8004db400b4303e7c60fa8983ef4006f2181fb360807bffffffffffffffffff800016db6db6db6db6cd34d55555b6da1b62bd
71154:0 1005 0 25 d300133ed00103c2293629c3348b69d299092b9418da008a6a
71154:0 1033 0 32 d3001a40900100000530303030300007504e545052465405303030303037f85e
71154:0 1230 0 14 d300084ce0010a00000000464ff4
71154:0 1124 0 151 d30091464001796a850000248000062008240000200001017fffe9296a09ea690e271015d371642a15902d20566c7c58f8f1f178a5f381e2d39d0f62ee75a18184bd861ed4fda69f5590197ae069ad819725e3de8f8f74be3de9febbc1fc045febfb9f614a7d8aeff60f002217e083ea8222abecbc7fb99e1ecb777fffffffffffffffff80001befbdb6db55555555555556fbee253ecd
71456:0 1005 0 25 d300133ed00103c2293629c3348b69d299092b9418da008a6a
71456:0 1033 0 32 d3001a40900100000530303030300007504e545052465405303030303037f85e
71456:0 1230 0 14 d300084ce0010a00000000464ff4
71456:0 1074 0 250 d300f4432001796bade20024f020006980000000204101007e7fffff7a7a92725a4a5a222232871b86f191a0f1b7389d1229185690ad215bdb79b71d94282a3e54cca2914592a605470a02efe6e14dc30f7f799e935de6ba8cf677c9ef93df27be4f17be2b3c59f27ae57bcb1f91441112103fea00ffa803f587d7e1ef5b06423a2508ab0022ac0089d2c24cfa09140c24507090dcbdc707f70f9bdc3e6f710d8301580c10f4304410c13bfef930fbe4dfef937fbe4e7e356ef8d85fe3617f1e61bc7395f1ce57c73b1ddddddccccddddddddddddddddddddddd000000004d34d34d34d34d35555555555555555556fbefbefbef6db6da5b0e60
71456:0 1094 0 151 d30091446001796bade20024a184002200000000200101007fffea6a0a2b6aea637238d4157168d634506878d120e521d603a8f290e4adc943fa10089014835686bb8d7b252a4b2c96383a7a80fa0083efd20607281a194069d77cb743f13f5fc3c39fa91f7dee51f736a03125a0c52e8319d413b46852bcc14ca17fffffffffffffffff800016db6db6db6db6cd34d55555b6daaafba6
71456:0 1124 0 151 d30091464001796ad32000248000062008240000200001017fffe9296a09ea690e0f1c1154711c2a33406868cd1fa13f42be84ec1dda67b0b05008c8e141bda3bcfff6a6e605c8ab99b0373480e0a80372bdfd0517f40e3fd0527b9c53ef8aa7ba0440c72e0322600c6d47e457df8d1dfe46a3f5440fdbc1ff53efffffffffffffffffff80001befbdb6db55555555555556fbee663b1e
71777:0 1005 0 25 d300133ed00103c2293629c3348b69d299092b9418da008a6a
71777:0 1033 0 32 d3001a40900100000530303030300007504e545052465405303030303037f85e
71777:0 1230 0 14 d300084ce0010a00000000464ff4
71777:0 1074 0 250 d300f4432001796bfc020024f020006980000000204101007e7fffff7a7a92725a4a5a2222328b1e85b1e9acec377875187f1d02aa05440c20fec2296f59e0a3c1977c1936d288850c498cfd6ffc5ff933ebc746deae7d5c3a38e47fc8ff91ff23f8bc1173c2eb7938f2f8e617c7383c1530ebf4c3afda0eb63c040ef00bbbbda051f643b3d90f0f635fc22f7e089e18227860897cbf782ffdd43bf750efdd57fe51e1f952fbe54bef955c3c900bf2404fc9013f2405017dfd05fa7817e9ef8a483e232ff88ccbe234eddddddccccddddddddddddddddddddddd000000004d34d34d34d34d35555555555555555556fbefbefbef6db6da536c81
71777:0 1094 0 151 d30091446001796bfc020024a184002200000000200101007fffea6a0a2b6aea637a32d5969190c850089fe1400e1e1c47f88bfa8bf4a5e92cd421bcb37cc31186328c69f2d9e687cce856306168d685ab23efcdb7c133df063dfeb61df93ac7e3b1215d5504bf38127a782cd760b3e882d4e1fa8ce7ee20dfba317fffffffffffffffff800016db6db6db6db6cd34d55555b6da8ab36a
71777:0 1124 0 151 d30091464001796b214000248000062008240000200001017fffe9296a09ea690df7280c5590d42a5284a6f94a22d1a5a38b469ff942408023051632fc1599cb354f6746f81decd7e2185679215dba8566fe1688785a1ba16888088e18232c0088cc9e313b78ca8fe30ddfa6d7fe97207a6eadfe4fa7ffefdfe4ab7fffffffffffffffff80001befbdb6db55555555555556fbee93e723
71934:0 1005 0 25 d300133ed00103c2293629c3348b69d299092b9418da008a6a
71934:0 1033 0 32 d3001a40900100000530303030300007504e545052465405303030303037f85e
71934:0 1230 0 14 d300084ce0010a00000000464ff4
71934:0 1124 0 151 d30091464001796b6f6000248000062008240000200001017fffe9296a09ea690ddf3607d690842a7358e8a1cd8e0dbc1bb83694082a5c505bbc27a11ef1c5f84da917fa0b3e131c2ea0775001e11607746df068bfc19cdf068c8591be173a985906df9f59fe8309f9efc069a8c1a263869bba07e1202635c07dc37fffffffffffffffff80001befbdb6db55555555555556fbeeef4ad4
72188:0 1005 0 25 d300133ed00103c2293629c3348b69d299092b9418da008a6a
72188:0 1033 0 32 d3001a40900100000530303030300007504e545052465405303030303037f85e
72188:0 1230 0 14 d300084ce0010a00000000464ff4
72188:0 1074 0 250 d300f4432001796ce6620024f020006980000000204101007e7fffff7a7a92725a4a5a2222329b2801b2f1d2dab818052b8ecf220e440c89c1e783fb02cd07860f5c17a92ba27224df8933e9e3d547ab034f605980d381a642cced1ada35b46b68d1d733aa2757ce669d533acc70abc3e79f0b387c2ce8f0aa600b4de028adc00f700000f800041fff370218b20842742109d083c0bd067cf40d3fd034ff40e74077cf01eb7807ade01ee6fda369f68dc7da371f68dc83b48a0ed4e83b53a0dd21836e900dba5036eaeeeeeeecccceeeeeeeeeeeeeeeeeeeeeee000000004d34d34d34d34d35555555555555555556fbefbefbef6db6dae895c2
72188:0 1094 0 151 d30091446001796ce6620024a184002200000000200101007fffea6a0a2b6aea639a1eda1a32089daf175e06bc3ddd1bc5f787935e26484c77628ed98db662d945c20b88dfc9c06380afb53e3ee50dfb9bffedc5f7b914fee5c184eaac120d0846fa3e7a21f9326be44740295440a5dc029cb1f10417c7fd9f21a47fffffffffffffffff800016db6db6db6db6cd34d55555b6da116ad4
72188:0 1124 0 151 d30091464001796c0ba000248000062008240000200001017fffe92969e9ea690db751fed8aff42bb9bf756ee71ca8995172a27cfffc4df43b305e898cc2de61be7c799f34a665ecd447bdb39efaa47bdaa5e53f8794f7de53f8ffcfa8003247fce57e87ce7a24dbe8770ff03ddfbcb7ff050a1c9540790641c904ffffffffffffffffff80001befbdb6db55555555555556fbeefac303
72506:0 1005 0 25 d300133ed00103c2293629c3348b69d299092b9418da008a6a
72506:0 1033 0 32 d3001a40900100000530303030300007504e545052465405303030303037f85e
72506:0 1230 0 14 d300084ce0010a00000000464ff4
72506:0 1074 0 250 d300f4432001796d34820024f020006980000000204101007e7fffff7a7a92725a4a5a2222329f2b005349ded53837e533ede3e037c05f8267a78f7b1f41406e812cfb4132d28084fc496cf9fbf579eb67d02e132c46d88cf09a1b7536ea6dd4dbaf9a7f30be64f5c6ec14d84fababf3723fc962ff2592fc8d08394dc0e0ad839ddc0e3aa838eae0e2d202270e087be421ef9087577f0997fc19abf066afc1ae3beb15efb88fbee23efbb8436ec10dbb2436ec90dbb2ff3afffceebff3baff53243d469af51a7bd46b8eeeeeecccceeeeeeeeeeeeeeeeeeeeeee000000004d34d34d34d34d35555555555555555556fbefbefbef6db6da5bcb79
72506:0 1094 0 151 d30091446001796d34820024a184002200000000200101007fffea6a0a2b6aea63a216db9b52308dd2bfa54f4ad323a652cca21bef376a6eb83cb08dd11f22f8c6010c06300660dcc1a7d8e3df73a47dd65817fa4061e6218906870ee81a9df8693de02e778003c3ff8ca02b4b20adb802bc1e192390687b81a39c7fffffffffffffffff800016db6db6db6db6cd34d55555b6da8b05cb
72506:0 1124 0 151 d30091464001796c59c000248000062008240000200001017fffe92969e9ea690d9f5dfa59afac2ddf4fc08f7d4007400ec01d71e8e61fc7dfed8003efb77a9df6f4ea90caed927b2d5fe341bf90dcfe33860035f000d180035ffd09f7f51b77d08a400224800e34001c77b402fecbcc7b415de7b807a5915e7b317fffffffffffffffff80001befbdb6db55555555555556fbeee9bce8
72828:0 1005 0 25 d300133ed00103c2293629c3348b69d299092b9418da008a6a
72828:0 1033 0 32 d3001a40900100000530303030300007504e545052465405303030303037f85e
72828:0 1230 0 14 d300084ce0010a00000000464ff4
72828:0 1074 0 250 d300f4432001796d82a20024f020006980000000204101007e7fffff7a7a926a5a4a5a222232a32eff13a1eacf3877bd384f38a2e945b28d3d763b187c05f9f7f43fe1693f7299c52ec9d20ab816f02e54560fd12fc2df84fe898a39147228e451c96572c68590fd4ffb25f671e7ec241ea08c1482305908b827e7c1af9a7d3f3668fc9cdbf2739fc8f4c2405208e0f02383c08da84121200477cc11df3047903f670ffda877f6a1dfdab6c14733051cec1473b051cf02d0f20b46882d1a2fcbaf7f28c7fca32ff28e5eeeeeeddddeeeeeeeeeeeeeeeeeeeeeee000000004d34d34d34d34d35555555555555555556fbefbefbef6db6da5311f8
72828:0 1094 0 151 d30091446001796d82a20024a184002200000000200101007fffea6a0a2b6aea63aa10dd9c92587ff85ff097e1506da0e6c1c9e4a5c8d7919716e6423c87c33146720ce800e802a4052ffe85400a2980306e024a100b25602e04793c83e354678c179de2d5f6d53bdad2802ed260bbd482f4900194a00a3fe02aad7fffffffffffffffff800016db6db6db6db6cd34d55555b6da3a6024
72828:0 1124 0 151 d30091464001796ca7e000248000062008240000200001017fffe92969e9ea690d8769f5daaf5c2c066c0ec819c371a6e38dc6e71ad0839ca4acb18242b426df4f779b96e23dc11b8a980a61c02d5d00a5881b89106e1e21b8927a566fea4d5fa551e180870607be180298781aa1dc2b0782dbf3605fd432bf35b67fffffffffffffffff80001befbdb6db55555555555556fbee8232cf
72954:0 1005 0 25 d300133ed00103c2293629c3348b69d299092b9418da008a6a
72954:0 1033 0 32 d3001a40900100000530303030300007504e545052465405303030303037f85e
72954:0 1230 0 14 d300084ce0010a00000000464ff4
72954:0 1124 0 151 d30091464001796cf60000248000062008240000200001017fffe92969e9ea690d6f77f0dbcf142c2f246030bc9ee7bdcfbb9e9c813b3072476df704bdb9432ac80d0cb9fa9bf1d7ec083315a0d02b0330c9f738c7dcdcdf738c87b57a1fef287b973f02fefc119ff02a383c8480ed9403c97fff8e3804e9dff894ffffffffffff8007ff80001befbdb6db55555555555556fbee1cfa24
73187:0 1005 0 25 d300133ed00103c2293629c3348b69d299092b9418da008a6a
73187:0 1033 0 32 d3001a40900100000530303030300007504e545052465405303030303037f85e
73187:0 1230 0 14 d300084ce0010a00000000464ff4
73187:0 1074 0 250 d300f4432001796e1ee20024f020006980000000204101007e7fffff7a7a926a5a4a5a222232ad357c745204c3b8f7754418b035d86ba0d8f93eb2a97681eeefde2fb5416912ed05d54b1f6e1bddb9bbe7712f5a3ed51da93ad2e8fad1f5a3eb47d112a220e4458cda9a3b349c644408db401f07007c2401e74fc604bf13893e85e1f9dabfe76b3f9cd342938f0a2de828b7a0a277bd8d8df62983d8a60f62abbe793ef9f137e7c4df9f42bd1f5bf47d8bd1f62f47d9022b5008b00022c000c45d030b7e0c2e0830b9ceeeeeeddddeeeeeeeeeeeeeeeeeeeeeee000000004d34d34d34d34d35555555555555555556fbefbefbef6db6da915b15
73187:0 1094 0 151 d30091446001796e1ee00024a184002200000000200101007fffea6a0a2b6aea63ba02e09ed2a860499092f926230be6234c437682ec91d908cb49ab035963ed47ea0fd8249649fc93e04fbaa14eff8543c6173c505eee417d27fdb3d3f531a7d38ca14b9d84785a115f003a9260ead483b092136b78519b21481affffffffffffffffff800016db6db6db6db6cd34d55555b6dab00008
73484:0 1005 0 25 d300133ed00103c2293629c3348b69d299092b9418da008a6a
73484:0 1033 0 32 d3001a40900100000530303030300007504e545052465405303030303037f85e
73484:0 1230 0 14 d300084ce0010a00000000464ff4
73484:0 1074 0 250 d300f4432001796e6d020024f020006980000000204101007e7fffff7a7a926a5a4a5a222232b3387b14aa10bdb917554d80d7061e0c2c19ff387e9c94392a5c550ca301860326e6490c0680c20304067c066125526b44d5892b98f831f063e0c7c6f4dde55bce74dcea3fd4a5a457bceb6eef47bbbd25eeeb57f5d31fd2c2c23cd808b69822da908a9102cd7d0b15a02c5680b0f33fe264ff7cdffdf37ff7e1420f7d084a302128c084d2431f0c0c7c5031f140c7c57defb7f7c19fdf067f4480fd0c0df43047d0c2beeeeeeddddeeeeeeeeeeeeeeeeeeeeeee000000004d34d34d34d34d35555555555555555556fbefbefbef6db6da5de22f
73484:0 1094 0 151 d30091446001796e6d020024a184002200000000200101007fffea6a0a2b6aea63c1fce22012d0527524ea21d4706020cc01947fa9fedffda7a57f5f6ec22470c8f111e6f763ef97df107b4e01fd4d07fcfc01dec0097820274efffd8dfe588ff8283f0001fb49ebeca54042c9a10bb2043407fcd16ff732ffde79ffffffffffffffffff800016db6db6db6db6cd34d55555b6daedf586
73484:0 1124 0 151 d30091464001796d924000248000062008240000200001017fffe92969e9ea690d4791e7ddce842d854b0c7e152df67bed37d9885312d4218cf67215c3db5bc7b946ef2c2e745988bb778938fe28b7f892fbefae4fbeb31efae582aa020bc1482adfa214078855c0213ac7c6517f14c77c664c197b206c9d6197637fffffffffffcccfff80001befbdb6db55555555555556fbee827702
73866:0 1005 0 25 d300133ed00103c2293629c3348b69d299092b9418da008a6a
73866:0 1033 0 32 d3001a40900100000530303030300007504e545052465405303030303037f85e
73866:0 1230 0 14 d300084ce0010a00000000464ff4
73866:0 1074 0 250 d300f4432001796ebb220024f020006980000000204101007e7fffff7a7a926a5a4a5a222232b73b79d5021cb839572d53eb37dae7b5af6d05408aad7242e671cd339349a8736bc6d2cd19940c299853a4a0aef4de0a5c13f7a7895e12bc25784af0dec1b923763d077a95f551e5aff21c8fc40c3f1037fc37982614e093ca3dfe00f7bb3bdeed2f7adb03124d0c28e030a380c227424b9c0921bc2486f0922f3dae86f6c657db195f6c94812bcf04af5c12bd704af601c3980711201c448fc72c7f16bbfc5afff16d9eeeeeeddddeeeeeeeeeeeeeeeeeeeeeee000000004d34d34d34d34d35555555555555555556fbefbefbef6db6daa1ec0e
73866:0 1094 0 151 d30091446001796ebb220024a184002200000000200101007fffea6a0a2b6aea63d1f6e3a132f845a0333cbe78bda3db36f66288f5117622d07ae9038208c4e589a3133bc98d922723bfab5cdec4927b1dabed3db7b8b8dee5390250c607a5c81d5d60bdf4825c9208fda04f0a4143ab85177fe72b17a2617e8c1cffffffffffffffffff800016db6db6db6db6cd34d55555b6da29b3cd
73866:0 1124 0 151 d30091464001796de06000248000062008240000200001017fffe92969e9ea690d2f9de35eee3c2fb2bb6756cae18f031e463c7eaaff83faebbdc7a45ef8981df1f36085c9f39087296fb6a85ede757b69f00c740031c9c0c740803fc4021850043bffa29cfe9015fa24178bb57e2a57f8bc8de739ffa398de7350ffffffffffffcccfff80001befbdb6db55555555555556fbee63f793
74177:0 1005 0 25 d300133ed00103c2293629c3348b69d299092b9418da008a6a
74177:0 1033 0 32 d3001a40900100000530303030300007504e545052465405303030303037f85e
74177:0 1230 0 14 d300084ce0010a00000000464ff4
74177:0 1074 0 250 d300f4432001796f57620024f020006980000000204101007e7fffff7a7a926a5a4a5a222232c141f735b236acb9d6e55fc6bf91f723de49417bc323ef49e07fc14f7b89fd7415e8270fc27c89fa93f59be49ea11d62dac4f509eb63d6c7ad8f5b18c9d18f63224dd69c33388c6c27dfe13f7b1efdec82f7a8c807f0401b377d9ee5f63ecfd8fb6f631443bc600ed12c3b44b0ecabff5b45fd6063f5818fd619bd070bf4286bd0a1af42b5fd6c80f5b21fd6c87f5b224199c30669cc19a730d41ec34a850d2a2434aa3eeeeeeddddeeeeeeeeeeeeeeeeeeeeeee000000004d34d34d34d34d35555555555555555556fbefbefbef6db6dad1d6c4
74177:0 1094 0 151 d30091446001796f57620024a184002200000000200101007fffea6a0a2b6aea63e1e8e6a39348260143fed7fcf05da0aa814a1bff37886ef82f486c40da46690caa194af259e3bbc6e00c6b0048cb012e8e030c900ff46042278713281aaf5069838026b7ffffa1ff89d8674521a497069b2dfb902ff3f5dfd26effffffffffffffffff800016db6db6db6db6cd34d55555b6da6bf04e
74177:0 1124 0 151 d30091464001796e7ca000248000062008240000200001017fffe92969e9ea690cffb7da610da42e125426904950e321c6c38cec34da97b1135266cd9d4ae0d9c36b8375040e04bc11d81644e05ce80163ba0715201c4e407152fba247efa257ba63fecbd8fb3505ecb7d0177720595e8178a80447f017d0a044307fffffffffffd557ff80001befbdb6db55555555555556fbeea832e9
74304:0 1005 0 25 d300133ed00103c2293629c3348b69d299092b9418da008a6a
74304:0 1033 0 32 d3001a40900100000530303030300007504e545052465405303030303037f85e
74304:0 1230 0 14 d300084ce0010a00000000464ff4
74304:0 1124 0 151 d30091464001796ecac000248000062008240000200001017fffe92969e9ea690ce7c5d5e20d5c2e447c8ae9120c9eb93db27ae369c9038de01fb06830803d3ffc37f50e22ae41fc8c58487181259e048693e4f06f93bb7e4f07796f61e6d6a79734a0667e019fa206622fddd5ff72dbfdde9c139718550b813922ffffffffffffd557ff80001befbdb6db55555555555556fbee3f1197
74597:0 1005 0 25 d300133ed00103c2293629c3348b69d299092b9418da008a6a
74597:0 1033 0 32 d3001a40900100000530303030300007504e545052465405303030303037f85e
74597:0 1230 0 14 d300084ce0010a00000000464ff4
74597:0 1074 0 250 d300f4432001796ff3a20024f020006980000000204101007e7fffff7a7a926a5a4a5a222232cb4874966a50a13a369d6dab4f5b0eb60d6dddf0bc0d6d98dd1dba8b6dfe682ceb39d1b317e792d0a5a1bf3cde5f1cded9bcb2f98f0a1e143c287850d3e1a3634abf487f16fe53f7b3d2280f443a3d10eff43a7feb958fa9cc7d68bef56633d5990f558abc91b8f2268fc89a3f2201fcbc61f2e4d3cb934f2e60bc82f8f2181bc8606f21b101e15d0785941e1650785981adce06b9f81ae7efeb373fa6e6fe9babfa704eeeeeeddddeeeeeeeeeeeeeeeeeeeeeee000000004d34d34d34d34d35555555555555555556fbefbefbef6db6da8fd064
74597:0 1094 0 151 d30091446001796ff3a20024a184002200000000200101007fffea6a0a2b6aea63f1daea25f3a0086a38d0c9a0d325663a0c696f9edec9bd7be3a7d4ffabb8507078e0e71db23a6c74487564a1ecb187be2a194a1068ea41a5ff7bfb1fee4f2fb802ff8f66fda25bf614cf85b8de1e65f88266113d484aaa412d40ffffffffffffffffff800016db6db6db6db6cd34d55555b6da60e08f
74597:0 1124 0 151 d30091464001796f18e000248000062008240000200001017fffe92969e9ea690ccfd1d0e30d14307840f269e11065a0cb81969ae637fc6bd4ef0a06e3bd79ab350e66bbc25981530b007c34a1f4aa87c2c40328580c9b203286874e9a1e53807528420529081a4c204cdfa48a5e8dacfa49e3e36baf945dde366bffffffffffffdddfff80001befbdb6db55555555555556fbeeaf0708
74887:0 1005 0 25 d300133ed00103c2293629c3348b69d299092b9418da008a6a
74887:0 1033 0 32 d3001a40900100000530303030300007504e545052465405303030303037f85e
74887:0 1230 0 14 d300084ce0010a00000000464ff4
74887:0 1074 0 250 d300f443200179708fe20024f020006980000000204101007e7fffff7a7a926a5a4a5a222232d54ef1f71a6895bab6557b98df362e6c4cda5a9e7568ed2fdc4bb8e76ab6e86debbbd2b71995262bcc580ca97e2ecc7e38fbb1777452e8a5d14ba290fcc1f543ee315c633ec6a38853c8efdf1f597c7d6cf1ec73d1030f3f82bd5ba2f531bfd4c73f52437d922ff62867d8a19f621f826ee009aecc26bb309b003c2262f095c7c2571f098bbe8a57fa297be8a5efa29801ffa608015820056f0c75fc2be1f0af93c2bffeeeeeeddddeeeeeeeeeeeeeeeeeeeeeee000000004d34d34d34d34d35555555555555555556fbefbefbef6db6da52c658
74887:0 1094 0 151 d3009144600179708fe20024a184002200000000200101007fffea6a0a2b6aea4409ceed2853f7eddb23b297647dfadbe4f7be83d507360e5398073dee7d7a9b750f6a14cb9d96432bf7e64a5fb0477ecc7feff6afc39dbf10cd8108ae02855808dbbef7c2fb433bec97ffaa60beb0f97accafe833afa6859e9cae7fffffffffffffffff800016db6db6db6db6cd34d55555b6daac7d4e
74887:0 1124 0 151 d30091464001796fb52000248000062008240000200001017fffe92969e9ea690ca7ebc7e52c7c31e487caff923016402cc0590abc17a82b2c93b1503250029186da8a5504ca063414cfe87a5fa5c17e872000adc002b0c00add0344360e29f83482014e7c053f9a14e20832f120c74883305004a5001943004a00ffffffffffffdddfff80001befbdb6db55555555555556fbee8561d0
75157:0 1005 0 25 d300133ed00103c2293629c3348b69d299092b9418da008a6a
75157:0 1033 0 32 d3001a40900100000530303030300007504e545052465405303030303037f85e
75157:0 1230 0 14 d300084ce0010a00000000464ff4
75157:0 1074 0 250 d300f44320017970de020024f020006980000000204101007e7fffff7a7a926a5a4a5a222232d951f09772768fbaf6358013042a7854e0ab810a42408d761cd83a006cf7308e7c1cf3395aece3db49b70767681d505b40b580ebe792cf259e4b3c971cde355c6e7aa2f5ccebbfd2880603a013a8804ea90131640463c00d0581648505554c155560547c3e227ff869abe1a6af8633bd6691f58d93d6364f58ecbfff78000a1800286000d13cf259f3c987cf261f3c98be3fb3f9018fe4063fa0e33e7d96f9f66be7db4eeeeeeddddeeeeeeeeeeeeeeeeeeeeeee000000004d34d34d34d34d35555555555555555556fbefbefbef6db6da369b54
75157:0 1094 0 151 d300914460017970de020024a184002200000000200101007fffea6a0a2b6aea4411c6eea9741fdc168c296852236ac6c4cd7e8e281bdc37a07220f211e5fbe637a46f3e238846188ba021b5009df202832a1b7658719c81c8c8839d960cd900322a40abfb02141e07db87bf0a1f039efc1744142a30565f815c167fffffffffffffffff800016db6db6db6db6cd34d55555b6dae278cf
75157:0 1124 0 151 d300914640017970034000248000062008240000200001017fffe92969e9ea690c8ff7c3664c34301d083c007433ffe8004fff8316085c0c976906faeda57f0cffd17c4227944bc49ff020fde087cf820f581ffb307fe681ffb3815aac0683d015e97ef923fbea39ef8c87faa4ffe6177fab8a1609705ed4e160487fffffffffffdddfff80001befbdb6db55555555555556fbeeebd210
75324:0 1005 0 25 d300133ed00103c2293629c3348b69d299092b9418da008a6a
75324:0 1033 0 32 d3001a40900100000530303030300007504e545052465405303030303037f85e
75324:0 1230 0 14 d300084ce0010a00000000464ff4
75324:0 1074 0 250 d300f443200179717a400024f020006980000000204101007e7fffff7a7a926a5a4a5a222232e3586df8228e843b55ed8c0e102098412083fe0dfc478efc1fe4401c792fd12fbd7f763e601e463e0e7c88f27807b030205f403e8f4a1e943d287a57741ee3ddcacdaa9bda37dc6ac4038b4009c800272000934fec7a6fad5b41957406191418645060b73f6379fd6d3ff5b4ffd66c0392eb0e3ef838fc10e402ffd468ff5e0bfd782ff60fc1e95307a56c1e95b07a573eee4ffbbc1beef0e0d15dc33f850cfe1433f9feeeeeeddddeeeeeeeeeeeeeeeeeeeeeee000000004d34d34d34d34d35555555555555555556fbefbefbef6db6dab093f2
75688:0 1005 0 25 d300133ed00103c2293629c3348b69d299092b9418da008a6a
75688:0 1033 0 32 d3001a40900100000530303030300007504e545052465405303030303037f85e
75688:0 1230 0 14 d300084ce0010a00000000464ff4
75688:0 1074 0 250 d300f44320017971c8620024f020006980000000204101007e7fffff7a7a926a5a4a5a222232e95b6cb87a9c7ebb95c5958efb226644bc8b24a40974f03be263c51f832029706de0d7012277ebf157e31fbf9e03bc28184f301e03c207840f081e11ab535246a8376b6f5cdee1b8cfc3fd9f0b913c2e44f0afe0212df08029fdbd5af6b8b3dae2cf6ab0801400002f5400bd50028dbec77bfb113bec452fb1273bcc55ef3dbbbcf6eef40ac0785201e1680785a01e17035cd70d763835d96f6d6b3dafbaf6beebdafd4eeeeeeddddeeeeeeeeeeeeeeeeeeeeeee000000004d34d34d35555555555555555555555556fbefbefbef6db6da84a741
75688:0 1094 0 151 d300914460017971c8620024a184002200000000200101007fffea6a0a2b6aea4431b2f3ad1497b1d4aba5a74a93cf878e4f11ee05db97b71700460e6c1e805a808d01102f2e5d64ba3fdfd3bf966d7e65161e9c087e3341fb23fb94d9ecb607b19e5dc845f68549d9a03006524020bf808bc819fc706da8a1b93affffffffffffffffff800016db6db6db6db6cd34d55555b6daf29600
75688:0 1124 0 151 d300914640017970eda000248000062008240000200001017fffe92989e9ea690c481fb5e96b5433d013a20740500260050009edd6ddd1b79bf4f812dfd5449a8ae61279162828e45a47d41bff5468fd4134000db0002f6000dc7c0ef1f15b37c12d0010f880496c0109d05407414c6d85419e0d59703c1de0d5477fffffffffffdddfff80001befbdb6db55555555555556fbee69b3f5
75968:0 1005 0 25 d300133ed00103c2293629c3348b69d299092b9418da008a6a
75968:0 1033 0 32 d3001a40900100000530303030300007504e545052465405303030303037f85e
75968:0 1230 0 14 d300084ce0010a00000000464ff4
75968:0 1074 0 250 d300f4432001797216820024f020006980000000204101007e7fffff7a7a926a5a4a5a222232ed5eeb58d2a878bbd5a59a122428c85180a4db4a36c211c825744b3c8f5887612a424fc414923325ea4c4491e803c027c04e401cf8a2f145e28bc517ea3fcfffa34155032f0688081c058a3011b6c046db01120fd6466f546dc1f0690786e41e1b90779b40ce6c03170c0c5c30310202101a08332420ccc08343bfce04ff467bfd19eff49e3f144cfc5153f1454fc515bfdb19ff6fdffdbfe00bff0029ff00a7fc02a16eeeeeeddddeeeeeeeeeeeeeeeeeeeeeee000000004d34d34d35555555555555555555555556fbefbefbef6db6da9e277e
75968:0 1094 0 151 d30091446001797216820024a184002200000000200101007fffea6a0a2b6aea4439acf52e34bfa217fc2c5057f14d628a0508f8f0f16de2bfda47c25f86620803e887c709ae12642438232860a3c0029a620a8ae02dee80ba117e4f75f7a077dd481f7c3f7d552ff4dfc0212ce08c2a823974073d0022aac08d437fffffffffffffffff800016db6db6db6db6cd34d55555b6daa79e8e
75968:0 1124 0 151 d3009146400179713bc000248000062008240000200001017fffe92989e9ea690c302db16a6b0c320ef01fc03bdc1a5834f0696758d0d59d9cd241cd634a612b440784bc3d1a76ccf60812fb804fe7012f31e0ccd7832bde0cce7a6f57eadccfa73381cb8c0733ba1cb3081d13c070a001d26620d2d88a03820cddffffffffffffe667ff80001befbdb6db55555555555556fbee121f52
76267:0 1005 0 25 d300133ed00103c2293629c3348b69d299092b9418da008a6a
76267:0 1033 0 32 d3001a40900100000530303030300007504e545052465405303030303037f85e
76267:0 1230 0 14 d300084ce0010a00000000464ff4
76267:0 1074 0 250 d300f4432001797264a20024f020006980000000204101007e7fffff7a7a926a5a4a5a222232f361ea192ab6733c1585a19787338e670ccfc1fc842773ade93fd2d39e88ea51f023db872c6d1cdbbbb7e7692e08bc31b86230446de9dbd3b7a76f4e30fc5d78be4b6717542ed058afc83a9f1c78bc71e2f1be280bd9a02abafe2d0ef8797fe1e5ff86c481944a062e8418ba106279bd6d29f5a75fd69dbf5a877bd7eeef6e23bdb88ef718bdbd3ff6f51fdbd47f6f523c689bf1a5e7c69800ad2142ae870aba1c2ae9feeeeeeddddeeeeeeeeeeeeeeeeeeeeeee000000004d34d34d35555555555555555555555556fbefbefbef6db6da0fc949
76267:0 1094 0 151 d30091446001797264a20024a184002200000000200101007fffea6a0a2b6aea4441a6f6af54e7945d4cb6e96d2ecebd8cbb0e0400078c0f00b4317632ee23ce87758ee0e4d7c8b790d8687701b8fa86ef4df69577de18df7aba01138002b0a00988c130210424b6101de03d9320fdc303ffd7f4d06fd8f89f667a7fffffffffffffffff800016db6db6db6db6cd34d55555b6da195f92
76267:0 1124 0 151 d30091464001797189e000248000062008240000200001017fffe92989e9ea690c1839aceb8ac4344f64a0a93db03da07bc0f6e124c46b84cfb1878beec77dc1bd347715e519c6c795f853714151be05368c01e8500799c01e85f8e235e4a8478e615f8a12fe2dd5f89b77e6779f962efe68a3f4d147d9fd3f4cc47fffffffffffe667ff80001befbdb6db55555555555556fbee3b91be
76567:0 1005 0 25 d300133ed00103c2293629c3348b69d299092b9418da008a6a
76567:0 1033 0 32 d3001a40900100000530303030300007504e545052465405303030303037f85e
76567:0 1230 0 14 d300084ce0010a00000000464ff4
76567:0 1074 0 250 d300f4432001797300e20024f020006980000000204101007e7fffff7a7a926a5a4a5a222232fd686779dad067bc753dafa9035686acfd5bbf8b3f447871f2c7e5e3c4a9c0339be7330ddae4d2cb2996c326e6202c6098c030ff99af335e66bccd7ed5bda6fb5100058091014bfda3d0f8cf3f713cfdc4f3edb3f84e7fdc8e3ec59efadbbbeb6eeface8833ffd0cdd50337540cd667c63fcf182afc60aef183c3c06d3f029b3c0a6cf02d1c336070cd83c3360f0cd843db20ff6cbb7db2f4ff7087fd623ff588ffd63beeeeeeddddeeeeeeeeeeeeeeeeeeeeeee000000004d34d34d35555555555555555555555556fbefbefbef6db6da1b2294
76567:0 1094 0 151 d30091446001797300e20024a184002200000000200101007fffea6a0a2b6aea445998f9b1b53777eddbd80faf51dbc3a6c7429a9234b0694467f0ddc1bd47a54f231e3c1d14393071d7f903fffb2dfff8180efe603fbc81014886b7ea19424863cf6097a801c2d00696507b0101f37a87d6b410efc84975e1286fffffffffffffffffff800016db6db6db6db6cd34d55555b6dabca405
76567:0 1124 0 151 d300914640017972262000248000062008240000200001017fffe92989e9ea690bf053a36daa2c35d51bac175480a7214ec29c95992d5656a7760714edd946fe4fae1c0938306cf4e267d9265f68927d91da05345814c9e0534605ffb0191e3060391f1304fc519df12a987a4641e56a07a58e1e5d68802dc1e586ffffffffffffe667ff80001befbdb6db55555555555556fbeeff9ffa
76867:0 1005 0 25 d300133ed00103c2293629c3348b69d299092b9418da008a6a
76867:0 1033 0 32 d3001a40900100000530303030300007504e545052465405303030303037f85e
76867:0 1230 0 14 d300084ce0010a00000000464ff4
76867:0 1074 0 250 d300f443200179739d220024f020006980000000204101007e7fffff7a7a926a5a4a5a222233076ee4da92e85c3cf4f5bdc3738b6716be2f3d517ad0fe84feedfe2ff546ab4d721adf75339f0f3fa27fb4f8ce49bcb3b966724c07140e281c5038a7996f2e5e5ff5476b13d64fa7afde316f7453bdd14ef73bdbe680ef9557ff87f6fde51bf7946fdd7ebd1630f4361fd0d87f42f2c3aba30ea1443a8550ea25fc59f5f1763fc5d8ff179a40e29a038a880e2a2038a8ff396cfce92bf3a51f4b1d7d2678f499e3d2690eeeeeeddddeeeeeeeeeeeeeeeeeeeeeee000000004d34d34d35555555555555555555555556fbefbefbef6db6dac373e5
76867:0 1094 0 151 d3009144600179739d220024a184002200000000200101007fffea6a0a2b6aea44718cfd34158f5b865308f6113cf6f9dcf3aef1bbe301c5e81b8044e08b9bdef7966f22d7ebaedf5d2f91791e5d02797f6de7d6cfa31e3e8ecffc8223f06b2fc072fffec9ff5f57fd086fbe991f01dafc1035ee5b37bf239eff26ffffffffffffffffff800016db6db6db6db6cd34d55555b6da947805
76867:0 1124 0 151 d300914640017972c26000248000062008240000200001017fffe92989e9ea690bc06d9a6fc99c366130c44184e13ee27e04fb8b3818942d1f425ead9d0ac051425401550f701b783f60653c8198eb06533e09f1a027bf009f1a83676a0ebd1836b4beabbf7ab487eab6380f75403a2600f87e09fdb82eaee09f8b7fffffffffffe667ff80001befbdb6db55555555555556fbeedb66c0
77166:0 1005 0 25 d300133ed00103c2293629c3348b69d299092b9418da008a6a
77166:0 1033 0 32 d3001a40900100000530303030300007504e545052465405303030303037f85e
77166:0 1230 0 14 d300084ce0010a00000000464ff4
77166:0 1074 0 250 d300f44320017973eb420024f020006980000000204101007e7fffff7a7a926a5a4a5a2222330b71e39aeaf6563d34d5c25404ac895902b3c44948c0e20bc5fb8c4b117f28ce6d1cd5791ffd20fbc5f7fbe9506550eae1d483297e61fcc3f987f30e06dc093815802480cf01c7fe98267b10957a4255e9094e441e40b074573bf8d1efa88bbea22ef9b5be1129f82207e0881f81b17f6db9fda9a3f6a6bfdaab409127025304094c102566ffcc4bff314bfcc52ff3153c144cf054abc1532ff8f97fdde8ff77a3fde00eeeeeeddddeeeeeeeeeeeeeeeeeeeeeee000000004d34d34d35555555555555555555555556fbefbefbef6db6dafb080a
77166:0 1094 0 151 d300914460017973eb420024a184002200000000200101007fffea6a0a2b6aea447984feb535b74bd583a7574df289a50289f9fd88fa9df51cf539f843f25e20bc19f82836506ba8d6c7e0aa9f99c8fe7284146cd855766158307f756dfc3857efa781b22f062cee183ec7e2b3bf9245fe51de1d8db07bed81f24e7fffffffffffffffff800016db6db6db6db6cd34d55555b6dae6ac44
77166:0 1124 0 151 d300914640017973108000248000062008240000200001017fffe92989e9ea690bb07b95f0c95437a9a35526a69d9c1b38767006770f121a182b787fd0af5d033bb7f41c3ca075d4f41fadabfebaa8fada37ecdab7b3635ecdab82371e09fbe823afe07dff81fd8a07da4fda913f6695fdaa3c209528890cc20902ffffffffffffe667ff80001befbdb6db55555555555556fbee96834e
77335:0 1005 0 25 d300133ed00103c2293629c3348b69d299092b9418da008a6a
77335:0 1033 0 32 d3001a40900100000530303030300007504e545052465405303030303037f85e
77335:0 1230 0 14 d300084ce0010a00000000464ff4
77335:0 1094 0 151 d30091446001797439620024a184002200000000200101007fffea6a0a2b6aea44817f003675df3c26ac49a892a01fe02f0053097b128224ebcedfab9f58e07ac0ce0191155c29c052f031d600de7603853a011ef8083ee0235202722e082b581f73bf6578fcfa15f373580857e028d600ac220d13883a0500eaac7fffffffffffffffff800016db6db6db6db6cd34d55555b6dabf544a
77335:0 1124 0 151 d3009146400179735ea000248000062008240000200001017fffe92989e9ea690b98879171e90c39f3abe937cec204a409c8128201062408431696560c5bb9ba752666f9ead9d24bad07f7b57fe2ceff7acc102000407881020081198405858011d65e5431f95651e53d67a6069e946afa6191f7b1c7e57f1f7acc7fffffffffffe667ff80001befbdb6db55555555555556fbee0c589d
77677:0 1005 0 25 d300133ed00103c2293629c3348b69d299092b9418da008a6a
77677:0 1033 0 32 d3001a40900100000530303030300007504e545052465405303030303037f85e
77677:0 1230 0 14 d300084ce0010a00000000464ff4
77677:0 1074 0 250 d300f4432001797571e20024f020006980000000204101007e7fffff7a7a926a5a4a5a2222332581dcfca33639be5425e4486895512a9256e7ef500c989c331c668cc601eb73f267e00f349ce63b507710e78733de87dd0eb99d18f331e663ccc79e9e2d37da7338dd7240e4a9c45c20acc07e4101f90407dab03b6f90e91282caf80af1242bc490ae3f03967c0e374c38dd30e305c366770d8c94363290d8dafe2e22f8c6efe31bbf8ca5831e710c79e431e790c79ebd42f7f50f57d43dcf84827e0c0bf8302fe0c23eeeeeeeeeeeeeeeeeeeeeeeeeeeeeeeee000000004d34d34d35555555555555555555555556fbefbefbef6db6daa09019
77677:0 1094 0 151 d30091446001797571e20024a184002200000000200101007fffea6a0a2b6aea44a96506bb3687027f1cfa89f46e9bfd273a437ac2f511ea0734ce777cf0bad875896b08180e2f245db88a45424033090c2ff4ffafd7c1df615dfec3edf9725fe48fbe3155782987e0312fae30bec039fb09b00e6ca03f6941003dffffffffffffffffff800016db6db6db6db6cd34d55555b6da732fff
77677:0 1124 0 151 d300914640017974972000248000062008240000200001017fffe92989e9ea690b40bd7f7607e43a2bd05980af6c1a9835b06a7311e845cc80d689d5f35b9ccffb50f34e2e1c58d0ba102fdc80c36b02fd41e0cf578335fe0cf67d5d87f6958fd61661d41f0756061d3c47d75bbf59bf7d76e41953f86c07e194efffffffffffffe667ff80001befbdb6db55555555555556fbee77aec0
77988:0 1005 0 25 d300133ed00103c2293629c3348b69d299092b9418da008a6a
77988:0 1033 0 32 d3001a40900100000530303030300007504e545052465405303030303037f85e
77988:0 1230 0 14 d300084ce0010a00000000464ff4
77988:0 1074 0 250 d300f44320017975c0020024f020006980000000204101007e7fffff7a7a926a5a4a5a2222332b855bbd034433be93fdebe663d147a27f46bf39bea0fe1dfe1ffc93f20e888d2cba54b41dfebdfefffe6ff6396ae2f605eacb5592ac25584ab095613a026f84e284af89e513f222f3efa8dfba317ee8c5fb99b7f5c14fd259bf7b0ffdb183f6c60fda453cd0b4f3202fcc80bf3193ffa158fe781ff9e0afe793029c440a7f7429fdd0a82e02558e0956582559609566027ab509ee4c27b9a041aa0100ab0402ac100c3eeeeeeeeeeeeeeeeeeeeeeeeeeeeeeeee000000004d34d34d35555555555555555555555556fbefbefbef6db6da166859
77988:0 1094 0 151 d300914460017975c0020024a184002200000000200101007fffea6a0a2b6aea44b95f083c56aef5da2bb0a7609c43d876f0e287720e701cc80e182a0055ddad7b33765bfa5df3c3e6f7e550ffac61febce9e23df78cbade354201f0100622e81751dfe3ef7ef3effb5ac7db7f3f75737dde97ff93e004066012b1ffffffffffffffffff800016db6db6db6db6cd34d55555b6da8aa455
77988:0 1124 0 151 d300914640017974e54000248000062008240000200001017fffe92989e9ea690b28c97af7279c3c7ddcfd99f790bce17a02f3f010e243c07fcb6fbfbf2f19a334f7e69ce187bfa387b081e8020b99081df805e190177ee05e1a7c9d37f39447ca117fbddafefcf5fbd7ffa4929e8e9afa4a51f30847d2d93f30347fffffffffffe667ff80001befbdb6db55555555555556fbeeeca379
78307:0 1005 0 25 d300133ed00103c2293629c3348b69d299092b9418da008a6a
78307:0 1033 0 32 d3001a40900100000530303030300007504e545052465405303030303037f85e
78307:0 1230 0 14 d300084ce0010a00000000464ff4
78307:0 1074 0 250 d300f443200179760e220024f020006980000000204101007e7fffff7a7a926a5a4a5a22223331885a7d5b522e3ed3ddf3869711ae234c4846914d50e3f2c9c993eb20b72aee715cddf930e135c3ef884f09ffa68f6d5ed9bd328ccc199833306667ddafb6df70f0ab61dcc3e182cfbfc20efa963bea58efa0003080c0bd577c35c0f09c47c2711f08f17e156bf8330be0cc2f82c1fbf05aefb427bed0cefb53bf1399fc5ccff1733fc60341998c06665019994066657fc1efff0b3bfc2d5f01603bff83effe0fbff9beeeeeeeeeeeeeeeeeeeeeeeeeeeeeeeee000000004d34d34d35555555555555555555555556fbefbefbef6db6da002ab4
78307:0 1094 0 151 d3009144600179760e220024a184002200000000200101007fffea6a0a2b6aea44c15709bd76d6e6372c6aa8d4a1ef03cd478f9449281e5020e751dc83bac09a810d8211dd53b9af72c84255e12075848d380f98504224410ae78525b212f9684aabe1966505bdc41682200a550030ca80cbf5f10ecfc9f1ff2a607fffffffffffffffff800016db6db6db6db6cd34d55555b6da8137de
78307:0 1124 0 151 d300914640017975336000248000062008240000200001017fffe92989e9ea690b18d77678274c3dd187a4e7462d6abad5b5aaed59dcd7b5a0c239ad530a467c4eaa1a0015f828845987d58e7f5a32fd585deb4fffad387eb5007bef9bf0dddfbf37c1ab7e06b3821ab228722421c4e107236c0d41703bbde0d3c77fffffffffffeeefff80001befbdb6db55555555555556fbeeb4f61a
78515:0 1005 0 25 d300133ed00103c2293629c3348b69d299092b9418da008a6a
78515:0 1033 0 32 d3001a40900100000530303030300007504e545052465405303030303037f85e
78515:0 1230 0 14 d300084ce0010a00000000464ff4
78515:0 1074 0 250 d300f443200179765c420024f020006980000000204101007e7fffff7a7a926a5a4a5a222233358bd91db35e283f13bdf829005680acf15bbdf6fc1b8a1d161e2c90520fd27fc09f7c7e6d044d0a1e14ac22b9e6d3ede7da8f3507520ea41d483a9688fd0d7a1e7ccf7a24f471e3ec10f8303f6f00fdbc03ed8febad1faa0880fb1003b1800ec6003a453f6493fd6faff5bebfd68bc05364014048050160141603942a0e5f10397c40e62780ea6803a9c00ea7003a9c7d189ff465f7d1984fc3a3bf0891fc2247f08a9eeeeeeeeeeeeeeeeeeeeeeeeeeeeeeeee000000004d34d34d35555555555555555555555556fbefbefbef6db6da40f59a
78515:0 1094 0 151 d3009144600179765c400024a184002200000000200101007fffea6a0a2b6aea44d1510bbeb6fed9962b28ae50af9dff2afe4ae145c2178417c07f8ecf1f43a087190e28c0f180eb0147a1545e9c6f7a7d1ffd0ecff7fe5fe24ff864d3dff5ef7e9dff48affc86f1f1a6c83ab220f23f03d1c7e2dd9f912d5e474d7fffffffffffffffff800016db6db6db6db6cd34d55555b6da44b902
78733:0 1005 0 25 d300133ed00103c2293629c3348b69d299092b9418da008a6a
78733:0 1033 0 32 d3001a40900100000530303030300007504e545052465405303030303037f85e
78733:0 1230 0 14 d300084ce0010a00000000464ff4
78733:0 1094 0 131 d3007d4460017976f8820024a184000200000000200101007fff5350515b52270a187608d74b41160c2c0260b4bf597d4f623e99fd296e54de61bd0028284c60968194db06affa1aeda8614221941c0659effbfe87ed8d9fb788fab425e861ef9fb1a077048237f20909c7fffff8007fffff8000b6db6db6db6db669a6b6db40bca96a
78733:0 1124 0 151 d3009146400179761dc000248000062008240000200001017fffe92989e9ea690ad8fd68fb66743fd613adef5853b907728ee466f4d0019c0fb2678dbecafd283bfe74ae39806f90e7a7da327f6ce37da29a1dc3207704a1dc337a5a05ea8d77a5df3f8bacfe3407f8b51fdd1e1f71267dd2ea1f0b2882eca1f061ffffffffffffeeefff80001befbdb6db55555555555556fbee9d5e24
78987:0 1005 0 25 d300133ed00103c2293629c3348b69d299092b9418da008a6a
78987:0 1033 0 32 d3001a40900100000530303030300007504e545052465405303030303037f85e
78987:0 1230 0 14 d300084ce0010a00000000464ff4
78987:0 1074 0 250 d300f4432001797794c20024f020006980000000204101007e7fffff7a7a926a5a4a5a2222334b98d3ff1b9211c0132e13c8f396672cae5b1c147856e61bce1b9c8b31fea50d659ac6750196f32f685f40b7ef165e4cdc98b8b17572eae5d5cbab9183b302e6090ef89e773d16753be0ef9f7f4cbdfd32f7eb6bdc97af6db2fc7adbf1b0b3c6c2cf1a37fd09aaf40407d0101f3fd182a80a0a92e42a4bc0a93fbdf322f7daefdf6bbf7de5beae5efab99beae66fab99c30e0f0c3bb430ef40e63ac392ee0e4bb839306eeeeeeeeeeeeeeeeeeeeeeeeeeeeeeeee000000004d34d34d35555555555555555555555556fbefbefbef6db6da9c1c1b
78987:0 1124 0 151 d300914640017976ba0000248000062008240000200001017fffe92989e9ea690ab1195ffd85dc418bdb19762f6d7c5af8f5f1642aca6d90e7b1778bdec7270dcfca1c452bb853fcb0878ff79e43f878feedebdc87af6a3ebdc8f9a79de7c3cf9ab89f89cbfe2c83f897087b7a41ea9707b8b0182688675a2182187fffffffffffeeefff80001befbdb6db55555555555556fbee7846c6
79309:0 1005 0 25 d300133ed00103c2293629c3348b69d299092b9418da008a6a
79309:0 1033 0 32 d3001a40900100000530303030300007504e545052465405303030303037f85e
79309:0 1230 0 14 d300084ce0010a00000000464ff4
79309:0 1074 0 250 d300f44320017977e2e20024f020006980000000204101007e7fffff7a7a926a5a4a5a2222334f9bd29f73a00bc0530e1a7678f171e2d3c763bd07a80df01dc43be070a766aee8ddccfb0efd2cfbddf82be9b16dd2fbc5f68b6cf1fbe3f7c7ef8fd855b0a6e1517be9f858f0d9dcbc37b480da600369800d9ca019dea062cec17585059b54166d5058e27e8cecfa1113e8444fa0a23f6f3ffdafbbf6bf1fdb0cc2a21d0a96dc2a5b70a9a47e3f73f8fdebe3f7af8fdf00b21502cbcc0b2fafb544fecf16fb3c5becf2eeeeeeeeeeeeeeeeeeeeeeeeeeeeeeeeee000000004d34d34d35555555555555555555555556fbefbefbef6db6da12ccb3
79309:0 1094 0 131 d3007d4460017977e2e20024a184000200000000200101007fff5350515b522849889e24d1f1d5e335c65587830cee185c79f8c971887fb0012e02a4f2e9e1c3c13e6786f9fac3e818df88207e2fadf8c841e4bc0f9082fe435dff0313f9924fe46d620d0d8890c8226d77fffffcccffffff8000b6db6db6db6db669a6b6db404410e0
79309:0 1124 0 151 d300914640017977082000248000062008240000200001017fffe92989e9ea690a99255b7e859443e927d40fa4926f24de89bc6336c8858d14b3e190a2d0c40949c11034e661c94f9b27ed445fb92b7ed3b81373304dc4e13733f96a95e6cfaf96e8018ea3063fe018e4804b33a1297c84b445f57ac7dcab1f575b7fffffffffffeeefff80001befbdb6db55555555555556fbeed5962e
79607:0 1005 0 25 d300133ed00103c2293629c3348b69d299092b9418da008a6a
79607:0 1033 0 32 d3001a40900100000530303030300007504e545052465405303030303037f85e
79607:0 1230 0 14 d300084ce0010a00000000464ff4
79607:0 1074 0 250 d300f4432001797831020024f020006980000000204101007e7fffff7a7a926a5a4a5a222233559f515fcbae064092ee20263850f8a1d1457b737714f61cee1ddc8fb1f82d807680e841456406c98f938f2087c9ffb43f677e4e6eeaddd5bbab77572f7e5a7cb84903128b253e458c0f956039e3c0e78f0394dfd7912f5998fe7ae7f9b0e3e6c38f9a3ac01a990047c4011f10040d7c4a75f11c8fc4727f11da7f5a73fd7837f5e0dfd7ba3ddd59f77587ddd61f7758fe6594f999cbe6679086dd8215780855e021590eeeeeeeeeeeeeeeeeeeeeeeeeeeeeeeee000000004d34d34d35555555555555555555555556fbefbefbef6db6da85b0d3
79607:0 1094 0 131 d3007d446001797831020024a184000200000000200101007fff5350515b52288948aa2dd03f30fdebfbbe40007de0fa5e35fc4178789ac337546ef091291e323a2012da80a81402ce20409f6111a9845031f29ccfc805df216985c7da14a56850b9e149890582b616352ffffffd557fffff8000b6db6db6db6db669a6b6db405c7d21
79607:0 1124 0 151 d300914640017977564000248000062008240000200001017fffe92989e9ea690a813356ffa54c42480c91e1204f6d7edb7db5e28dc7338a73b83f996ee2210ac3c38439221240b089e84c2dc134d104c251fb65dfed8f9fb65e79405fe626df9444df9753fe62a5f96f881b4a0069d601b5aa135380540de134e77fffffffffffeeefff80001befbdb6db55555555555556fbee18d3ec
79744:0 1005 0 25 d300133ed00103c2293629c3348b69d299092b9418da008a6a
79744:0 1033 0 32 d3001a40900100000530303030300007504e545052465405303030303037f85e
79744:0 1230 0 14 d300084ce0010a00000000464ff4
79744:0 1094 0 131 d3007d44600179787f220024a184000200000000200101007fff5350515b5228c918b637ce4cca191e3227f8f3efc7de1ff6dfc33f7bf5d3ed75db2c32085ff0bda1c6100774ea1e017ff98e9ff5667fdf2200a3a000212001d77c8bc7efb527bcf8a08b438289a00a50d7fffffd557fffff8000b6db6db6db6db669a6b6db40d3952b
79744:0 1124 0 151 d300914640017977a46000248000062008240000200001017fffe92989ea0a690a71415200a50445a89752eea26c7758eef1dd6230c67988fcbe79a5e2fb5e123dd27856decdba277cd7acb4feb6ed7acac3e3b4778ec9fe3b4879290fe5c99f92cfc1a3df8694d41a384febbdbfaba4febce7f1b0b7cd82df1abaffffffffffffeeefff80001befbdb6db55555555555556fbee979e1a
79985:0 1005 0 25 d300133ed00103c2293629c3348b69d299092b9418da008a6a
79985:0 1033 0 32 d3001a40900100000530303030300007504e545052465405303030303037f85e
79985:0 1230 0 14 d300084ce0010a00000000464ff4
79985:0 1094 0 131 d3007d4460017978cd420024a184000200000000200101007fff5350515b522948e8c240ccbaa274cfe987b25b6296c3b1bc634e469210df238e475bd58fa6ff4b9f8123fe6137f9b2efb2ef5edae5fb74fc0ed09838d500e4a6834f040ac1f0292e5fd23effa58dfec087fffffd557fffff8000b6db6db6db6db669a6b6db4039baf4
79985:0 1124 0 151 d300914640017977f28000248000062008240000200001017fffe92989ea0a690a594d4d81c4bc440ab417382af18c83198632621fc65788bfc6afb63f1c1b1ef7ec6c8b1c9235b473e00ed9c03f8480ed080c5ee03173a0c5eef924c3e5b84f928b7fb4447ed66dfb3eafbc8f9eeef17bca101092204906c108cfffffffffffffeeefff80001befbdb6db55555555555556fbee779a8a
80374:0 1005 0 25 d300133ed00103c2293629c3348b69d299092b9418da008a6a
80374:0 1033 0 32 d3001a40900100000530303030300007504e545052465405303030303037f85e
80374:0 1230 0 14 d300084ce0010a00000000464ff4
80374:0 1094 0 131 d3007d4460017979b7a20024a184000200000000200101007fff5350515b522a4848ea5dc705a70ad91599e127c0277eef29fe297c4861eec5ad8b94cfe99bb33520e1bb03e3960fbc67e1b97f960dfe619ffa3c77e6847f9b647792dfdbd1676d6be1c7080778b21e0d1ffffffdddffffff8000b6db6db6db6db669a6b6db406b94eb
80374:0 1124 0 151 d300914640017978dce000248000062008240000200001017fffe92989ea0a690a19754004e3dc483ad47770eb711162234445e3aec9758ef8eab1fe53ac4269468109b5dc0db4af71d03ef941000203ef000885e0220fa0885f79889be747af98c8e1fc5a07f6c61fc010313920c1978314abf05027c7febf04afffffffffffffeeefff80001befbdb6db55555555555556fbeea24322
80755:0 1005 0 25 d300133ed00103c2293629c3348b69d299092b9418da008a6a
80755:0 1033 0 32 d3001a40900100000530303030300007504e545052465405303030303037f85e
80755:0 1230 0 14 d300084ce0010a00000000464ff4
80755:0 1094 0 131 d3007d446001797a05c20024a184000200000000200101007fff5350515b522ac818f666c5747c6883d0ed9c4b36766b7102a1dac3ab7cecfba9f78c7e00f7e1ed9ebc5b7b4e15ed66679cdfbe82a77a1402090210219ae087be7e5249f6cf0fd96281233704e96e13d00ffffffdddffffff8000b6db6db6db6db669a6b6db407482cf
80755:0 1124 0 151 d3009146400179792b0000248000062008240000200001017fffe92989ea0a690a09833b86039449a37348b68dee54bca9f952e4cacbad936ffa801dffeb9f8e00cafe481df23874796fa795dea2747a78c9f29ff7ca77ff2a0079cfa9e863e79d39c01c0180756401ba880383c00ac28039561142804bc82113d57fffffffffffeeefff80001befbdb6db55555555555556fbee73b781
81106:0 1005 0 25 d300133ed00103c2293629c3348b69d299092b9418da008a6a
81106:0 1033 0 32 d3001a40900100000530303030300007504e545052465405303030303037f85e
81106:0 1230 0 14 d300084ce0010a00000000464ff4
81106:0 1094 0 131 d3007d446001797a53e20024a184000200000000200101007fff5350515b522b07d9026fc3839006ab0d3c57e0ada159d2e00595cb2117e6319a63742ec05960b0809edc02d8180b8e68587781710605cd8017ede85d4a61767c0510b611c8c045498084b4026f6209e7dffffffdddffffff8000b6db6db6db6db669a6b6db407baf96
81106:0 1124 0 151 d300914640017979792000248000062008240000200001017fffe92989ea0a6909f18f3707234c4a0dac1d2036c3a367474e8de633ce7f990f0c46417c329cb8fb1ff2f2e0dfbe53851811d0804b5f011c741d15d0744f61d15e7a29b5e9cc17a2da9e3f79f90343e3f20fd62e3f556c7d63fdf2b907d1a23f2b3d7fffffffffffeeefff80001befbdb6db55555555555556fbee72dca8
81495:0 1005 0 25 d300133ed00103c2293629c3348b69d299092b9418da008a6a
81495:0 1033 0 32 d3001a40900100000530303030300007504e545052465405303030303037f85e
81495:0 1230 0 14 d300084ce0010a00000000464ff4
81495:0 1094 0 131 d3007d446001797aa2020024a184000200000000200101007fff5350515b522b87a91279c1f2e36550ca8a13dc25a849bcc2795a72aa72dee78fcf5be227c04f7e1e8936fa817dea33d81481006131818e61e7002799933e679f7bce49ecbe3fb11f7feb79800a6a00541ffffffdddffffff8000b6db6db6db6db669a6b6db4008be3b
81495:0 1124 0 151 d300914640017979c74000248000062008240000200001017fffe92989ea0a6909d99d328823044a798cf4d9e630fda1fb83f6e7e7d1e99fdc1ff068d08119e97580e7b524d4463c94f07dab01fac807da1007e7801f96207e78fa96d5eb8077a9ac8066c401a05e066677a9383ea197fa94a414b398598c214ae57fffffffffffeeefff80001befbdb6db55555555555556fbee7dde9f
81854:0 1005 0 25 d300133ed00103c2293629c3348b69d299092b9418da008a6a
81854:0 1033 0 32 d3001a40900100000530303030300007504e545052465405303030303037f85e
81854:0 1230 0 14 d300084ce0010a00000000464ff4
81854:0 1094 0 131 d3007d446001797af0200024a184000200000000200101007fff5350515b522bc7791e82c00275847508d5d0579e973b9ea97d287a468dd71d8a3b5798272c2e55c07b75024a6e0957a7d0ff5f5332fd5669f63847d6733f5b1e8288da07a3501cb11f57b4fdbbaff7195ffffffdddffffff8000b6db6db6db6db669a6b6db40dcbe91
82095:0 1005 0 25 d300133ed00103c2293629c3348b69d299092b9418da008a6a
82095:0 1033 0 32 d3001a40900100000530303030300007504e545052465405303030303037f85e
82095:0 1230 0 14 d300084ce0010a00000000464ff4
82095:0 1094 0 131 d3007d446001797b8c620024a184000200000000200101007fff5350515b522c87093695bc8256843708584aa0933124c285e4e149b803ae093812b30c3e145c26207799023afc0919d84b4ba13c6404fb2e151bc05201214956fffe6dfd799ff40a3e3fe5795c71e59c67fffffe667fffff8000b6db6db6db6db669a6b6db40da0057
82095:0 1124 0 151 d30091464001797ab1a000248000062008240000200001017fffe92989ea0a6909a1c5250b62244fc6d78f771b615102a285446ecadfafbb6b6636f55d9a219f44ec068cf6e5ea5fdd37caf67f2ff57caec40a83182a0480a832fc4f93f26377c5387ef34dfbd285ef2f082496808f10824a89fdbbaffdac7fdb667fffffffffffeeefff80001befbdb6db55555555555556fbee579849
82475:0 1005 0 25 d300133ed00103c2293629c3348b69d299092b9418da008a6a
82475:0 1033 0 32 d3001a40900100000530303030300007504e545052465405303030303037f85e
82475:0 1230 0 14 d300084ce0010a00000000464ff4
82475:0 1094 0 131 d3007d446001797bda820024a184000200000000200101007fff5350515b522d06d9469ebab2a5e4d5c99408740ed01c0c7b58cc318d9e923f007e40ca4190631e7e817a7a6281e9b7e8091c6033a700d83be4c6f790adfe440986b792185e305f9c81bbfd074cd01d5de7fffffe667fffff8000b6db6db6db6db669a6b6db40018446
82475:0 1124 0 151 d30091464001797affc000248000062008240000200001017fffe92989ea0a690989d3208c61dc4e39307420e4ced93db2fb64f1aee577c6f881692bc2071ee7ff7dfbaf3efa7a84fd803d4ee0f95703d44df6c3c7db073f6c3d7d088df54757d0c80129b604ac26129597f9217fe13c7f933621c6408dd6a21c0fffffffffffffeeefff80001befbdb6db55555555555556fbee49420e
82864:0 1005 0 25 d300133ed00103c2293629c3348b69d299092b9418da008a6a
82864:0 1033 0 32 d3001a40900100000530303030300007504e545052465405303030303037f85e
82864:0 1230 0 14 d300084ce0010a00000000464ff4
82864:0 1094 0 131 d3007d446001797c28a20024a184000200000000200101007fff5350515b522d46a952a8b8c33385f10bcdc6b78b5f151e757cc0b976f972f4c1e9c48af911d22120933a02a9800ad3efc75fbf2cb4fcbc71f4987fcff3ff41227d6f9ff33e67cb1d413d6885528015749ffffffe667fffff8000b6db6db6db6db669a6b6db400c5f1e
82864:0 1124 0 151 d30091464001797b4de000248000062008240000200001017fffe92989ea0a690979e11c0d819451ad2b5c16b4ac6cb8d9f1b2f4deebd7d3bb9e8765fe7b5c36fa1b70ea08160cc021ffb1483ec93c7b13e1e3601f8d789e36027dd47df8771fdd871f63e3fd94ddf63877ce0e5f34effce2040654b82010a064f77fffffffffffeeefff80001befbdb6db55555555555556fbee52362c
83182:0 1005 0 25 d300133ed00103c2293629c3348b69d299092b9418da008a6a
83182:0 1033 0 32 d3001a40900100000530303030300007504e545052465405303030303037f85e
83182:0 1230 0 14 d300084ce0010a00000000464ff4
83182:0 1124 0 151 d30091464001797b9c0000248000062008240000200001017fffe92989ea0a690961ed178e814c5222c047488b120ba417c82ef870f319e200bd79a3d2f7398bb4c5e63dd23da10b4a8826e2409fa4826d901057f84157e105807eb3abfbce37eb2621a1d5868cb21a1797a35c1e8a23fa36c5eb6737b45a1eb620ffffffffffffeeefff80001befbdb6db55555555555556fbeecbfe5a
83424:0 1005 0 25 d300133ed00103c2293629c3348b69d299092b9418da008a6a
83424:0 1033 0 32 d3001a40900100000530303030300007504e545052465405303030303037f85e
83424:0 1230 0 14 d300084ce0010a00000000464ff4
83424:0 1094 0 131 d3007d446001797cc4e00024a184000200000000200101007fff5350515b522e06396abbb5450c89a3132e449487110c827824c60981ef25e027c08c146824b04700ce538395e60e8580453da1242c049a4e14ae88504c4142837adc29e8f08fa1e5e0504a019e0606a2b7fffffe667fffff8000b6db6db6db6db669a6b6db40e8eeb6
83884:0 1005 0 25 d300133ed00103c2293629c3348b69d299092b9418da008a6a
83884:0 1033 0 32 d3001a40900100000530303030300007504e545052465405303030303037f85e
83884:0 1230 0 14 d300084ce0010a00000000464ff4
83884:0 1094 0 131 d3007d446001797d13000024a184000200000000200101007fff5350515b522e86097ac4b3b6576c38d85a042c06480afc80d8d731a389f715ca2bd7dd2fb62f69fef7b07c3b59f11b4804d7e022958093f3e4f327915e9e46cc8190a603c2800d2ddfe1beffe3d9ffb9fffffffe667fffff8000b6db6db6db6db669a6b6db408ab457
84304:0 1005 0 25 d300133ed00103c2293629c3348b69d299092b9418da008a6a
84304:0 1033 0 32 d3001a40900100000530303030300007504e545052465405303030303037f85e
84304:0 1230 0 14 d300084ce0010a00000000464ff4
84304:0 1094 0 131 d3007d446001797d61200024a184000200000000200101007fff5350515b522ec5d986ceb1c7e10f4c1e83c43f86670b2e8e3cf1f9d964c4cb65970ba8974cfe978128e885003a142ed7c4e4bf22c8fc94c1f55e1fd30a9f4d7c7843e9de8f8f7861ff788e7e3f15f926f7fffffe667fffff8000b6db6db6db6db669a6b6db401eca1b
84755:0 1005 0 25 d300133ed00103c2293629c3348b69d299092b9418da008a6a
84755:0 1033 0 32 d3001a40900100000530303030300007504e545052465405303030303037f85e
84755:0 1230 0 14 d300084ce0010a00000000464ff4
84755:0 1094 0 131 d3007d446001797daf400024a184000200000000200101007fff5350515b522f45a992d7b039a9f2dde5a584bb07660d20a0411642227f8b00f4022b76a6e92dcfff61fe7de491f7c02f85641e24c6789cb605ef801550205692fef5e1f9576fe3817f14b9fcafc3f2e9affffffe667fffff8000b6db6db6db6db669a6b6db40db32f8
85095:0 1005 0 25 d300133ed00103c2293629c3348b69d299092b9418da008a6a
85095:0 1033 0 32 d3001a40900100000530303030300007504e545052465405303030303037f85e
85095:0 1230 0 14 d300084ce0010a00000000464ff4
85095:0 1124 0 151 d30091464001797d22a000248000062008240000200001017fffe92989ea0a490902310113ffdc59872f100e1cbed27da57b498e4b1ebe396c74811201d37c8dbac5f245d45da54353178b65be31d9f8b5c3f68e17da30bf68e2042f9a11c5d842e4610fb28443ca10f56fd3cadf4c577d3da5ec7f3fb8c57ec79ffffffffffffff777ff80001befbdb6db55555555555556fbee08e607
85413:0 1005 0 25 d300133ed00103c2293629c3348b69d299092b9418da008a6a
85413:0 1033 0 32 d3001a40900100000530303030300007504e545052465405303030303037f85e
85413:0 1230 0 14 d300084ce0010a00000000464ff4
85413:0 1094 0 48 d3002a446001797e4b82002480040000000000002001010075bbaba8775fcec1bf158ffbb61bee6127ff89a698363d6d
85413:0 1124 0 151 d30091464001797d70c000248000062008240000200001017fffe92989ea0a4908ea3efc951f945806900ed01a4cb6396cb2d89391294a4e839ebf667e7c3a0775b9682d24ae45e894580ac9a02f6a00abfde5ab9796a69e5ab9858136170c8057fddf6419fd9559f63bd7ab683eaacafab79614a7f85968c14a2bfffffffffffff777ff80001befbdb6db55555555555556fbee66b630
85705:0 1005 0 25 d300133ed00103c2293629c3348b69d299092b9418da008a6a
85705:0 1033 0 32 d3001a40900100000530303030300007504e545052465405303030303037f85e
85705:0 1230 0 14 d300084ce0010a00000000464ff4
85705:0 1094 0 48 d3002a446001797e99a2002480040000000000002001010075bbcc7e310b4218a0c11182642409194fff89a698fd8929
85705:0 1124 0 151 d30091464001797dbee000248000062008240000200001017fffe92989ea0a4908da4af8161f445b879710de1e62a5454aca951924347064cccac9be932c678750b99e2df607e89bd9bf8bcf5e3380f8bc56152490548aa1524a06e5ec1c9f586e4921bc3686f5cc1bbda88368a20acc88379ffd5417fc193fd4ed7ffffffffffff777ff80001befbdb6db55555555555556fbee5f2e2f
85996:0 1005 0 25 d300133ed00103c2293629c3348b69d299092b9418da008a6a
85996:0 1033 0 32 d3001a40900100000530303030300007504e545052465405303030303037f85e
85996:0 1230 0 14 d300084ce0010a00000000464ff4
85996:0 1074 0 250 d300f4432001797ee7c20024f020006980000000204101007e7fffff7a7a926a624a52222233cfe6b4e78cd589461006ba6fa4e3d1c7a390e21744617fb4013e02d7fe7e549cc5d986728317e9315c632cbfb86410e741cdc319905220a4414882918a83102623f1bce401c82b8b60343e90cc7a4331e60cbe140c7b502cfc3fb066fe8a13fa284fe7dafc65f5f17173c5c5cf169902c71e0b08542c2150b09100920b025ae8096b7025f4820a5908298020a6008298831ca60c775c31ddef12647c4374f10dd3c4381000000000000000000000000000000000000000004d34d34d35555555555555555555555556fbefbefbef6db6da4c8790
85996:0 1094 0 48 d3002a446001797ee7c2002480040000000000002001010075bbf753ceb67d6f1e6c3cf910d1e3cbffff89a698a01cc9
85996:0 1124 0 151 d30091464001797e0d0000248000062008240000200001017fffe92989ea0a4908c258f3973efc5c0a3c162829009fc140027f1f03402e7c4ff8b01a6fe4250dcbc61446c8678d5b23380e77c03e2280e6de04f91013dc804f91885dc8227ec885c6e0180c806524017b085bcd216c5e85bde7e683cfa0d83e67e97ffffffffffff777ff80001befbdb6db55555555555556fbee278f4f
86405:0 1005 0 25 d300133ed00103c2293629c3348b69d299092b9418da008a6a
86405:0 1033 0 32 d3001a40900100000530303030300007504e545052465405303030303037f85e
86405:0 1230 0 14 d300084ce0010a00000000464ff4
86405:0 1074 0 250 d300f4432001797f35e20024f020006980000000204101007e7fffff7a7a926a624a52222233d5ea33a7e4e383c64fe6c05210a8a95152a45af876236fbbe14fc2f37eb7908f3dbe767c628d021b8e379068872e1e7b5cf5f96996662ccc5998b3311612274452028685950b5211b02574d0915382454a090ba7d382ef491a7db14cf68dabda36af68147edddcfb510fed443fb492c16a400594d816536059597e2608f8aadfe2ab4f8af3c2cce40b33b02ccec0b33b4233cc08d3f42350401f020075eb01d7ac075f8888888888888888888888888888888888000000004d34d34d35555555555555555555555556fbefbefbef6db6da96cf6f
86405:0 1094 0 48 d3002a446001797f35e2002480040000000000002001010075bc1829306140c4a0170d7fbc11fe78ffff89a6985110e8
86405:0 1124 0 151 d30091464001797e5b2000248000062008240000200001017fffe92989ea0a4908b266ef985eb45d8e8b1ec63a3ea5dd4c3a976530cc8994ff287e79fca3229a46df0a791bcc342470d792c3de4f52f92b9ff52907d49c5f5290f9e8e7e8ab479e78de7798f9e355e773c83496c0cf85834a8210372847a581031efffffffffffff777ff80001befbdb6db55555555555556fbee6d4023
86617:0 1005 0 25 d300133ed00103c2293629c3348b69d299092b9418da008a6a
86617:0 1033 0 32 d3001a40900100000530303030300007504e545052465405303030303037f85e
86617:0 1230 0 14 d300084ce0010a00000000464ff4
86617:0 1074 0 250 d300f4432001797f84020024f020006980000000204101007e7fffff7a7a926a624a52222233dbed32683cf17dc68fc6c836b071e0e3c1c923e5c7fde01bc20f847301b0d171bf837a066a02b906fa0e6c1631fcf41908314fe09ce039c07380e700a9614de29f7379e77bcf1f994817c3405a8d016a31059f401aee5066c7fbbd4feebdbbbaf6eeeb15415fc10558a4156290550c402106006ff001bfc0070b03c3c80f21dc3c8740f263c39c100e706039c180e706415a63056e5015b9bf2e353cb2b6f2cadbcb2c4999999999999999999999999999999999000000004d34d34d35555555555555555555555556fbefbefbef6db6dabc6402
86617:0 1094 0 48 d3002a446001797f8402002480040000000000002001010075bc3cfe6a0bc419a1c1860665f6192097ff89a698c2f39c
86617:0 1124 0 151 d30091464001797ea94000248000062008240000200001017fffe92989ea0a49089a74eb195e6c5e14782aa051fcb7596ef2dd6ba9d97baee05a18dd3169a02d020500c4f03bdd03c28818b3406710018a97e5b45f96c9de5b46fb872bef2457b85d00dad88370540da7c80dc4a0343d00dd61fa6ddff0805fa689fffffffffffff777ff80001befbdb6db55555555555556fbee6cae48
86735:0 1005 0 25 d300133ed00103c2293629c3348b69d299092b9418da008a6a
86735:0 1033 0 32 d3001a40900100000530303030300007504e545052465405303030303037f85e
86735:0 1230 0 14 d300084ce0010a00000000464ff4
86735:0 1074 0 250 d300f4432001798020400024f020006980000000204101007e7fffff7a7a926a624a52222233e7f3afc8f50d72c72f86d60674117022d04765e60bfe81e805aa0ba41027623ee0ddbcfaf06fffe187c3838067a94f719ee27d42eb01d603ac07580fe72fc97f9675dbec3dd8a5ac57ffa77ffa1effe87bff985c2af390a6ddfff6f0ffa42bfe90eff97cbe8173f9dfb7e77f0f9d7e3dc9c0f712cfdc4b3f7139bf1ca6fc85aff216bfc8a2bd603ef58117d6045f5811ffd5e2ff5c5ffd71ef5451bd4b28f52cb3d4b39aaaaaaaaaaaaaaaaaaaaaaaaaaaaaaaaa000000004d34d34d35555555555555555555555556fbefbefbef6db6dae67f26
86926:0 1005 0 25 d300133ed00103c2293629c3348b69d299092b9418da008a6a
86926:0 1033 0 32 d3001a40900100000530303030300007504e545052465405303030303037f85e
86926:0 1230 0 14 d300084ce0010a00000000464ff4
86926:0 1074 0 250 d300f443200179806e620024f020006980000000204101007e7fffff7a7a926a624a52222233edf72e894d1b6d476f66ddf19fe7cfcf8fa0def93e24f355e883d1579b88b2118082fc456f678cd0a3a1bb3cd686cd2cba58742f72a9e553caa7954f919f1e7e40074a0f1b1e5e37cbf53cafd073bf41cefcfdabf38c0fc93fbe2481f85a73e16a0f84e0c1213c045ed8117b9045707cbb71f2d993cb664f2da5fcd7c6f3722fcdc8bf376abe553ff9551fe5547f95523f2ad0fcb017f2c0c06b3d41a6d7069b6c1a6e8aaaaaaaaaaaaaaaaaaaaaaaaaaaaaaaaa000000004d34d34d35555555555555555555555556fbefbefbef6db6da292835
86926:0 1094 0 48 d3002a44600179806e62002480040000000000002001010075bcb37d0f08fe141ebec1fa5ae3e8f447ff89a698ef9346
86926:0 1124 0 151 d30091464001797f93a000248000062008240000200001017fffe92989ea0a4908629cdd9c9d9463b01b61dec07f301e607cc000df03e203bbfa081d2fe9990b33c0643cf3a9e3dfd047b45cfed5c4fb452ff97adfe5e43f97ae80d5f00461500d49401abc806fd801a6079bb41e6c12f9bc53fc26d7f7669fc2197ffffffffffff777ff80001befbdb6db55555555555556fbee7df9fe
87128:0 1005 0 25 d300133ed00103c2293629c3348b69d299092b9418da008a6a
87128:0 1033 0 32 d3001a40900100000530303030300007504e545052465405303030303037f85e
87128:0 1230 0 14 d300084ce0010a00000000464ff4
87128:0 1074 0 250 d300f44320017980bc820024f020006980000000204101007e7fffff7a7a926a624a52222233f3faad49ad276747af46e5defbc28784ff0bb8193065651acc0b986b29ae071c2ad850f0181fb740f88264fe296922f125e18b417ab6f56deadbd5b743ce82bd08b8e2f24ce4c1c48febe83fab1fbeac7efaa863bc84ceed1abc5d7af13ecbc4fb6f13283bcaa8ef03cfbc0f7eefbd03c0a30eee203bb880eeee029d010a87c82a1f20a8c6ff56d8fd5b83f56e0fd5b87e8f4cfa4237e9095f84bb7e0cc7f8332be0cd6aaaaaaaaaaaaaaaaaaaaaaaaaaaaaaaaa000000004d34d34d35555555555555555555555556fbefbefbef6db6da9ff576
87128:0 1094 0 48 d3002a4460017980bc82002480040000000000002001010075bcd45188b1f1660067be80fed803841fff89a6982c4c19
87128:0 1124 0 151 d30091464001797fe1c000248000062008240000200001017fffe92989ea0a49084aaad91dbd44643c987ad8f27d6f3adeb5bc888c133c226f33168f2ccd86b74f189aedcc3194ef326040dc8107c3040d29eb739fadc73eb73a82c12c0c0e402bfd1e8cbdfa37dde8c6187677a1d72107688de86aefa876de865afffffffffffff777ff80001befbdb6db55555555555556fbee84d1e2
87326:0 1005 0 25 d300133ed00103c2293629c3348b69d299092b9418da008a6a
87326:0 1033 0 32 d3001a40900100000530303030300007504e545052465405303030303037f85e
87326:0 1230 0 14 d300084ce0010a00000000464ff4
87326:0 1074 0 250 d300f443200179810aa20024f020006980000000204101007e7fffff7a7a926a624a52222233f9fdabea053561c7ef26ebce7fa18f430e87e144c2bc973a304c60e8baaf60eede7db83ae6187e32866580c4605090c0017f027c0327064e0c9c193efdbdf69bf08aa415ce2bc4529be3ab7f8a2cbe28b2f8993005e4101297c2a1820a4ee8293be0a42a3e7e46f9d247e7494f9ca482d97c0b51842d4610b524406bd301c30c070c301c7b00650801943c0650f019447e0334f811dbe047d0a0cf427d1609f46827d26bbbbbbbbbbbbbbbbbbbbbbbbbbbbbbbbb000000004d34d34d35555555555555555555555556fbefbefbef6db6da96c396
87326:0 1094 0 48 d3002a44600179810aa2002480040000000000002001010075bcff25de5a9cb75e1059f7a143de0dc7ff89a698565a88
87326:0 1124 0 151 d3009146400179802fe000248000062008240000200001017fffe92989ea0a49083ab6d49ebcfc65cabf97272b03b9a7738ee69086233042546de104d1b8e46a0a7d91b725c0480898a7cf00ff4054fcef6e1dc7c87717c1dc7d04bfae1408484be521026b040e921020f051a16143c8851b2a1532385b942152cffffffffffffff777ff80001befbdb6db55555555555556fbee92bd47
87423:0 1005 0 25 d300133ed00103c2293629c3348b69d299092b9418da008a6a
87423:0 1033 0 32 d3001a40900100000530303030300007504e545052465405303030303037f85e
87423:0 1230 0 14 d300084ce0010a00000000464ff4
87423:0 1094 0 48 d3002a446001798158c2002480040000000000002001010075bd23f9f002c007bfb88ffe421df8912fff89a698bf2bfc
87423:0 1124 0 151 d3009146400179807e0000248000062008240000200001017fffe92989ea0a490822c4d01fdcb4665a88b6b96a220f841f883e18cd33be6377aa977e2eab822305ef889b0055fd3402f05eca417f7a05ec0610773841d5a1077486d17c1c4f786d01ff7bc27df3eff7b6582d31c0b20a02d430027cd810bea02779fffffffffffff777ff80001befbdb6db55555555555556fbee7c9fae
87622:0 1005 0 25 d300133ed00103c2293629c3348b69d299092b9418da008a6a
87622:0 1033 0 32 d3001a40900100000530303030300007504e545052465405303030303037f85e
87622:0 1230 0 14 d300084ce0010a00000000464ff4
87622:0 1074 0 250 d300f4432001798243220024f020006980000000204101007e7fffff7a7a9a6a624a52222234100aa6eb6d6d4b490ea709a25f494e928d26e6700d136340c85991031ad8f9820fa41a87ab81b504f40a600e201fa05e20bb40f4e8dbd1b7a36f46de32cc60b8c4f345e712ce4d97abcd9b8f31ecfcc7b3f315342f3dc0b7febc2249f05207c1485f045bc1af9a0697941a5e8068f940006dffed4bffb52ffee08009f2003b8c00ee3004033d1b78f46e03d1b80f46e07c6d54f1ba57c6e9cf2aeefca595f29663ca5a4bbbbbbbbbbbbbbbbbbbbbbbbbbbbbbbbb000000004d34d34d35555555555555555555555556fbefbefbef6db6da44237f
87622:0 1124 0 151 d300914640017981686000248000062008240000200001017fffe92989ea0a4907eaeec3231bdc6a15302e3054bd569aaeb55a76e7f533db9b707f117dc2db8b38e26e3a1dbc43707808169c205a7081698deaa2e7aa71beaa30fc9db1f0df8fca053ef3eefbb6c5ef3c07c0e79efc9ffc0ff209ade02215209ba0fffffffffffff777ff80001befbdb6db55555555555556fbeea0cf68
87933:0 1005 0 25 d300133ed00103c2293629c3348b69d299092b9418da008a6a
87933:0 1033 0 32 d3001a40900100000530303030300007504e545052465405303030303037f85e
87933:0 1230 0 14 d300084ce0010a00000000464ff4
87933:0 1124 0 151 d30091464001798204a000248000062008240000200001017fffe92989ea0a4907c308ba253b446e43948af90e426904d389a40a2d1bbe28b3fa3824ffe9e737503a9cebdc1fc03771884502c1140b044ff61336b04cc0e1336d816f400425c8171e2007798004ee0074a87bab41e7ae87bc2fe8ded79ed8fe8eaffffffffffffff777ff80001befbdb6db55555555555556fbee6921c7
88185:0 1005 0 25 d300133ed00103c2293629c3348b69d299092b9418da008a6a
88185:0 1033 0 32 d3001a40900100000530303030300007504e545052465405303030303037f85e
88185:0 1230 0 14 d300084ce0010a00000000464ff4
88185:0 1124 0 151 d30091464001798252c000248000062008240000200001017fffe92989ea0a4907b316b5a65afc6fdd47be5f7501036208840d94432fe8510b41e6b45d0885170bf9946a3cd881a8f47fdeafbf7abdfdeac40808a0200660808d03f57a0e3fc03f81de96a0fa4159e9672059ad615fc1859c4e193b506049c19477fffffffffffff777ff80001befbdb6db55555555555556fbeec7a65d
88467:0 1005 0 25 d300133ed00103c2293629c3348b69d299092b9418da008a6a
88467:0 1033 0 32 d3001a40900100000530303030300007504e545052465405303030303037f85e
88467:0 1230 0 14 d300084ce0010a00000000464ff4
88467:0 1074 0 250 d300f443200179837ba20024f020006980000000204101007e7fffff7a7a9a6a624a52222234281821ccdda534ca0e1f25990736a66d3cdc3c6038f3f4eeebb1d7b3a83ee10ddedbb8f6e874b1eaedd64fa5f83e109ae134c1e794d429a85350a6a1e353c1c7873e7d7d81fb2bf163c8edef1f343c7cd0f1e9a3deb72f75dcbe5866f92b0fe4ac7f91ee7d7e08f5d09fd742af5c87be5fbbf96a57e5a95f96b0c0474001314c04c5301360c29aa40a6ab029aac0a6ab43cea60f3fd03cffbfde5eff7352fdcd57f7361ccccccccccccccccccccccccccccccccc000000004d34d34d35555555555555555555555556fbefbefbef6db6dae44f1b
88467:0 1124 0 151 d300914640017982a0e000248000062008240000200001017fffe92989ea0a49079b24b1275ab4707898f501e25fa93f543ea49ea844b27a9c8b5147222e22fd87c68c041e9845287b787a03a1e80e07a005fd365ff4bd3fd368068eb618a4b0691581297c048cc61294d8381500d9608382ca0a1b3023c940a275fffffffffffff777ff80001befbdb6db55555555555556fbee4a7220
88744:0 1005 0 25 d300133ed00103c2293629c3348b69d299092b9418da008a6a
88744:0 1033 0 32 d3001a40900100000530303030300007504e545052465405303030303037f85e
88744:0 1230 0 14 d300084ce0010a00000000464ff4
88744:0 1124 0 151 d300914640017982ef0000248000062008240000200001017fffe92989ea0a49078b32ad287a6c7216e02da85b8e6e3ccdb9b6668dceb79a6fd787d4cf5ec0fec3908416fb2bf1d7ee4816fea05c28016fe7f2bfbfcae09f2c13f93bb1e4451f989d9fc006fee6dbfbfdb816e84054b681702bfb7e0feee0dfe0200000000000000007ff80001befbdb6db55555555555556fbeeb3397a
89126:0 1005 0 25 d300133ed00103c2293629c3348b69d299092b9418da008a6a
89126:0 1033 0 32 d3001a40900100000530303030300007504e545052465405303030303037f85e
89126:0 1230 0 14 d300084ce0010a00000000464ff4
89126:0 1074 0 250 d300f4432001798466020024f020006980000000204101007e7fffff7a7a9a6a624a522222343a221dededcf23caedbf3ba8cb5626ac3d5a595372da15ed2db05bb0b03f81ef209e3c7bef7151e42fc8d38b01897331a6628c4379ebf3d7e7afcf59f8f3ece7dd7898f1b8e399c23fd0ceef3eb83cfae0f3e1e3c6515f144542785e09aaf026abf099ecbebfbafad76beb5ddfacf47df3d0f7baafdeeabf7bb602de130b8c942e3250b915bf3d70fcf5dff3d77fcf5e43f9cb0fec643fb20f8017fdfa36f7e8e7dfa45ccccccccccccccccccccccccccccccccc000000004d34d34d35555555555555555555555556fbefbefbef6db6dad850b6
89126:0 1124 0 151 d3009146400179838b4000248000062008240000200001017fffe92989ea0a4907634ca42a99dc7655d0ab815743f287d64fc77cdcfb53f3a873690c81ce5cecbb6c73cdc3c7830f10b055eba157dc055eb61ee2787b6b81ee407ecf55fa93aff1d7a0f7ca83c5ec0f7a07d5c5bf502c7d5dffdfcbbf80177e24fb4ccccccccccccccfff80001befbdb6db55555555555556fbee99b689
89364:0 1005 0 25 d300133ed00103c2293629c3348b69d299092b9418da008a6a
89364:0 1033 0 32 d3001a40900100000530303030300007504e545052465405303030303037f85e
89364:0 1230 0 14 d300084ce0010a00000000464ff4
89364:0 1074 0 250 d300f44320017984b4200024f020006980000000204101007e7fffff7a7a9a6a624a5222223440251cae45dd1e4b2da741b25f694ed28da6e311c6570c4f1a7235346341168249e48f0894f168e45dc92f8bb8acb17802ef455c870f0e1e1c3c387e0f9c1a3837cc49991a325c5fcbd5992f51e13d4784f514701445904c1601448d04dba8136ee04cf841e912077cc41df340774a3df6a7f7c607df181f7c6b81247504a61c1298704aae00e2060388340e20d03883fc270ef0a16fc28630bb2c02e6870b9a282e696ccccccccccccccccccccccccccccccccc000000004d34d34d35555555555555555555555556fbefbefbef6db6dadaae4f
89626:0 1005 0 25 d300133ed00103c2293629c3348b69d299092b9418da008a6a
89626:0 1033 0 32 d3001a40900100000530303030300007504e545052465405303030303037f85e
89626:0 1230 0 14 d300084ce0010a00000000464ff4
89626:0 1074 0 250 d300f4432001798502420024f020006980000000204101007e7fffff7a7a9a6a624a5222223446289b6ea5eb18cb6d8749be1f80cf018e04dcdc79ec030c07ec1028192eb01d7cfaf53560f21be5c3cbfb9157d4efc89f907e9e149829305260a4c62dec56f8b1002480d001c9fe9fdb785f695dfda577f68c3fe2994f8565001c32003a3c00e93002e1bd1c21f44907d1244f440e3e0d07f81f8be07e2f8203ff74e7fde7e7f79f9fdeca8293170a4c7c2931f0a4c83c63c2f19443c6517ff8d7ffdd36ff74e7fdd44ccccccccccccccccccccccccccccccccc000000004d34d34d35555555555555555555555556fbefbefbef6db6dabd2f75
89626:0 1094 0 151 d30091446001798502420024a184002200000000200101007fffea6a0a2b6aea47201959f73efc2e7088dd49b9e0bf416d02ceffd9fe61fc6fdb67c66f8f237386c28d7afca3f81fefa07bd8a206b488265a0625801c676073fd0030dc00270800f05f7937fd41aff48da037a2e0e5a6039f2e00dad80954a028067fffffeeefffffffff800016db6db6db6db6cd34d55555b6da00ea77
89626:0 1124 0 151 d300914640017984278000248000062008240000200001017fffe92989ea0a490743689b2cd94c799b5f36a66d71a46339c68e94622a5e51c3167e52bc5ab8f5337d63ee10781c70437f9b789e6e0ff9b7840c713031a660c72b84b0c41219684feede3df5f8de97e3dcaf964b7e524379665a0624581979e08a855555555555555557ff80001befbdb6db55555555555556fbeeed51b6
89976:0 1005 0 25 d300133ed00103c2293629c3348b69d299092b9418da008a6a
89976:0 1033 0 32 d3001a40900100000530303030300007504e545052465405303030303037f85e
89976:0 1230 0 14 d300084ce0010a00000000464ff4
89976:0 1074 0 250 d300f4432001798550620024f020006980000000204101007e7fffff7a7a9a6a624a522222344c2b9a2efdf9134bcd6751cc079c9f392e7406b28d98fa25f61fec93d1f04e70b9a16e8253f366e859d1279baf022e231c457808e284c5098a131426540ca31949b428e8d8d1d99ebfe26c2f852d3e14b4f84930314c40c030feff55fbc6cfef1b6fbbaa4058e6013c1404f090133f3e3672f8c533e314cf8c5e7dcf75f7521fdd487f756dfc50a1f142a7c50a9f142abcafebf2c4e7cb140f39197cde3cf378ffcde4accccccccccccccccccccccccccccccccc000000004d34d34d35555555555555555555555556fbefbefbef6db6daff7d3c
89976:0 1094 0 151 d30091446001798550620024a184002200000000200101007fffea6a0a2b6aea4730135b785f2c202fd85be0b71f1dbe2a3c48143127104dccaca968f2d45b0df5f6ebe3011a010c01803b26a103ec841b39f918ffe8355fa3348546c6147eb8524ee11bc283cbda0eb657b144decc2e7b394c0317101245804bc9ffffffeeefffffffff800016db6db6db6db6cd34d55555b6da1f4e1d
89976:0 1124 0 151 d30091464001798475a000248000062008240000200001017fffe92989ea0a49072b76972dd8fc7a40a0812102808e610dc236e099c2cf829c6ab8fb21ab87034f999c27f859ec33e2f840bba1031c040bb603c1180ee5e03c29f7beb5de512780cda0e66d8380780e6430772e41d5ce077489fa148fe93adfc9885555555555555557ff80001befbdb6db55555555555556fbeee22efe
90192:0 1005 0 25 d300133ed00103c2293629c3348b69d299092b9418da008a6a
90192:0 1033 0 32 d3001a40900100000530303030300007504e545052465405303030303037f85e
90192:0 1230 0 14 d300084ce0010a00000000464ff4
90192:0 1094 0 151 d300914460017985eca20024a184002200000000200101007fffea6a0a2b6aea4750055efabf8405b45364dec903e587b9cf67fd55f959f25c4e78ac915b9a8834ebe9cc0c1a170c2d87bfa01f15d27c62ce1f57a8813002071fff8fc9fda2bff6df005f6700da6c02f09fa8eb7eaac87ab3b60896f8284520a3c87fffffeeefffffffff800016db6db6db6db6cd34d55555b6da14e790
90192:0 1124 0 151 d30091464001798511e000248000062008240000200001017fffe92989ea0a49070b928e30186c7f9023202e408e847cfa3a0f79f3f583e807189656dc63033387fa0ce9cb2991d32e47903c7e411ff903c3f371cfcda8bf3734fe151ff7aad7e6345e421f78ef3de41f403a3560e1ea83a4fbe37cf78edc5e600edddddddddddddddfff80001befbdb6db55555555555556fbee3e66fd
90457:0 1005 0 25 d300133ed00103c2293629c3348b69d299092b9418da008a6a
90457:0 1033 0 32 d3001a40900100000530303030300007504e545052465405303030303037f85e
90457:0 1230 0 14 d300084ce0010a00000000464ff4
90457:0 1074 0 250 d300f443200179863ac20024f020006980000000204101007e7fffff7a7a9a6a624a522222345e3596700e23024c8d076602ac09e813c029647d492e6199c5078a5f0d914692a9e54f0a157aeff76bef4bd7f0a8516f62de053a0e9f1d3e3a7c74fef4ade45bcc312de2e2c5ed86e7fdc0fff2807fca01ff1e641fa1b07986fbedc4ef808bbe025ef74602492a08fd2423f4d08f503f2786fc8983f2260fc8a3811bd3048398120e60488581d4010750201d408075027df12cf7c9e7df281f09693c1f7bf07dfbc1f89ccccccccccccccccccccccccccccccccc000000004d34d34d35555555555555555555555556fbefbefbef6db6dadd2283
90457:0 1094 0 151 d3009144600179863ac20024a184002200000000200101007fffea69ea2b6aea475fff607bffabf6797cef31ddb24ee48c890d122122f0458f1f0e4dbc9dc26844ac094d12a2241c47a084cba22a8088b58a12a2f04e5d213bd404c2e0126f204a109e007df75ec7dd020026ef00a2d68293f00bdad0355480d805ffffffeeefffffffff800016db6db6db6db6cd34d55555b6da065211
90457:0 1124 0 151 d300914640017985600000248000062008240000200001017fffe92989ea0a4906f3a089b118247e3a5c74a0e97d909b12763f07150fc61c8c72290a11c96156043f0572361867b0da003a7ac0ea1883a7a7ebd26faf2b5ebd3f015d9a04ccc01abc20f55303bc0c0f52801c5a406a7e81c74818f4e864bc41b78edddddddddddddddfff80001befbdb6db55555555555556fbeec066ce
90737:0 1005 0 25 d300133ed00103c2293629c3348b69d299092b9418da008a6a
90737:0 1033 0 32 d3001a40900100000530303030300007504e545052465405303030303037f85e
90737:0 1230 0 14 d300084ce0010a00000000464ff4
90737:0 1074 0 250 d300f4432001798688e20024f020006980000000204101007e7fffff7a7a9a6a624a52222234643915106e30fccccce76c193436f86de0ddbe837d3a1a22361a6c84d1def84e0d5c15f7a27ea8fedbfe2bf5b7e9eff29fe47f469e1a3c347868f0d739ae6e5ce005d78c3618942c340905401f91807e4601ef7befd11fba4442fefb0bc5642f15c0bb93fdac8af68aa7da2adf68283f9e95fe65bff996ffe6673f9eeefe9003fa400fe94c03c35a0f0d843c3610f0d8fe7b2df9f1ebe7c82054084149f70527ec14a06ccccccccccccccccccccccccccccccccc000000004d34d34d35555555555555555555555556fbefbefbef6db6dac63898
90737:0 1094 0 151 d30091446001798688e20024a184002200000000200101007fffea69ea2b6aea476ff9627d1fdbe8409c7d70fa30bc016682c1e714ccd9995fef57ee4fdefa60349b692c19da328c64804bebc1470185278c060b701bff00725c79ffb7e762779dddffa110fde113f70b37a6683ea0bbfa8b840f769843c38111c27fffffeeefffffffff800016db6db6db6db6cd34d55555b6dab28703
90737:0 1124 0 151 d300914640017985ae2000248000062008240000200001017fffe92989ea0a4906e3ae853237dc81e647cc77991ca81941329d14852aa6524fcd97c0df36ff7f00917e16220e3f9c89d7e6629f99b87e6625e48def92195e48f704b9aa123d00507d3fac17fe971ffabed7feebdff4c47ff0600eef683ca62117365ddddddddddddddfff80001befbdb6db55555555555556fbeeb53e20
91026:0 1005 0 25 d300133ed00103c2293629c3348b69d299092b9418da008a6a
91026:0 1033 0 32 d3001a40900100000530303030300007504e545052465405303030303037f85e
91026:0 1230 0 14 d300084ce0010a00000000464ff4
91026:0 1074 0 250 d300f44320017986d7020024f020006980000000204101007e7fffff7a7a9a6a624a522222346a3c93d0c63ef74d2cc77431e46858d0a1a33895315d930927e6501c9910aec17a42efc55602fa07800f74184f308e7fdcfef97bedf8dbf1b7e36fc7865f07de12faab75ddebe3d2d0155d4050f18143c605057bc05f1efc7c421bc708389420e28082c6c11983043e8810fa5043664028f0008f28023ca008fe3e2c33f8c517e3145f8c9dbdbf21f6fca7dbf29f6fcabf1497fc5797f15ecfa13f3e7ed3f9fb5be7ee2ccccccccccccccccccccccccccccccccc000000004d34d34d35555555555555555555555556fbefbefbef6db6dacb9d47
91026:0 1094 0 151 d300914460017986d7020024a184002200000000200101007fffea69ea2b6b0a477ff363fe2003da09b00f981e8f2cde483c84fc2ff70dedc4bf598e531f026ec4b8896721c2425c84201500606b5381b8d7f99167ea16dfaabb7f4649fc7cc7f247214125846166110c802755c0a472029a5c136a905393815101ffffffeeefffffffff800016db6db6db6db6cd34d55555b6daf1d012
91026:0 1124 0 151 d300914640017985fc4000248000062008240000200001017fffe92989ea0a4906d3ba813357948393db27964f63cac7868f286244c623894b2abe7b2cab9daefcf0f6d60f0819903dbf93f45e4ffef93f401da428767241da5b78294ddffb8f87773e666df98077e6642fe1e93f80b9fe2036056c501699c07f04dddddddddddddddfff80001befbdb6db55555555555556fbee624a60
91296:0 1005 0 25 d300133ed00103c2293629c3348b69d299092b9418da008a6a
91296:0 1033 0 32 d3001a40900100000530303030300007504e545052465405303030303037f85e
91296:0 1230 0 14 d300084ce0010a00000000464ff4
91296:0 1074 0 250 d300f4432001798725220024f020006980000000204101007e7fffff7a7a9a6a624a52222234703f9291264cf1cd6ca77a4cbc9e093c0279c2b285980c4c1a6c3528632e6a0cf0f9dd333087e7115a23283fb67c4d175a2df3d9fe3afc75f8ebf1d7dacfb09f648fa81fd63fd47ab822c880869ec21a7b08604c114ac0402ac1442904da181368a04cdf3c9010f218c3c8633f210980c6830305740c15d03062fcc3aff32307cc8c1f327cbfc755ff1d77fc75dff1d7bfbd6dfefaeffbec20f10d03be0a0ef8383be19ddddddddddddddddddddddddddddddddd000000004d34d34d35555555555555555555555556fbefbefbef6db6da935b98
91296:0 1094 0 151 d30091446001798725220024a184002200000000200101007fffea69ea2b6b0a478fed657f6033cdd4bba5af4aada13b3136561170218e42cb8f272dee5e3a95350569ff2a5a538ca687e0095f97777e6965ed34cfb8a47ee4f184969a11be08474c3ee0b5fadfa7eb0587a9b7feadfa7ac07e17b6c064c44195c4fffffff777ffffffff800016db6db6db6db6cd34d55555b6da641ee0
91296:0 1124 0 151 d3009146400179864a6000248000062008240000200001017fffe92989ea0a4906bbc87cb4574c84431486090c52f8e5e30be0f050e23dc17889a93902277be5b95e6fb0fd07f58ff5b04330210cee0432fe1715585c36e1716dfbac81ee085fbfaa812451047804124267c5533f0e61fc56d7fc6b9ff2971feef9dddddddddddddddfff80001befbdb6db55555555555556fbee796d1c
91587:0 1005 0 25 d300133ed00103c2293629c3348b69d299092b9418da008a6a
91587:0 1033 0 32 d3001a40900100000530303030300007504e545052465405303030303037f85e
91587:0 1230 0 14 d300084ce0010a00000000464ff4
91587:0 1074 0 250 d300f4432001798773420024f020006980000000204101007e7fffff7a7a9a6a624a52222234764311517e5aebcdac878269bcd809b01361dcdcf9ed85ed0dae1bac30302a2070e0dd01300d681c5039106b81cce3b8676f8e5d8ede1dbc3b7876f036d068c0d504ce0a23146e23ec3148a0c09f4302790c0057e2988f855d80784d01aaa806aaa019e74010440019b80066e0011c01775e05d0f01744005d244365550daa2c36a8f0daf181dbe8076fbc1dbef076fc4075bb01dc400770c043730107aa041ea8107b5dddddddddddddd0000ddddddddddddddd000000004d34d34d35555555555555555555555556fbefbefbef6db6da2566bc
91587:0 1094 0 151 d30091446001798773420024a184002200000000200101007fffea69ea2b8b0a479fe76700805bbfa1b73fae7e9c197821303766d8cc61986c5eb0cd219c62d3c5830afd339e6614cb97ad041ecb5efb3903e0f56f87a69e20f879f0b5e726779cedc07fd2815bf004f7502d9080bd4582fd881c5a90775541e008fffffff777ffffffff800016db6db6db6db6cd34d55555b6da74fe34
91587:0 1124 0 151 d300914640017986988000248000062008240000200001017fffe92989ea0a4906abd67835770487f3fbe7dfcfe232a456c8c7feabfef3fae7ea67fa7faa7a22f5d9e8a7ec09d397b1c7f4169fd087ff416210e2584368410e3dff4379fc648ff919ffe5ce7f7e09fe5a57a929de9db97a9443f3ed6fd09f3f6716dddddddddddddddfff80001befbdb6db55555555555556fbee4f0e32
91835:0 1005 0 25 d300133ed00103c2293629c3348b69d299092b9418da008a6a
91835:0 1033 0 32 d3001a40900100000530303030300007504e545052465405303030303037f85e
91835:0 1230 0 14 d300084ce0010a00000000464ff4
91835:0 1074 0 250 d300f44320017988f9e20024f020006980000000204101007e7fffff7a7a9a6a624a5222223496538b1346a2d04f2befa81ae43a6074c0eb2059c0e7eb81d8d7b2035cd1321280c4fcc96ff213e5a7cbbf90deae1d7abaf4756767e7cfcf9f9f3f3e772ce959d670fd6281c52b856009dde022f4408bcd0225a7fe80aff4fdfd2ad4f474cbd1d32f468902202e08596021658085167e0cb9f8265fe099bf827b3d27a4f4b36bd2cdef4b85bcfcf1f3f3e3cfcf8f3f3ebcf651f3de97cf7a2f06617c1363f04d8fc136eddddddddddddddaaaaddddddddddddddd000000004d34d34d35555555555555555555555556fbefbefbef6db6dac550d1
91835:0 1094 0 151 d300914460017988f9e00024a184002200000000200101007fffea69ea2b8b0a47e7c76f06613b7bbff37c1ef77ca8f93ff274142b27064db86888e131c4bd63baa3f53eec65d79bae9fcb433f44617d1d11e573e799a49e68f2054572147958523960929081a58a061d07d6785f60c7fd8b83f8c17fe8f67fa68ffffffff777ffffffff800016db6efbef6db6cd34d55555b6da5735f5
92117:0 1005 0 25 d300133ed00103c2293629c3348b69d299092b9418da008a6a
92117:0 1033 0 32 d3001a40900100000530303030300007504e545052465405303030303037f85e
92117:0 1230 0 14 d300084ce0010a00000000464ff4
92117:0 1074 0 250 d300f4432001798948020024f020006980000000204101007e7fffff7a7a9a6a624a522222349c5709d3a6b0cacf6bcfae44c48e191c323a3ac8b5c56752d077a1473b570eae3a1c6f7854fb36f7edf04fd9f61dbc59f8b330e3fadef5bdeb7bd6f7018dfe3bffc71c8ec01da836601eccd076b001dabc076153d1f92f42e1bca4d6f25cc3c9730f2509bdd97af73eafdcfabf736b7f3113fcb7b7f2dedfcb90bc06faf030d3c0c34f035cff5bdefd6f97f5be5fd6f9be0b21f831dbe0c790685c019b4a066d2819b55ddddddddddddddaaaaddddddddddddddd000000004d34d34d35555555555555555555555556fbefbefbef6db6da9136b9
92117:0 1094 0 151 d30091446001798948020024a184002200000000200101007fffea69ea2b8b0a47f7bf7107a1636d989b2d6e5a0337265cccae6a7ed3aba707367e7d1cfc462c0c351860f9d1f277e457a3f67ea73cfaa88a19e5806b6941b0057ada1feacc0fab843e2e657814e3dfda4863024192ee065431ff790803d60012127ffffff777ffffffff800016db6efbef6db6cd34d55555b6da8cff63
92117:0 1124 0 151 d3009146400179886d4000248000062008240000200001017fffe92989ea0a49063c2a5dbbf54c903c6878b8f1ae7a1ce579e51b40381c6d3c53c8cd414fe023c1da80ab1b7c32786f903c8520f24203c84ff31bd7cc4c7f31d70668a618f9286b6d40b89a82c9320b86f80937e01df30095280ba6482f81c0e2a46666666666666667ff80001befbdb6db55555555555556fbee15191d
92395:0 1005 0 25 d300133ed00103c2293629c3348b69d299092b9418da008a6a
92395:0 1033 0 32 d3001a40900100000530303030300007504e545052465405303030303037f85e
92395:0 1230 0 14 d300084ce0010a00000000464ff4
92395:0 1094 0 151 d30091446001798996200024a184002200000000200101007fffea69ea2b8b0a47ffb97288c1935e7340e2b9c4a1c9038086f580f8009e00e80418184032df0bbdf4fbde07f00eb41cd07e9de211db0853040e74983da580f8f60078900145d0056b5fc9a3fe81ddf98e37f0fbffcad47f33ca06894820170083167ffffff777ffffffff800016db6efbef6db6cd34d55555b6dab6f867
92844:0 1005 0 25 d300133ed00103c2293629c3348b69d299092b9418da008a6a
92844:0 1033 0 32 d3001a40900100000530303030300007504e545052465405303030303037f85e
92844:0 1230 0 14 d300084ce0010a00000000464ff4
92844:0 1094 0 151 d300914460017989e4400024a184002200000000200101007fffea69ea2b8b0a480fb37409e1c3504fdc9be937105ea0abc14c17992de05b6cd169b2f36818026fe1dfb916c22c5858185b38e18446861cb203214010582043c08620cc17e6c05fef21644e84ec881338e78066de0880782a780df2c83dbce0f9adfffffff777ffffffff800016db6efbef6db6cd34d55555b6da31dc20
93594:0 1005 0 25 d300133ed00103c2293629c3348b69d299092b9418da008a6a
93594:0 1033 0 32 d3001a40900100000530303030300007504e545052465405303030303037f85e
93594:0 1230 0 14 d300084ce0010a00000000464ff4
93594:0 1094 0 151 d30091446001798acea20024a184002200000000200101007fffea69ea2b8b0a483fa1790d824329f163def7bd2c35985930a69c67377e6eab37d67ffd022370c6bf0d74c7678d9f1aa7fcbdc00a5b803509e1d9ef8b3dfe2f590754301cb40873241e3090781cc9dff978374860e3fc039863e645d79f0b9e7ee97ffffff777ffffffff800016db6efbef6db6cd34d55555b6dae8f1d0
93594:0 1124 0 151 d300914640017989f3e000248000062008240000200001017fffe92989ea0a4905e470484173e49bfc1ff827f07c981922725d70d6e33fc39b86af335e1b988d72ace251f44fe427d2e7fc317ff0e77fc313e403778fde3e4052fbd157eea09fc1f7df1dacfc5c61f1d83f8fee3e38f8790089f80c17e1135fa901e666666666666667ff80001befbdb6db55555555555556fbee61e30e
93965:0 1005 0 25 d300133ed00103c2293629c3348b69d299092b9418da008a6a
93965:0 1033 0 32 d3001a40900100000530303030300007504e545052465405303030303037f85e
93965:0 1230 0 14 d300084ce0010a00000000464ff4
93965:0 1094 0 151 d30091446001798b1cc00024a184002200000000200101007fffea69ea2b8b0a484f997b0ea2731bd5c3a7c74eb2d985a14b3773a5e5f9cba004081860333cc4b96672c3d903b0d76117e123df9bf5fe7b6e16fd085fcc218195fd239ff3f1cfd01b1fc8ec7e7e1bf97eafcc77bf38ac7ceb1def1357c2419f0bbffffffff777ffffffff800016db6efbef6db6cd34d55555b6dab9c0bf
94235:0 1005 0 25 d300133ed00103c2293629c3348b69d299092b9418da008a6a
94235:0 1033 0 32 d3001a40900100000530303030300007504e545052465405303030303037f85e
94235:0 1230 0 14 d300084ce0010a00000000464ff4
94235:0 1094 0 151 d30091446001798c55420024a184002200000000200101007fffea69ea2b8b0a48878181936322e27ad8f1f1e31d907b0ef612122422f8459f31ae73ace9a2f585c80b86266a4ba496a8863c02305688ccf5ecb32fb6a4bedcf784c37c1271404a18fe242d77eb1fdf32b82f8480c4e0031bec15c7405d114176fefffffff777ffffffff800016db6efbef6db6cd34d55555b6daefc639
94235:0 1124 0 151 d30091464001798b7a8000248000062008240000200001017fffe92989ea0a49058cb43246d274a5e5c3cb6f9703d027928f3d8e2c1dea38f0e4d9efa39421a844e206bde679c8779b87e5d53f9776fe5d501dc51876e4c1dc6c8326d60bf6a0374fe1da02874db81d9d98219d607fb5021b7df120f7c566df3a4feeeeeeeeeeeeeeefff80001befbdb6db55555555555556fbee57e8c8
94535:0 1005 0 25 d300133ed00103c2293629c3348b69d299092b9418da008a6a
94535:0 1033 0 32 d3001a40900100000530303030300007504e545052465405303030303037f85e
94535:0 1230 0 14 d300084ce0010a00000000464ff4
94535:0 1094 0 151 d30091446001798cf1800024a184002200000000200101007fffea69ea2b8b0a48a7738515a37ac85910ae515bf30225f20bd882500350064cc6a19d833d66978d0c9a10d151a1774250647601a94586b0b018412064de4195d900ce68029ce80ac7814e1a0492e211d1a869a301ad5086bda9eb3a4fb2dc9ece2b7ffffff777ffffffff800016db6efbef6db6cd34d55555b6daf0b4a9
94823:0 1005 0 25 d300133ed00103c2293629c3348b69d299092b9418da008a6a
94823:0 1033 0 32 d3001a40900100000530303030300007504e545052465405303030303037f85e
94823:0 1230 0 14 d300084ce0010a00000000464ff4
94823:0 1094 0 151 d30091446001798d3fa20024a184002200000000200101007fffea69ea2b8b0a48b76d8696e3aaba4b1892612411c0836f06d29aa133f0679390a7318e65608ac0f301dde7d3ce779c50567ec1716885d13a0e34c03cace0f51306e29a1aedb86c0adee2197ae2dfeb11a008d6202a1d80b0dbf67a77dfdd3f822e7ffffff777ffffffff800016db6efbef6db6cd34d55555b6dadaf8ed
94823:0 1124 0 151 d30091464001798c64e000248000062008240000200001017fffe92989ea0a490554de254a319caa52eca5c94bb3e007b28f7d09e4155827cf6546f08d95fddafd477787ea53d02faae85301014c2305300c1e415078d1a1e43082154007b11026367edac4fb509feda9bfe4cc9f8c7afe4e6ff30d4fcd171f59156eeeeeeeeeeeeeefff80001befbdb6db55555555555556fbeed6ab3a
95326:0 1005 0 25 d300133ed00103c2293629c3348b69d299092b9418da008a6a
95326:0 1033 0 32 d3001a40900100000530303030300007504e545052465405303030303037f85e
95326:0 1230 0 14 d300084ce0010a00000000464ff4
95326:0 1074 0 236 d300e6432001798ddbe20024d020006980000000204101007ffffff7a7a62624a5222223cffdbe41e21dd4f28007ee3cdda5bb4b77014b92b3856c4a64930d27f84fa496b8bf8197e33746048197050c0a080be85920b2416482c96bb0d70dae5467c0d811b2a3163d8cdcf5e983d7a5df5df7025450091e0024780091298219fd083bd820ef60832c01465e05091414245050988000ce001b30006cc0020b00b24c02c94c0b25302c957d7ebaf60127d804905e2881724b05c92c1724600000000000000000000000000000000000000134d34d555555555555555555555555befbefbefbdb6db680db4e7d
95326:0 1094 0 151 d30091446001798ddbe20024a184002200000000200101007fffea69ea2b8b0a48d7618a1944029e34fc6620cb9f489e7ebcf18bb816202bef23e6586cb324b6094a928c16e62c985898406a411921847027fa7707edb9ffb94983289c0c05f8306bfe07a67777b3dd64384b7b41349b84dac80e0ac03e2600fb557ffffff777ffffffff800016db6efbef6db6cd34d55555b6da683a13
95326:0 1124 0 151 d30091464001798d012000248000062008240000200001017fffe92989ea0a490534fc1ccc510caff97bf2e7e5ec22f8387088f342e815cd446e190231b95b76387dedf4f1f3df6fc96ff98cdfe6527f98c9e05847812d7e059ffc6cc9f10f37cbaee0ec7483975e0ec4c7be7fdef3487be9a3f6dd1fdc565f96126eeeeeeeeeeeeeefff80001befbdb6db55555555555556fbee94e021
95506:0 1005 0 25 d300133ed00103c2293629c3348b69d299092b9418da008a6a
95506:0 1033 0 32 d3001a40900100000530303030300007504e545052465405303030303037f85e
95506:0 1230 0 14 d300084ce0010a00000000464ff4
95506:0 1094 0 151 d30091446001798ec6420024a184002200000000200101007fffea69ea2b8b0a49074d8f1cc48a76226c41008143b0e7504e9396832bb6571b7df70c6e1b63a0871f0e34e2d9c47f88582dd9e0cee383472e1db9107abda1ed6185db6816d1285b98bebbce7a487de8a7483a2c20ef6f03c61ff40257d6037f5ac8fffffff777ffffffff800016db6efbef6db6cd34d55555b6da786255
95506:0 1124 0 151 d30091464001798deb8000248000062008240000200001017fffe92989ea0a4904fd260fcfb034b47ff4ffd9ffdcdc79abf36ef3a5e8d9cecf0846369c21d81531bbe07004f605741578800802003c88007de61edf98413e6209fc8611f1755fcd42de209af867c5e2073f88777e1b2ff88914005ee8025c802e2d6eeeeeeeeeeeeeefff80001befbdb6db55555555555556fbee6c9f1e
95795:0 1005 0 25 d300133ed00103c2293629c3348b69d299092b9418da008a6a
95795:0 1033 0 32 d3001a40900100000530303030300007504e545052465405303030303037f85e
95795:0 1230 0 14 d300084ce0010a00000000464ff4
95795:0 1074 0 236 d300e6432001798f14620024d020006980000000204101007ffffff7a7a62624a5222223d19c7e9df0985542620f7d5bfbe3f7c7eff9df03da47b9cf001ea13f207df4f361a3735fe6c70d247470eac1d56fa2bec52d8a5b14b6297006dfbbbfb0a5f95482ab85083f70c2fd791bf5e42fd6f0437b170db91c36e470dadb438c840e05f43817d0dfcdc30e410c289c30a270c2917e5c02f98803e6200f98d83d8a5df62993d8a64f62997e0990f82c83e0b2009c62026b3109acc426b2caaaaaaaaaaaaaaaaaaaaaaaaaaaaaaa0000000134d34d555555555555555555555555befbefbefbdb6db6804e8593
95795:0 1094 0 151 d30091446001798f14620024a184002200000000200101007fffea69ea2b8b0a491747911de4ba6820203c68781285c4fa09e7efc1de31bc0c45f09c613b7e1c7c16f823fd91f9eff3382b8d20c5b1032262146048555aa157d57c2abdf00e7fc08de04bd680889e01a7d7e1e87f8e607e41e2015e580b736030897ffffff777ffffffff800016db6efbef6db6cd34d55555b6dad05e5c
95795:0 1124 0 151 d30091464001798e39a000248000062008240000200001017fffe92989ea0a4904ed340b50afe4b65ad8b5996b6d309a5434bf09bb1504272494594ec25227038f989c2a0d50162c36e85ae8416bbe05ae83e8c017a2c5fe8c1c820b8c078b50259aa138c804c87a138a10775dc1d6c907777a048c901313407107eeeeeeeeeeeeeeefff80001befbdb6db55555555555556fbeee1e642
96058:0 1005 0 25 d300133ed00103c2293629c3348b69d299092b9418da008a6a
96058:0 1033 0 32 d3001a40900100000530303030300007504e545052465405303030303037f85e
96058:0 1230 0 14 d300084ce0010a00000000464ff4
96058:0 1074 0 236 d300e6432001798f62820024d020006980000000204101007ffffff7a7a62624a5222223d1fc36b5f496f5525a11127526164c2c98ce12ec423889b09f023e065a0c681046f41e011c09b7a971fce5d7cb9f8f106f60dec1bd837b0250044e08d83c1080a103e1b88214090806382018a07fc27be2e4ef5853bd614ef4ce80001affd44fff513ffcb37daf7ef6ad97dab65f6ae0be0d6ef84db3e136cf853300dee7037bbc0deef037bc0052ca0151680545a03277c0c388030e200c383aaaaaaaaaaaaaaaaaaaaaaaaaaaaaaa0000000134d34d555555555555555555555555befbefbefbdb6db6805781a0
96058:0 1094 0 151 d30091446001798f62820024a184002200000000200101007fffea69ea2b8b0a492741929f24ea5a1fc43bb076a15e62ab454a092510fa21a30d9e2bcc5a18aef13b626c18fe30c460f02b31c0c443831cac0b2588306fa0c4290283ee0973382620fddb2cf6c5f9da9d378b0f9e32fd78d4540f14d8424d810bf1fffffff777ffffffff800016db6efbef6db6cd34d55555b6da4327b0
96058:0 1124 0 151 d30091464001798e87c000248000062008240000200001017fffe92989ea0a4904dd420751cf9cb837686ec0ddad8ffb12f63ce020c1d180bc22206a508965f94d84180116ae28e85c603779e0de0403779debbb5faeb33ebbd1f7a4ffddf11f7f31c0545b8136c805435066ba21943a866d40093b6825cea0bbf5eeeeeeeeeeeeeeefff80001befbdb6db55555555555556fbee66ed19
96355:0 1005 0 25 d300133ed00103c2293629c3348b69d299092b9418da008a6a
96355:0 1033 0 32 d3001a40900100000530303030300007504e545052465405303030303037f85e
96355:0 1230 0 14 d300084ce0010a00000000464ff4
96355:0 1074 0 236 d300e6432001798fb0a20024d020006980000000204101007ffffff7a7a62624a5222223d27be6cdf815956a52136817d159a2b345de4cdcb61971726ee624ce279c032f704e20b52171c279efdce199c31f7e1e1fcc3f987f30fe151529d853ebd4c7b21f66be7e7cc832f2d6dfcb5b3f2cccbc56c1f127c3c49f0f11c5fc7cd6f1c73fc71cff1be240639f017e1805f86017e8fdc986f73e17dcf85f74397c3fa4f0feafc3fabf0feb02ab650ab3d02acf4fcb297f264efc993bf264aaaaaaaaaaaaaaaaaaaaaaaaaaaaaaaa0000000134d34d555555555555555555555555befbefbefbdb6db680a4d85e
96355:0 1094 0 151 d30091446001798fb0a20024a184002200000000200101007fffea69ea2b8b0a49373b94a045124c21583ee07cf03ac06400bbe2b2c41387d3d4f7ba6f776358068d8d11351e6908d1702cc7a0ca9b03360a0208b80bfc60325c78e6ffe2ff878c521f69d47d0097f387a835a180dd44837d741d25787a9001ecfbfffffff777ffffffff800016db6efbef6db6cd34d55555b6da49def5
96355:0 1124 0 151 d30091464001798ed5e000248000062008240000200001017fffe92989ea0a4904cd5002d2ef54ba15ac2b4056bdfabbe877e7f6d6ef3ddb93b19f894ec744f64b7e93f5210e3da885e015bd005710815bcdef10d7bc091ef1297d5275f4a6f7da093f7350fdb29df73298568be15381856a5c0e6b603a8e810ef56eeeeeeeeeeeeeefff80001befbdb6db55555555555556fbee8e53b6
96656:0 1005 0 25 d300133ed00103c2293629c3348b69d299092b9418da008a6a
96656:0 1033 0 32 d3001a40900100000530303030300007504e545052465405303030303037f85e
96656:0 1230 0 14 d300084ce0010a00000000464ff4
96656:0 1074 0 236 d300e6432001798ffec20024d020006980000000204101007ffffff7a7a62624a5222223d2db96e3fb94357a4c157e3ffdabfb57f71e8cdd35fa71346e0a5316842cbc50e9b1a37c26ff8d95ee13de05bbfb6fcfd64fac9f593eb26855d059a0eb7016e8add3fb58bf8d3dfdeb0bf7abefde0f7cd6b2f3278bcc9e2f31c20102ab03de900f7a403d57832a9c0c9a0c326830c9a83d9056f65957d9655f65ed7fac90feb25ffac97feb263d1367f453dbd14f6f66783d9389f64e27d9385bbbbbbbbbbbbbbbbbbbbbbbbbbbbbbb0000000134d34d555555555555555555555555befbefbefbdb6db680fac63b
96656:0 1094 0 151 d30091446001798ffec20024a184002200000000200101007fffea69ea2b8b0a494735962165424024e045e88b1f1b1e24bc3c7c66f77beea09be94862935e17fc0d7810d1f5a2b744d0304ea0d8b7036e7bf90a1fe801dfa2727f53f3fcb357f32140f7cb8338740c6727e19dbf8d35fe3d37eb90a7b43cbed3ae7ffffff777ffffffff800016db6efbef6db6cd34d55555b6da006cc6
96656:0 1124 0 151 d30091464001798f240000248000062008240000200001017fffe92989ca0a4904bd5ffe540f0cbdf5a3eb37d68e709cd439bf0ddc1d4637ab42ceabad0be3fac98710072c70546cb367f5b1ffd6e47f5b1df2c03fcac6bf2c1f8313e60bacb836205e95a77a3bf5e9580046d3e114a1846edc141c505152416a03eeeeeeeeeeeeeeefff80001befbdb6db55555555555556fbeee36c3f
96949:0 1005 0 25 d300133ed00103c2293629c3348b69d299092b9418da008a6a
96949:0 1033 0 32 d3001a40900100000530303030300007504e545052465405303030303037f85e
96949:0 1230 0 14 d300084ce0010a00000000464ff4
96949:0 1074 0 236 d300e643200179909b020024d020006980000000204101007ffffff7a7a6262525222223d3baf710031175a23c18ec25d977b2ef664f1efe5a5cb9b8ff938928f051909a9094b142628b84ae6b80d8e1b1af5b2f557eaafd55faab9046203c40acae896582cda54c7d4a04f4de27d3789f4d413dfb0cf7b8f3dee3cf7ad7c229bb087b2421ec908721c0f0f003b3940ecec03b41bd3e25f510bbd442bf5164beaaeafaabc7eaaf1faabcc211a2084cd4213350a4edc28d600a359028d60bbbbbbbbbbbbbbbbbbbbbbbbbbbbbbb0000000134d34d555555555555555555555555befbefbefbdb6db6802943c0
96949:0 1094 0 151 d3009144600179909b020024a184002200000000200101007fffea69ea2b8b0a49672999a3c59a2431c05fa8be9ce6b9bbf36a7044df37be1828d86230c703dac7940f1e0dc21a5034003d2e410c35843c77e76717a1753e88437c4b81f0918fc29a2011a2ff9fd1fe04903dd560fe148400ba0976282bd0e0b1ff7ffffff777ffffffff800016db6efbef6db6cd34d55555b6dafe4f0e
96949:0 1124 0 151 d30091464001798fc04000248000062008240000200001017fffe92989ca0a49049d7bf5d62e7cc3baa37536ea8f7e5eefbdf5fcd8fb41f39c6a38fa71a9a21a05c60884c63b88031a97bab23eeae57bab1ffb2da7ec7affb2f67ed305faa917f21200e47d8377480e455028c7e09c71828e1de101b784e7be385b6eeeeeeeeeeeeeefff80001befbdb6db55555555555556fbee7af729
97236:0 1005 0 25 d300133ed00103c2293629c3348b69d299092b9418da008a6a
97236:0 1033 0 32 d3001a40900100000530303030300007504e545052465405303030303037f85e
97236:0 1230 0 14 d300084ce0010a00000000464ff4
97236:0 1074 0 236 d300e6432001799185620024d020006980000000204101007ffffff7a7a6262525222223d4fa07560e0d55da261ef4f0eb0dd61baca027c06bc0dc8145837d08d811601a3130327964f9898a6a2cd637ac5f5088c1c1838307060e0fcc1f483ecb9fd7482e92fcd6fe6365f943abe50eaf9399400c96ffff1bfffc6fff3a00284d00756c01d5b006c64227f4088fa4223f008902bd1390f46667d1995f46bf0183a7060eb8183ae060ec02026f08100820402f963bfe5298f94a73e5297bbbbbbbbbbbbbbbbbbbbbbbbbbbbbbb0000000134d34d555555555555555555555555befbefbefbdb6db680ec42d4
97236:0 1094 0 151 d30091446001799185620024a184002200000000200101007fffea69ea2b8b0a4997159ea74621fc53a0a3694611b4435706a17f3afd23f9f07981039209a5294a309457ecc5d853b0085f0d4193b1865a660dd4a03b2b60ef1c00090dff87bffe72e0b2fc022536081a2852bb0151aa854f13f8f6cfe9d39faa097ffffff777ffffffff800016db6efbef6db6cd34d55555b6dae597b6
97236:0 1124 0 151 d300914640017990aaa000248000062008240000200001017fffe92989ca0a490465a5e8d98da4c86edcdda9bb716722c1459905ac0ce816eb31f689ecc87f810093fe1ff479e47fd3886eee41bbd606eee20a73b8299320a7578107fc037cf015619e73e879b4f3e73bffff34bff6257ff4e9f8205fe1625faa45eeeeeeeeeeeeeeefff80001befbdb6db55555555555556fbee593956
97516:0 1005 0 25 d300133ed00103c2293629c3348b69d299092b9418da008a6a
97516:0 1033 0 32 d3001a40900100000530303030300007504e545052465405303030303037f85e
97516:0 1230 0 14 d300084ce0010a00000000464ff4
97516:0 1074 0 236 d300e64320017991d3820024d020006980000000204101007ffffff7a7a6262525222223d559b76e120bf5f220208e411dae3b5c77288c3134a26e8469e95fd49fa8eb494ecc3db15b697669ea68d6afad4f526e9cbd397a72f4e5e5f0cb9197574ade9e2d3efa2ec18d8005ec1017b0405e1fc0d57d0322b00c8ac03173fce491f3667fcd99ff35d77d5fdff56f53d5bdbf56fd7d1b1df4849bd2122f48a27d3984f4e62fd398bf4e637cc6e5f321e3cc878f413cfcfe9cf3fa83cfe9bbbbbbbbbbbbbbbbbbbbbbbbbbbbbbbb0000000134d34d555555555555555555555555befbefbefbdb6db68047fc8f
97516:0 1094 0 151 d300914460017991d3820024a184002200000000200101007fffea69ea2b8b0a49a70fa0288651ee62c8c1c182c0ab2144827c19db3266647b3e5e8d3d1d007040bf01740dda1a7c34606e38a1d05f074d1a058ae81a04a06a8106b1601a290068f81e3ca6784bdfe0b4c8072d80237500963c0982002c0040b2bcfffffff777ffffffff800016db6efbef6db6cd34d55555b6da8b9063
97516:0 1124 0 151 d300914640017990f8c000248000062008240000200001017fffe92989ca0a490455b3e45a8d5cca5900b1f16402208434087e9e943eb67a88cd31c063357eb27ef67ae405e607581938591361646a859134103ee840bfe1040a8741d81c646078ff41aa69068ef61aa407f2493fc276ff263000d6f0043ca035af6eeeeeeeeeeeeeefff80001befbdb6db55555555555556fbeec4391f
97826:0 1005 0 25 d300133ed00103c2293629c3348b69d299092b9418da008a6a
97826:0 1033 0 32 d3001a40900100000530303030300007504e545052465405303030303037f85e
97826:0 1230 0 14 d300084ce0010a00000000464ff4
97826:0 1074 0 236 d300e6432001799221a20024d020006980000000204101007ffffff7a7a6262525222223d5d96784158a960218226818d15da2bb45e0f6c209c41887be0f8a20f241947a987180fc01fec394eafad7d3af9756f87db0fb61f6c3edfc8ff8cff1d0f871f963f5679bfcc866f2d7afcb5ebf2cd981aa9806771c19dc7066ba81a9e3067bc819ef20672bc0aa8f029a100a68b029a97d2d56f4cd7fd335bf4d3080fb8203ee240fb8903ee2bf9ac0fe714ff9c530eedb43b5150ed4643b515ccccccccccccccccccccccccccccccc0000000134d34d555555555555555555555555befbefbefbdb6db6805cbd68
97826:0 1094 0 151 d30091446001799221a20024a184002200000000200101007fffea69ea2b8b0a49b709a229a681e073e4e3f9c72fa5bf39fe66f4a4e7f9cf9c02d016202efbce377aeeeb2fa65e18bb907f544214cd885ed5fd5f77f956dfe7c9fd639df4f1ffd41bffc58ffe6f83f94367bd07fefade7bf3e01a68286f98e1c11f7ffffff777ffffffff800016db6efbef6db6cd34d55555b6da2e970a
97826:0 1124 0 151 d30091464001799146e000248000062008240000200001017fffe92989ca0a490445c1e05bad14cc44dc89a91372e565be4b9277c9f11ddf5c6a40faa1a9ddeabd65f7c618542c3462f844eb4113c7844eb21661785942c166347d907bf5a11fdde940e43d0375ca0e4157e5de1f90e3fe5f7c0a0dc8291700c91d6eeeeeeeeeeeeeefff80001befbdb6db55555555555556fbee5cdc9e
98106:0 1005 0 25 d300133ed00103c2293629c3348b69d299092b9418da008a6a
98106:0 1033 0 32 d3001a40900100000530303030300007504e545052465405303030303037f85e
98106:0 1230 0 14 d300084ce0010a00000000464ff4
98106:0 1074 0 236 d300e64320017992bde20024d020006980000000204101007ffffff7a7a6262525222223d698c7b21d07d62a0a261d5a3bde77bcefe9de33d8c7b68ef99cb73b4c7648e407d85fc9bf9a3ecb6d22dc23b837683851e0a3c147828f6b3dd62bac8c5b90bf9181c2b483708d0d784835e120d6e34379890db2e036cb80da76c34f7c0d122c3448b0d0923f7835fdd0a7f7431fdd12bd7256f5e17fd785bf5e70c0a3d7028f780a3de028f83d708ef5c887d7221051f4c1417c0506001417bccccccccccccccccccccccccccccccc0000000134d34d555555555555555555555555befbefbefbdb6db68010ec77
98106:0 1094 0 151 d300914460017992bde20024a184002200000000200101007fffea69ea2b8b0a49defda5ac06d9c79bef340e674da63b3af668eaadd409a7c38a9f25ce4e02ccc5778ae5f563e98fd287a75bfeb4ec7adf51ed635fb9667ee8087ae5d7eafae7ac3f9ed52b7aadf1ea3d182cf260ba8882f28bfd459ffb0ebfeef67ffffff777ffffffff800016db6efbef6db6cd34d55555b6da6b85bb
98106:0 1124 0 151 d300914640017991e32000248000062008240000200001017fffe92989ca0a490425dfd7ddec84d221a8434086ac907914323e6b2ad7dface3a91f785ea53c72fa7671e7c0377bfb027821b8a086fc821b89e3b8df8ea05e3baa7a68bfe90237ab6d9f61eafd6c81f61c2fce627f32f57ce7c3ddfe4f78d8fe08256eeeeeeeeeeeeeefff80001befbdb6db55555555555556fbee0d37c6
98416:0 1005 0 25 d300133ed00103c2293629c3348b69d299092b9418da008a6a
98416:0 1033 0 32 d3001a40900100000530303030300007504e545052465405303030303037f85e
98416:0 1230 0 14 d300084ce0010a00000000464ff4
98416:0 1074 0 236 d300e643200179930c020024d020006980000000204101007ffffff7a7a6262525222223d7187fca20867642022878c3f2b3e567cb3e5b2cd2b9aa72e103b9095012501c1199d34c869fccd6eeb8df51be8f74ee451c8a39147228834d064a0cc811082a8057a0607eddc7fb2d33ecb4cfb231fc7368f19a5fc6697f18ee802fbb009324024c9008a1c2fb1c0bdc442f7180bdccbda527f6acbfdab2cf6b24fc8a2af228cbc8a32f228cc0728401d05c074170076ec01764005d9c01763ccccccccccccccccccccccccccccccc0000000134d34d555555555555555555555555befbefbefbdb6db680c96802
98416:0 1094 0 151 d3009144600179930c020024a184002200000000200101007fffea69ea2b8b0a49eef7a72d2709b9b2db61e6c2fcac1946b28005ed0a8814c04df0ac615b7e6dbcb9f96919503168623fbe477f1099fc4e07e592af9a23be6afc81b5d8063ae0193f805bd300c89002a79fe701bfa2c57e937c0f3cc842eb610e697ffffff777ffffffff800016db6efbef6db6cd34d55555b6da03ef4d
98416:0 1124 0 151 d300914640017992314000248000062008240000200001017fffe92989ca0a490415edd35f0c3cd4129c25284a7d76bae0f5d705530c3015874b06bc2d2cdbc27915ef25d5a9a6df584012adc04ad1012ad9eaeb47ab69feaed080f322032bb81413bea5bf7a7bd3ea597fc35aff06d77c374be8b77fa3bdbeb3b7eeeeeeeeeeeeeeefff80001befbdb6db55555555555556fbee4e0f6a
98708:0 1005 0 25 d300133ed00103c2293629c3348b69d299092b9418da008a6a
98708:0 1033 0 32 d3001a40900100000530303030300007504e545052465405303030303037f85e
98708:0 1230 0 14 d300084ce0010a00000000464ff4
98708:0 1074 0 236 d300e643200179935a220024d020006980000000204101007ffffff7a7a6262525222223d7782fe224851651fa2a14b32a925524aabede3dd8dbb6b6f9eb02d7e3af77565f64aee23dcb3b2d70a6e32bc64784583e407c80f901f21bd7375e6ef7c9279abf383e21025bc509252424949091b17d798df5b2f7d6cbdf5a77fd18ecf437ebd0dfaf42ee3e90b9fa32bbe8cb5fa333bde2d8f7a387de8ddf7a91407c9601f27407c9d01f27c383d60e15a83856afbf88bef7cbfbdf3bef7caccccccccccccccccccccccccccccccc0000000134d34d5555555555555354415455533a2070706c3d537563636573
98708:0 1094 0 151 d3009144600179935a220024a184002200000000200101007fffea69ea2b8b0a49feefa92e6739abcbb7939f2663b5c75a0ea76155c159825f10e6325c673a253428e8473df67ab4f4d7d7239f740a7ddbc81de0887b5b01efdaf88fc7e1a2a786de9de1bcf6e039db0637a2787e90a0fa4aea218fa88c37023397fffffff777ffffffff800016db6efbef6db6cd34d55555b6dab6b101
98945:0 1005 0 25 d300133ed00103c2293629c3348b69d299092b9418da008a6a
98945:0 1033 0 32 d3001a40900100000530303030300007504e545052465405303030303037f85e
98945:0 1230 0 14 d300084ce0010a00000000464ff4
98945:0 1094 0 151 d300914460017993f6620024a184002200000000200101007fffea69ea2b8b0a4a1ee3ac30a79190033c02a00481d4a397c722189c2fe65f7895a13bd27a21d7038c070e0964119022880ea96052220154260ed6f83f34c0ff4186617418e95863f960eb3983062a0b9e001d96007d1701fcc40746e82313e08f0b7ffffff777ffffffff800016db6efbef6db6cd34d55555b6da90c4d2
98945:0 1124 0 151 d3009146400179931ba000248000062008240000200001017fffe92989ca0a4903e617c6624b64dbefbbdf67bee06cc0cd01af95b42cf257083ab09b80eb79deb54e67961c06339871bfefc9ffbf427efc9c029cb80a2fc029e8050b44138c485595e0851601f92e084ee7a51ffe8deb7a539a0be630307880e6a3f777777777777777ff80001befbdb6db55555555555556fbee3698b0
99045:0 1005 0 25 d300133ed00103c2293629c3348b69d299092b9418da008a6a
99045:0 1033 0 32 d3001a40900100000530303030300007504e545052465405303030303037f85e
99045:0 1230 0 14 d300084ce0010a00000000464ff4
99045:0 1124 0 151 d30091464001799369c000248000062008240000200001017fffe92989ca0a4903d625c2636b1cdde787cef79e118022f3c5fd7120e3cdc4bfe667f85f9a994cb429e54e357e6684d79fe792df9e65fe792a0b35f02c92e0b37c7be677eef92fc3497fd62d7f4041fd615f9bffbe696bf9c19c18a1586364c1b2567777777770007777ff80001befbdb6db55555555555556fbee2b86c0
99305:0 1005 0 25 d300133ed00103c2293629c3348b69d299092b9418da008a6a
99305:0 1033 0 32 d3001a40900100000530303030300007504e545052465405303030303037f85e
99305:0 1230 0 14 d300084ce0010a00000000464ff4
99305:0 1124 0 151 d300914640017993b7e000248000062008240000200001017fffe92989ca0a4903c633bde48ad4e1e103c1f784029e85304a768cde1b4633b390974cbe4338c273156325cff79b77417fe111bf84617e11181428b8505e0142a802d5cc0ab680323eff2a84fc919ff2a6cf935cbe46dff9376de5dcef9852fe860f7777777774447777ff80001befbdb6db55555555555556fbeef04095
99774:0 1005 0 25 d300133ed00103c2293629c3348b69d299092b9418da008a6a
99774:0 1033 0 32 d3001a40900100000530303030300007504e545052465405303030303037f85e
99774:0 1230 0 14 d300084ce0010a00000000464ff4
99774:0 1124 0 151 d300914640017994542000248000062008240000200001017fffe92989ca0a4903a651b566aa3ce5d923b237648cfcd9ed33ef854b0c221568e9d1ff33a847c5511a9f3007e40b50213fd9319f64e0fd9317e71aff9c271e71cc80f13603243013f581dd0e875bc81dcf708389220791883a3401d4c8083260458d7777777774ccf777ff80001befbdb6db55555555555556fbee8f1422
100294:0 1005 0 25 d300133ed00103c2293629c3348b69d299092b9418da008a6a
100294:0 1033 0 32 d3001a40900100000530303030300007504e545052465405303030303037f85e
100294:0 1230 0 14 d300084ce0010a00000000464ff4
100294:0 1124 0 151 d300914640017994a24000248000062008240000200001017fffe92989ca0a4903965fb167c9f4e7d7c7af7f5f1e3cbc6cf8ef61fcc583882898e95d6264a75250349d64255e4644971fd7d31f5f66fd7d2ff11a6fc424df11c3f81d59dfd4b786b7a13b3b04d47813b2387c5941ead207c7361091184323c131527777777775557777ff80001befbdb6db55555555555556fbee2e68d4
100775:0 1005 0 25 d300133ed00103c2293629c3348b69d299092b9418da008a6a
100775:0 1033 0 32 d3001a40900100000530303030300007504e545052465405303030303037f85e
100775:0 1230 0 14 d300084ce0010a00000000464ff4
100775:0 1124 0 151 d300914640017994f06000248000062008240000200001017fffe92989ca0a4903866dace8e9acebd81fb02f607f87df033e1bfefeff87fc3049a0bed12786e70f5e1bb8c3d783371107d82b5f60c77d82b1fb735fed889fb752ff5dbdfcd647fabdc09caf825a4c09c98075a641d006875c09dfcd8780157e2518f777777775557777ff80001befbdb6db55555555555556fbeeed74f0
101365:0 1005 0 25 d300133ed00103c2293629c3348b69d299092b9418da008a6a
101365:0 1033 0 32 d3001a40900100000530303030300007504e545052465405303030303037f85e
101365:0 1230 0 14 d300084ce0010a00000000464ff4
101365:0 1124 0 151 d3009146400179958ca000248000062008240000200001017fffe92989ca0a49036689a46b291cefddf3bbd777c23f847288faf9f4f573e80bafff8b8ec0e6280de018bc03c8031810cfde00df781dfde00a11318044812113357e1b69f7ccf7e698bf695bfd8cfbf6943869b6e1a049069d13ffc6b7fffa2024abf777777775ddf777ff80001befbdb6db55555555555556fbeea73b7d
101843:0 1005 0 25 d300133ed00103c2293629c3348b69d299092b9418da008a6a
101843:0 1033 0 32 d3001a40900100000530303030300007504e545052465405303030303037f85e
101843:0 1230 0 14 d300084ce0010a00000000464ff4
101843:0 1124 0 151 d300914640017995dac000248000062008240000200001017fffe92989ca0a490356979fec48d4f1e373c6cf8dc3ac474c0ead97e9315c5fe36596f6cd9745d44d38976d2542460c96afe37ebf8e14fe37e81c96c8721621c9890598b415c2205e6d5ed4937b39d9ed47b0647b018b5986495410834842ec6130757777777775ddf777ff80001befbdb6db55555555555556fbee25c9f3
102284:0 1005 0 25 d300133ed00103c2293629c3348b69d299092b9418da008a6a
102284:0 1033 0 32 d3001a40900100000530303030300007504e545052465405303030303037f85e
102284:0 1230 0 14 d300084ce0010a00000000464ff4
102284:0 1124 0 151 d30091464001799628e000248000062008240000200001017fffe92989ca0a490346a79bed688cf5eaa7d53faa9d241a3bb48cf630edebd8fb1cd6653c7425888ca1163dc7bd8aff2097eab43faaeb7eab41e8556fa110de85737d2a65f408e7d7885e430978f3b1e42f105fbd21786185fd75e1bfd787debe443df777777775ddf777ff80001befbdb6db55555555555556fbee3c83b9
102769:0 1005 0 25 d300133ed00103c2293629c3348b69d299092b9418da008a6a
102769:0 1033 0 32 d3001a40900100000530303030300007504e545052465405303030303037f85e
102769:0 1230 0 14 d300084ce0010a00000000464ff4
102769:0 1124 0 151 d300914640017996c52000248000062008240000200001017fffe92989ca0a490326c3936f87fcf9fe3bfc67f8e035205dc0d173b2e8efcf0090214bd24185084ba1143d0fac1ae0405ffe479ff938ffe47600de980335800e06fc8ac9f18a77cd8e8129ab048e3812993057bc81585f057d6a05b8a017c1e083caf777777775ddf777ff80001befbdb6db55555555555556fbeee4239e
